# Blender v2.80 (sub 75) OBJ File: 'SwordModelv3.blend'
# www.blender.org
mtllib SwordModel.mtl
o Cylinder_Cylinder.001
v 0.000000 -0.500000 -1.000000
v 0.000000 0.500000 -1.000000
v 0.049068 -0.500000 -0.998795
v 0.049068 0.500000 -0.998795
v 0.098017 -0.500000 -0.995185
v 0.098017 0.500000 -0.995185
v 0.146730 -0.500000 -0.989177
v 0.146730 0.500000 -0.989177
v 0.195090 -0.500000 -0.980785
v 0.195090 0.500000 -0.980785
v 0.242980 -0.500000 -0.970031
v 0.242980 0.500000 -0.970031
v 0.290285 -0.500000 -0.956940
v 0.290285 0.500000 -0.956940
v 0.336890 -0.500000 -0.941544
v 0.336890 0.500000 -0.941544
v 0.382683 -0.500000 -0.923880
v 0.382683 0.500000 -0.923880
v 0.427555 -0.500000 -0.903989
v 0.427555 0.500000 -0.903989
v 0.471397 -0.500000 -0.881921
v 0.471397 0.500000 -0.881921
v 0.514103 -0.500000 -0.857729
v 0.514103 0.500000 -0.857729
v 0.555570 -0.500000 -0.831470
v 0.555570 0.500000 -0.831470
v 0.595699 -0.500000 -0.803208
v 0.595699 0.500000 -0.803208
v 0.634393 -0.500000 -0.773010
v 0.634393 0.500000 -0.773010
v 0.671559 -0.500000 -0.740951
v 0.671559 0.500000 -0.740951
v 0.707107 -0.500000 -0.707107
v 0.707107 0.500000 -0.707107
v 0.740951 -0.500000 -0.671559
v 0.740951 0.500000 -0.671559
v 0.773011 -0.500000 -0.634393
v 0.773011 0.500000 -0.634393
v 0.803208 -0.500000 -0.595699
v 0.803208 0.500000 -0.595699
v 0.831470 -0.500000 -0.555570
v 0.831470 0.500000 -0.555570
v 0.857729 -0.500000 -0.514103
v 0.857729 0.500000 -0.514103
v 0.881921 -0.500000 -0.471397
v 0.881921 0.500000 -0.471397
v 0.903989 -0.500000 -0.427555
v 0.903989 0.500000 -0.427555
v 0.923880 -0.500000 -0.382683
v 0.923880 0.500000 -0.382683
v 0.941544 -0.500000 -0.336890
v 0.941544 0.500000 -0.336890
v 0.956940 -0.500000 -0.290284
v 0.956940 0.500000 -0.290284
v 0.970031 -0.500000 -0.242980
v 0.970031 0.500000 -0.242980
v 0.980785 -0.500000 -0.195090
v 0.980785 0.500000 -0.195090
v 0.989177 -0.500000 -0.146730
v 0.989177 0.500000 -0.146730
v 0.995185 -0.500000 -0.098017
v 0.995185 0.500000 -0.098017
v 0.998795 -0.500000 -0.049067
v 0.998795 0.500000 -0.049067
v 1.000000 -0.500000 0.000000
v 1.000000 0.500000 0.000000
v 0.998795 -0.500000 0.049068
v 0.998795 0.500000 0.049068
v 0.995185 -0.500000 0.098018
v 0.995185 0.500000 0.098018
v 0.989176 -0.500000 0.146731
v 0.989176 0.500000 0.146731
v 0.980785 -0.500000 0.195091
v 0.980785 0.500000 0.195091
v 0.970031 -0.500000 0.242981
v 0.970031 0.500000 0.242981
v 0.956940 -0.500000 0.290285
v 0.956940 0.500000 0.290285
v 0.941544 -0.500000 0.336890
v 0.941544 0.500000 0.336890
v 0.923879 -0.500000 0.382684
v 0.923879 0.500000 0.382684
v 0.903989 -0.500000 0.427556
v 0.903989 0.500000 0.427556
v 0.881921 -0.500000 0.471397
v 0.881921 0.500000 0.471397
v 0.857728 -0.500000 0.514103
v 0.857728 0.500000 0.514103
v 0.831470 -0.500000 0.555570
v 0.831470 0.500000 0.555570
v 0.803208 -0.500000 0.595699
v 0.803208 0.500000 0.595699
v 0.773010 -0.500000 0.634393
v 0.773010 0.500000 0.634393
v 0.740951 -0.500000 0.671559
v 0.740951 0.500000 0.671559
v 0.707107 -0.500000 0.707107
v 0.707107 0.500000 0.707107
v 0.671559 -0.500000 0.740951
v 0.671559 0.500000 0.740951
v 0.634394 -0.500000 0.773010
v 0.634394 0.500000 0.773010
v 0.595700 -0.500000 0.803207
v 0.595700 0.500000 0.803207
v 0.555571 -0.500000 0.831469
v 0.555571 0.500000 0.831469
v 0.514103 -0.500000 0.857728
v 0.514103 0.500000 0.857728
v 0.471397 -0.500000 0.881921
v 0.471397 0.500000 0.881921
v 0.427556 -0.500000 0.903989
v 0.427556 0.500000 0.903989
v 0.382684 -0.500000 0.923879
v 0.382684 0.500000 0.923879
v 0.336891 -0.500000 0.941544
v 0.336891 0.500000 0.941544
v 0.290286 -0.500000 0.956940
v 0.290286 0.500000 0.956940
v 0.242981 -0.500000 0.970031
v 0.242981 0.500000 0.970031
v 0.195092 -0.500000 0.980785
v 0.195092 0.500000 0.980785
v 0.146732 -0.500000 0.989176
v 0.146732 0.500000 0.989176
v 0.098019 -0.500000 0.995185
v 0.098019 0.500000 0.995185
v 0.049069 -0.500000 0.998795
v 0.049069 0.500000 0.998795
v 0.000002 -0.500000 1.000000
v 0.000002 0.500000 1.000000
v -0.049066 -0.500000 0.998796
v -0.049066 0.500000 0.998796
v -0.098015 -0.500000 0.995185
v -0.098015 0.500000 0.995185
v -0.146728 -0.500000 0.989177
v -0.146728 0.500000 0.989177
v -0.195088 -0.500000 0.980786
v -0.195088 0.500000 0.980786
v -0.242978 -0.500000 0.970032
v -0.242978 0.500000 0.970032
v -0.290282 -0.500000 0.956941
v -0.290282 0.500000 0.956941
v -0.336887 -0.500000 0.941545
v -0.336887 0.500000 0.941545
v -0.382681 -0.500000 0.923881
v -0.382681 0.500000 0.923881
v -0.427553 -0.500000 0.903990
v -0.427553 0.500000 0.903990
v -0.471394 -0.500000 0.881923
v -0.471394 0.500000 0.881923
v -0.514100 -0.500000 0.857730
v -0.514100 0.500000 0.857730
v -0.555568 -0.500000 0.831471
v -0.555568 0.500000 0.831471
v -0.595697 -0.500000 0.803209
v -0.595697 0.500000 0.803209
v -0.634391 -0.500000 0.773012
v -0.634391 0.500000 0.773012
v -0.671557 -0.500000 0.740953
v -0.671557 0.500000 0.740953
v -0.707104 -0.500000 0.707109
v -0.707104 0.500000 0.707109
v -0.740949 -0.500000 0.671562
v -0.740949 0.500000 0.671562
v -0.773008 -0.500000 0.634396
v -0.773008 0.500000 0.634396
v -0.803206 -0.500000 0.595702
v -0.803206 0.500000 0.595702
v -0.831468 -0.500000 0.555573
v -0.831468 0.500000 0.555573
v -0.857727 -0.500000 0.514105
v -0.857727 0.500000 0.514105
v -0.881920 -0.500000 0.471399
v -0.881920 0.500000 0.471399
v -0.903988 -0.500000 0.427557
v -0.903988 0.500000 0.427557
v -0.923879 -0.500000 0.382686
v -0.923879 0.500000 0.382686
v -0.941543 -0.500000 0.336892
v -0.941543 0.500000 0.336892
v -0.956940 -0.500000 0.290287
v -0.956940 0.500000 0.290287
v -0.970031 -0.500000 0.242982
v -0.970031 0.500000 0.242982
v -0.980785 -0.500000 0.195092
v -0.980785 0.500000 0.195092
v -0.989176 -0.500000 0.146732
v -0.989176 0.500000 0.146732
v -0.995185 -0.500000 0.098019
v -0.995185 0.500000 0.098019
v -0.998795 -0.500000 0.049069
v -0.998795 0.500000 0.049069
v -1.000000 -0.500000 0.000001
v -1.000000 0.500000 0.000001
v -0.998796 -0.500000 -0.049066
v -0.998796 0.500000 -0.049066
v -0.995185 -0.500000 -0.098016
v -0.995185 0.500000 -0.098016
v -0.989177 -0.500000 -0.146729
v -0.989177 0.500000 -0.146729
v -0.980785 -0.500000 -0.195089
v -0.980785 0.500000 -0.195089
v -0.970031 -0.500000 -0.242979
v -0.970031 0.500000 -0.242979
v -0.956941 -0.500000 -0.290284
v -0.956941 0.500000 -0.290284
v -0.941544 -0.500000 -0.336889
v -0.941544 0.500000 -0.336889
v -0.923880 -0.500000 -0.382683
v -0.923880 0.500000 -0.382683
v -0.903989 -0.500000 -0.427555
v -0.903989 0.500000 -0.427555
v -0.881921 -0.500000 -0.471397
v -0.881921 0.500000 -0.471397
v -0.857729 -0.500000 -0.514103
v -0.857729 0.500000 -0.514103
v -0.831469 -0.500000 -0.555570
v -0.831469 0.500000 -0.555570
v -0.803207 -0.500000 -0.595700
v -0.803207 0.500000 -0.595700
v -0.773010 -0.500000 -0.634394
v -0.773010 0.500000 -0.634394
v -0.740951 -0.500000 -0.671559
v -0.740951 0.500000 -0.671559
v -0.707106 -0.500000 -0.707107
v -0.707106 0.500000 -0.707107
v -0.671558 -0.500000 -0.740952
v -0.671558 0.500000 -0.740952
v -0.634392 -0.500000 -0.773011
v -0.634392 0.500000 -0.773011
v -0.595698 -0.500000 -0.803208
v -0.595698 0.500000 -0.803208
v -0.555569 -0.500000 -0.831470
v -0.555569 0.500000 -0.831470
v -0.514101 -0.500000 -0.857729
v -0.514101 0.500000 -0.857729
v -0.471395 -0.500000 -0.881922
v -0.471395 0.500000 -0.881922
v -0.427553 -0.500000 -0.903990
v -0.427553 0.500000 -0.903990
v -0.382682 -0.500000 -0.923880
v -0.382682 0.500000 -0.923880
v -0.336888 -0.500000 -0.941545
v -0.336888 0.500000 -0.941545
v -0.290283 -0.500000 -0.956941
v -0.290283 0.500000 -0.956941
v -0.242978 -0.500000 -0.970032
v -0.242978 0.500000 -0.970032
v -0.195088 -0.500000 -0.980786
v -0.195088 0.500000 -0.980786
v -0.146728 -0.500000 -0.989177
v -0.146728 0.500000 -0.989177
v -0.098014 -0.500000 -0.995185
v -0.098014 0.500000 -0.995185
v -0.049065 -0.500000 -0.998796
v -0.049065 0.500000 -0.998796
v -0.000000 -0.500000 -0.749925
v 0.036797 -0.500000 -0.749021
v 0.073505 -0.500000 -0.746314
v 0.110037 -0.500000 -0.741808
v 0.146303 -0.500000 -0.735515
v 0.182217 -0.500000 -0.727450
v 0.217692 -0.500000 -0.717633
v 0.252642 -0.500000 -0.706087
v 0.286984 -0.500000 -0.692840
v 0.320634 -0.500000 -0.677924
v 0.353512 -0.500000 -0.661375
v 0.385538 -0.500000 -0.643232
v 0.416636 -0.500000 -0.623540
v 0.446730 -0.500000 -0.602345
v 0.475747 -0.500000 -0.579700
v 0.503619 -0.500000 -0.555658
v 0.530277 -0.500000 -0.530277
v 0.555658 -0.500000 -0.503618
v 0.579700 -0.500000 -0.475747
v 0.602345 -0.500000 -0.446730
v 0.623540 -0.500000 -0.416636
v 0.643232 -0.500000 -0.385538
v 0.661375 -0.500000 -0.353512
v 0.677924 -0.500000 -0.320634
v 0.692840 -0.500000 -0.286984
v 0.706087 -0.500000 -0.252642
v 0.717633 -0.500000 -0.217691
v 0.727450 -0.500000 -0.182217
v 0.735515 -0.500000 -0.146303
v 0.741808 -0.500000 -0.110037
v 0.746314 -0.500000 -0.073505
v 0.749021 -0.500000 -0.036797
v 0.749925 -0.500000 0.000000
v 0.749021 -0.500000 0.036797
v 0.746314 -0.500000 0.073506
v 0.741808 -0.500000 0.110037
v 0.735515 -0.500000 0.146303
v 0.727450 -0.500000 0.182217
v 0.717633 -0.500000 0.217692
v 0.706087 -0.500000 0.252642
v 0.692840 -0.500000 0.286984
v 0.677924 -0.500000 0.320634
v 0.661374 -0.500000 0.353512
v 0.643232 -0.500000 0.385539
v 0.623540 -0.500000 0.416636
v 0.602345 -0.500000 0.446730
v 0.579700 -0.500000 0.475747
v 0.555658 -0.500000 0.503618
v 0.530277 -0.500000 0.530277
v 0.503619 -0.500000 0.555657
v 0.475747 -0.500000 0.579699
v 0.446730 -0.500000 0.602345
v 0.416636 -0.500000 0.623539
v 0.385539 -0.500000 0.643232
v 0.353513 -0.500000 0.661374
v 0.320635 -0.500000 0.677924
v 0.286984 -0.500000 0.692840
v 0.252643 -0.500000 0.706087
v 0.217693 -0.500000 0.717633
v 0.182218 -0.500000 0.727450
v 0.146304 -0.500000 0.735515
v 0.110038 -0.500000 0.741808
v 0.073507 -0.500000 0.746313
v 0.036798 -0.500000 0.749021
v 0.000001 -0.500000 0.749925
v -0.036796 -0.500000 0.749021
v -0.073504 -0.500000 0.746314
v -0.110035 -0.500000 0.741808
v -0.146301 -0.500000 0.735515
v -0.182215 -0.500000 0.727451
v -0.217690 -0.500000 0.717634
v -0.252640 -0.500000 0.706088
v -0.286982 -0.500000 0.692841
v -0.320632 -0.500000 0.677925
v -0.353510 -0.500000 0.661376
v -0.385536 -0.500000 0.643233
v -0.416634 -0.500000 0.623541
v -0.446728 -0.500000 0.602347
v -0.475745 -0.500000 0.579701
v -0.503617 -0.500000 0.555659
v -0.530275 -0.500000 0.530279
v -0.555656 -0.500000 0.503621
v -0.579698 -0.500000 0.475749
v -0.602344 -0.500000 0.446732
v -0.623538 -0.500000 0.416638
v -0.643231 -0.500000 0.385540
v -0.661373 -0.500000 0.353514
v -0.677923 -0.500000 0.320636
v -0.692839 -0.500000 0.286985
v -0.706087 -0.500000 0.252644
v -0.717633 -0.500000 0.217693
v -0.727450 -0.500000 0.182218
v -0.735515 -0.500000 0.146305
v -0.741808 -0.500000 0.110038
v -0.746313 -0.500000 0.073507
v -0.749021 -0.500000 0.036798
v -0.749925 -0.500000 0.000001
v -0.749021 -0.500000 -0.036796
v -0.746314 -0.500000 -0.073505
v -0.741808 -0.500000 -0.110036
v -0.735515 -0.500000 -0.146303
v -0.727450 -0.500000 -0.182216
v -0.717633 -0.500000 -0.217691
v -0.706087 -0.500000 -0.252642
v -0.692840 -0.500000 -0.286983
v -0.677924 -0.500000 -0.320634
v -0.661375 -0.500000 -0.353512
v -0.643232 -0.500000 -0.385538
v -0.623539 -0.500000 -0.416636
v -0.602345 -0.500000 -0.446730
v -0.579699 -0.500000 -0.475748
v -0.555657 -0.500000 -0.503619
v -0.530276 -0.500000 -0.530277
v -0.503618 -0.500000 -0.555658
v -0.475747 -0.500000 -0.579700
v -0.446729 -0.500000 -0.602346
v -0.416635 -0.500000 -0.623540
v -0.385537 -0.500000 -0.643232
v -0.353511 -0.500000 -0.661375
v -0.320633 -0.500000 -0.677924
v -0.286982 -0.500000 -0.692841
v -0.252641 -0.500000 -0.706088
v -0.217690 -0.500000 -0.717634
v -0.182215 -0.500000 -0.727451
v -0.146301 -0.500000 -0.735515
v -0.110035 -0.500000 -0.741808
v -0.073503 -0.500000 -0.746314
v -0.036795 -0.500000 -0.749021
v -0.000000 -0.750000 -0.749925
v 0.036797 -0.750000 -0.749021
v -0.036795 -0.750000 -0.749021
v 0.073505 -0.750000 -0.746314
v 0.110037 -0.750000 -0.741808
v 0.146303 -0.750000 -0.735515
v 0.182217 -0.750000 -0.727450
v 0.217692 -0.750000 -0.717633
v 0.252642 -0.750000 -0.706087
v 0.286984 -0.750000 -0.692840
v 0.320634 -0.750000 -0.677924
v 0.353512 -0.750000 -0.661375
v 0.385538 -0.750000 -0.643232
v 0.416636 -0.750000 -0.623540
v 0.446730 -0.750000 -0.602345
v 0.475747 -0.750000 -0.579700
v 0.503619 -0.750000 -0.555658
v 0.530277 -0.750000 -0.530277
v 0.555658 -0.750000 -0.503618
v 0.579700 -0.750000 -0.475747
v 0.602345 -0.750000 -0.446730
v 0.623540 -0.750000 -0.416636
v 0.643232 -0.750000 -0.385538
v 0.661375 -0.750000 -0.353512
v 0.677924 -0.750000 -0.320634
v 0.692840 -0.750000 -0.286984
v 0.706087 -0.750000 -0.252642
v 0.717633 -0.750000 -0.217691
v 0.727450 -0.750000 -0.182217
v 0.735515 -0.750000 -0.146303
v 0.741808 -0.750000 -0.110037
v 0.746314 -0.750000 -0.073505
v 0.749021 -0.750000 -0.036797
v 0.749925 -0.750000 0.000000
v 0.749021 -0.750000 0.036797
v 0.746314 -0.750000 0.073506
v 0.741808 -0.750000 0.110037
v 0.735515 -0.750000 0.146303
v 0.727450 -0.750000 0.182217
v 0.717633 -0.750000 0.217692
v 0.706087 -0.750000 0.252642
v 0.692840 -0.750000 0.286984
v 0.677924 -0.750000 0.320634
v 0.661374 -0.750000 0.353512
v 0.643232 -0.750000 0.385539
v 0.623540 -0.750000 0.416636
v 0.602345 -0.750000 0.446730
v 0.579700 -0.750000 0.475747
v 0.555658 -0.750000 0.503618
v 0.530277 -0.750000 0.530277
v 0.503619 -0.750000 0.555657
v 0.475747 -0.750000 0.579699
v 0.446730 -0.750000 0.602345
v 0.416636 -0.750000 0.623539
v 0.385539 -0.750000 0.643232
v 0.353513 -0.750000 0.661374
v 0.320635 -0.750000 0.677924
v 0.286984 -0.750000 0.692840
v 0.252643 -0.750000 0.706087
v 0.217693 -0.750000 0.717633
v 0.182218 -0.750000 0.727450
v 0.146304 -0.750000 0.735515
v 0.110038 -0.750000 0.741808
v 0.073507 -0.750000 0.746313
v 0.036798 -0.750000 0.749021
v 0.000001 -0.750000 0.749925
v -0.036796 -0.750000 0.749021
v -0.073504 -0.750000 0.746314
v -0.110035 -0.750000 0.741808
v -0.146301 -0.750000 0.735515
v -0.182215 -0.750000 0.727451
v -0.217690 -0.750000 0.717634
v -0.252640 -0.750000 0.706088
v -0.286982 -0.750000 0.692841
v -0.320632 -0.750000 0.677925
v -0.353510 -0.750000 0.661376
v -0.385536 -0.750000 0.643233
v -0.416634 -0.750000 0.623541
v -0.446728 -0.750000 0.602347
v -0.475745 -0.750000 0.579701
v -0.503617 -0.750000 0.555659
v -0.530275 -0.750000 0.530279
v -0.555656 -0.750000 0.503621
v -0.579698 -0.750000 0.475749
v -0.602344 -0.750000 0.446732
v -0.623538 -0.750000 0.416638
v -0.643231 -0.750000 0.385540
v -0.661373 -0.750000 0.353514
v -0.677923 -0.750000 0.320636
v -0.692839 -0.750000 0.286985
v -0.706087 -0.750000 0.252644
v -0.717633 -0.750000 0.217693
v -0.727450 -0.750000 0.182218
v -0.735515 -0.750000 0.146305
v -0.741808 -0.750000 0.110038
v -0.746313 -0.750000 0.073507
v -0.749021 -0.750000 0.036798
v -0.749925 -0.750000 0.000001
v -0.749021 -0.750000 -0.036796
v -0.746314 -0.750000 -0.073505
v -0.741808 -0.750000 -0.110036
v -0.735515 -0.750000 -0.146303
v -0.727450 -0.750000 -0.182216
v -0.717633 -0.750000 -0.217691
v -0.706087 -0.750000 -0.252642
v -0.692840 -0.750000 -0.286983
v -0.677924 -0.750000 -0.320634
v -0.661375 -0.750000 -0.353512
v -0.643232 -0.750000 -0.385538
v -0.623539 -0.750000 -0.416636
v -0.602345 -0.750000 -0.446730
v -0.579699 -0.750000 -0.475748
v -0.555657 -0.750000 -0.503619
v -0.530276 -0.750000 -0.530277
v -0.503618 -0.750000 -0.555658
v -0.475747 -0.750000 -0.579700
v -0.446729 -0.750000 -0.602346
v -0.416635 -0.750000 -0.623540
v -0.385537 -0.750000 -0.643232
v -0.353511 -0.750000 -0.661375
v -0.320633 -0.750000 -0.677924
v -0.286982 -0.750000 -0.692841
v -0.252641 -0.750000 -0.706088
v -0.217690 -0.750000 -0.717634
v -0.182215 -0.750000 -0.727451
v -0.146301 -0.750000 -0.735515
v -0.110035 -0.750000 -0.741808
v -0.073503 -0.750000 -0.746314
v -0.000000 -0.750000 -0.997400
v 0.048940 -0.750000 -0.996199
v -0.048937 -0.750000 -0.996199
v 0.097762 -0.750000 -0.992597
v 0.146349 -0.750000 -0.986605
v 0.194583 -0.750000 -0.978235
v 0.242348 -0.750000 -0.967509
v 0.289530 -0.750000 -0.954452
v 0.336014 -0.750000 -0.939096
v 0.381688 -0.750000 -0.921477
v 0.426443 -0.750000 -0.901639
v 0.470171 -0.750000 -0.879628
v 0.512766 -0.750000 -0.855498
v 0.554125 -0.750000 -0.829308
v 0.594150 -0.750000 -0.801119
v 0.632744 -0.750000 -0.771001
v 0.669813 -0.750000 -0.739025
v 0.705268 -0.750000 -0.705268
v 0.739025 -0.750000 -0.669813
v 0.771001 -0.750000 -0.632744
v 0.801119 -0.750000 -0.594150
v 0.829308 -0.750000 -0.554126
v 0.855498 -0.750000 -0.512766
v 0.879628 -0.750000 -0.470171
v 0.901639 -0.750000 -0.426443
v 0.921477 -0.750000 -0.381688
v 0.939096 -0.750000 -0.336014
v 0.954452 -0.750000 -0.289530
v 0.967509 -0.750000 -0.242348
v 0.978235 -0.750000 -0.194583
v 0.986604 -0.750000 -0.146349
v 0.992597 -0.750000 -0.097762
v 0.996198 -0.750000 -0.048940
v 0.997400 -0.750000 0.000000
v 0.996198 -0.750000 0.048940
v 0.992597 -0.750000 0.097763
v 0.986604 -0.750000 0.146349
v 0.978235 -0.750000 0.194583
v 0.967509 -0.750000 0.242349
v 0.954452 -0.750000 0.289530
v 0.939096 -0.750000 0.336014
v 0.921477 -0.750000 0.381689
v 0.901638 -0.750000 0.426444
v 0.879628 -0.750000 0.470171
v 0.855498 -0.750000 0.512766
v 0.829307 -0.750000 0.554126
v 0.801119 -0.750000 0.594150
v 0.771000 -0.750000 0.632744
v 0.739025 -0.750000 0.669813
v 0.705268 -0.750000 0.705268
v 0.669813 -0.750000 0.739024
v 0.632744 -0.750000 0.771000
v 0.594151 -0.750000 0.801119
v 0.554126 -0.750000 0.829307
v 0.512766 -0.750000 0.855498
v 0.470172 -0.750000 0.879628
v 0.426444 -0.750000 0.901638
v 0.381689 -0.750000 0.921477
v 0.336015 -0.750000 0.939095
v 0.289531 -0.750000 0.954452
v 0.242349 -0.750000 0.967509
v 0.194584 -0.750000 0.978235
v 0.146350 -0.750000 0.986604
v 0.097764 -0.750000 0.992597
v 0.048941 -0.750000 0.996198
v 0.000002 -0.750000 0.997400
v -0.048938 -0.750000 0.996198
v -0.097760 -0.750000 0.992597
v -0.146347 -0.750000 0.986605
v -0.194581 -0.750000 0.978236
v -0.242346 -0.750000 0.967510
v -0.289528 -0.750000 0.954453
v -0.336012 -0.750000 0.939097
v -0.381686 -0.750000 0.921478
v -0.426441 -0.750000 0.901640
v -0.470169 -0.750000 0.879629
v -0.512764 -0.750000 0.855500
v -0.554123 -0.750000 0.829309
v -0.594148 -0.750000 0.801121
v -0.632742 -0.750000 0.771002
v -0.669811 -0.750000 0.739027
v -0.705266 -0.750000 0.705271
v -0.739022 -0.750000 0.669815
v -0.770999 -0.750000 0.632746
v -0.801117 -0.750000 0.594153
v -0.829306 -0.750000 0.554128
v -0.855497 -0.750000 0.512768
v -0.879627 -0.750000 0.470174
v -0.901638 -0.750000 0.426446
v -0.921477 -0.750000 0.381691
v -0.939095 -0.750000 0.336016
v -0.954452 -0.750000 0.289532
v -0.967509 -0.750000 0.242350
v -0.978235 -0.750000 0.194585
v -0.986604 -0.750000 0.146351
v -0.992597 -0.750000 0.097764
v -0.996199 -0.750000 0.048941
v -0.997400 -0.750000 0.000001
v -0.996199 -0.750000 -0.048939
v -0.992597 -0.750000 -0.097761
v -0.986605 -0.750000 -0.146348
v -0.978235 -0.750000 -0.194582
v -0.967509 -0.750000 -0.242348
v -0.954453 -0.750000 -0.289529
v -0.939096 -0.750000 -0.336013
v -0.921478 -0.750000 -0.381688
v -0.901639 -0.750000 -0.426443
v -0.879628 -0.750000 -0.470171
v -0.855499 -0.750000 -0.512766
v -0.829308 -0.750000 -0.554126
v -0.801119 -0.750000 -0.594151
v -0.771000 -0.750000 -0.632744
v -0.739024 -0.750000 -0.669813
v -0.705268 -0.750000 -0.705269
v -0.669812 -0.750000 -0.739025
v -0.632743 -0.750000 -0.771001
v -0.594150 -0.750000 -0.801120
v -0.554125 -0.750000 -0.829308
v -0.512765 -0.750000 -0.855499
v -0.470170 -0.750000 -0.879629
v -0.426442 -0.750000 -0.901640
v -0.381687 -0.750000 -0.921478
v -0.336012 -0.750000 -0.939097
v -0.289528 -0.750000 -0.954453
v -0.242346 -0.750000 -0.967510
v -0.194581 -0.750000 -0.978236
v -0.146347 -0.750000 -0.986605
v -0.097760 -0.750000 -0.992597
v -0.000001 -1.750000 -0.997400
v 0.048940 -1.750000 -0.996199
v -0.048937 -1.750000 -0.996199
v 0.097762 -1.750000 -0.992597
v 0.146348 -1.750000 -0.986605
v 0.194583 -1.750000 -0.978235
v 0.242348 -1.750000 -0.967509
v 0.289529 -1.750000 -0.954452
v 0.336014 -1.750000 -0.939096
v 0.381688 -1.750000 -0.921477
v 0.426443 -1.750000 -0.901639
v 0.470171 -1.750000 -0.879628
v 0.512766 -1.750000 -0.855498
v 0.554125 -1.750000 -0.829308
v 0.594150 -1.750000 -0.801119
v 0.632743 -1.750000 -0.771001
v 0.669812 -1.750000 -0.739025
v 0.705268 -1.750000 -0.705268
v 0.739024 -1.750000 -0.669813
v 0.771000 -1.750000 -0.632744
v 0.801119 -1.750000 -0.594150
v 0.829307 -1.750000 -0.554126
v 0.855498 -1.750000 -0.512766
v 0.879628 -1.750000 -0.470171
v 0.901638 -1.750000 -0.426443
v 0.921477 -1.750000 -0.381688
v 0.939096 -1.750000 -0.336014
v 0.954452 -1.750000 -0.289530
v 0.967509 -1.750000 -0.242348
v 0.978235 -1.750000 -0.194583
v 0.986604 -1.750000 -0.146349
v 0.992597 -1.750000 -0.097762
v 0.996198 -1.750000 -0.048940
v 0.997399 -1.750000 0.000000
v 0.996198 -1.750000 0.048940
v 0.992597 -1.750000 0.097763
v 0.986604 -1.750000 0.146349
v 0.978235 -1.750000 0.194583
v 0.967509 -1.750000 0.242349
v 0.954452 -1.750000 0.289530
v 0.939095 -1.750000 0.336014
v 0.921477 -1.750000 0.381689
v 0.901638 -1.750000 0.426444
v 0.879628 -1.750000 0.470171
v 0.855498 -1.750000 0.512766
v 0.829307 -1.750000 0.554126
v 0.801119 -1.750000 0.594150
v 0.771000 -1.750000 0.632744
v 0.739024 -1.750000 0.669813
v 0.705268 -1.750000 0.705268
v 0.669813 -1.750000 0.739024
v 0.632744 -1.750000 0.771000
v 0.594150 -1.750000 0.801119
v 0.554126 -1.750000 0.829307
v 0.512766 -1.750000 0.855498
v 0.470171 -1.750000 0.879628
v 0.426444 -1.750000 0.901638
v 0.381689 -1.750000 0.921477
v 0.336015 -1.750000 0.939095
v 0.289531 -1.750000 0.954452
v 0.242349 -1.750000 0.967509
v 0.194584 -1.750000 0.978235
v 0.146350 -1.750000 0.986604
v 0.097763 -1.750000 0.992597
v 0.048941 -1.750000 0.996198
v 0.000001 -1.750000 0.997400
v -0.048938 -1.750000 0.996198
v -0.097761 -1.750000 0.992597
v -0.146347 -1.750000 0.986605
v -0.194581 -1.750000 0.978236
v -0.242346 -1.750000 0.967510
v -0.289528 -1.750000 0.954453
v -0.336012 -1.750000 0.939097
v -0.381686 -1.750000 0.921478
v -0.426441 -1.750000 0.901640
v -0.470169 -1.750000 0.879629
v -0.512764 -1.750000 0.855500
v -0.554124 -1.750000 0.829309
v -0.594148 -1.750000 0.801121
v -0.632742 -1.750000 0.771002
v -0.669811 -1.750000 0.739027
v -0.705266 -1.750000 0.705271
v -0.739023 -1.750000 0.669815
v -0.770999 -1.750000 0.632746
v -0.801117 -1.750000 0.594153
v -0.829306 -1.750000 0.554128
v -0.855497 -1.750000 0.512768
v -0.879627 -1.750000 0.470174
v -0.901638 -1.750000 0.426446
v -0.921477 -1.750000 0.381691
v -0.939096 -1.750000 0.336016
v -0.954452 -1.750000 0.289532
v -0.967509 -1.750000 0.242350
v -0.978235 -1.750000 0.194585
v -0.986605 -1.750000 0.146351
v -0.992597 -1.750000 0.097764
v -0.996199 -1.750000 0.048941
v -0.997400 -1.750000 0.000001
v -0.996199 -1.750000 -0.048939
v -0.992598 -1.750000 -0.097761
v -0.986605 -1.750000 -0.146348
v -0.978236 -1.750000 -0.194582
v -0.967510 -1.750000 -0.242348
v -0.954453 -1.750000 -0.289529
v -0.939097 -1.750000 -0.336013
v -0.921478 -1.750000 -0.381688
v -0.901639 -1.750000 -0.426443
v -0.879629 -1.750000 -0.470171
v -0.855499 -1.750000 -0.512766
v -0.829308 -1.750000 -0.554126
v -0.801119 -1.750000 -0.594151
v -0.771000 -1.750000 -0.632744
v -0.739024 -1.750000 -0.669813
v -0.705268 -1.750000 -0.705269
v -0.669813 -1.750000 -0.739025
v -0.632743 -1.750000 -0.771001
v -0.594150 -1.750000 -0.801120
v -0.554125 -1.750000 -0.829308
v -0.512765 -1.750000 -0.855499
v -0.470170 -1.750000 -0.879629
v -0.426442 -1.750000 -0.901640
v -0.381687 -1.750000 -0.921478
v -0.336012 -1.750000 -0.939097
v -0.289528 -1.750000 -0.954453
v -0.242346 -1.750000 -0.967510
v -0.194581 -1.750000 -0.978236
v -0.146347 -1.750000 -0.986605
v -0.097760 -1.750000 -0.992597
v -0.000001 -1.750000 -0.747325
v 0.036669 -1.750000 -0.746424
v 0.073250 -1.750000 -0.743726
v 0.109655 -1.750000 -0.739236
v 0.145796 -1.750000 -0.732965
v 0.181585 -1.750000 -0.724928
v 0.216936 -1.750000 -0.715145
v 0.251766 -1.750000 -0.703639
v 0.285988 -1.750000 -0.690438
v 0.319522 -1.750000 -0.675574
v 0.352286 -1.750000 -0.659082
v 0.384201 -1.750000 -0.641002
v 0.415191 -1.750000 -0.621378
v 0.445180 -1.750000 -0.600257
v 0.474097 -1.750000 -0.577690
v 0.501872 -1.750000 -0.553731
v 0.528438 -1.750000 -0.528438
v 0.553731 -1.750000 -0.501872
v 0.577690 -1.750000 -0.474098
v 0.600256 -1.750000 -0.445181
v 0.621377 -1.750000 -0.415191
v 0.641001 -1.750000 -0.384202
v 0.659081 -1.750000 -0.352286
v 0.675573 -1.750000 -0.319522
v 0.690438 -1.750000 -0.285988
v 0.703639 -1.750000 -0.251766
v 0.715145 -1.750000 -0.216937
v 0.724928 -1.750000 -0.181585
v 0.732965 -1.750000 -0.145795
v 0.739236 -1.750000 -0.109655
v 0.743726 -1.750000 -0.073251
v 0.746424 -1.750000 -0.036670
v 0.747324 -1.750000 0.000000
v 0.746424 -1.750000 0.036670
v 0.743726 -1.750000 0.073251
v 0.739235 -1.750000 0.109656
v 0.732964 -1.750000 0.145796
v 0.724928 -1.750000 0.181586
v 0.715145 -1.750000 0.216937
v 0.703639 -1.750000 0.251766
v 0.690437 -1.750000 0.285989
v 0.675573 -1.750000 0.319523
v 0.659081 -1.750000 0.352287
v 0.641001 -1.750000 0.384202
v 0.621377 -1.750000 0.415191
v 0.600256 -1.750000 0.445181
v 0.577689 -1.750000 0.474098
v 0.553731 -1.750000 0.501872
v 0.528438 -1.750000 0.528438
v 0.501872 -1.750000 0.553731
v 0.474098 -1.750000 0.577689
v 0.445181 -1.750000 0.600256
v 0.415191 -1.750000 0.621377
v 0.384202 -1.750000 0.641001
v 0.352287 -1.750000 0.659081
v 0.319522 -1.750000 0.675573
v 0.285989 -1.750000 0.690438
v 0.251767 -1.750000 0.703639
v 0.216938 -1.750000 0.715145
v 0.181586 -1.750000 0.724928
v 0.145796 -1.750000 0.732965
v 0.109656 -1.750000 0.739236
v 0.073251 -1.750000 0.743726
v 0.036670 -1.750000 0.746424
v 0.000001 -1.750000 0.747324
v -0.036668 -1.750000 0.746424
v -0.073250 -1.750000 0.743726
v -0.109654 -1.750000 0.739236
v -0.145794 -1.750000 0.732965
v -0.181584 -1.750000 0.724929
v -0.216936 -1.750000 0.715145
v -0.251765 -1.750000 0.703640
v -0.285988 -1.750000 0.690438
v -0.319521 -1.750000 0.675574
v -0.352285 -1.750000 0.659082
v -0.384200 -1.750000 0.641003
v -0.415190 -1.750000 0.621379
v -0.445179 -1.750000 0.600258
v -0.474096 -1.750000 0.577691
v -0.501871 -1.750000 0.553732
v -0.528437 -1.750000 0.528440
v -0.553730 -1.750000 0.501874
v -0.577688 -1.750000 0.474100
v -0.600255 -1.750000 0.445183
v -0.621377 -1.750000 0.415193
v -0.641001 -1.750000 0.384203
v -0.659081 -1.750000 0.352288
v -0.675573 -1.750000 0.319524
v -0.690438 -1.750000 0.285990
v -0.703639 -1.750000 0.251767
v -0.715145 -1.750000 0.216939
v -0.724928 -1.750000 0.181587
v -0.732965 -1.750000 0.145797
v -0.739236 -1.750000 0.109657
v -0.743726 -1.750000 0.073252
v -0.746425 -1.750000 0.036670
v -0.747325 -1.750000 0.000001
v -0.746425 -1.750000 -0.036669
v -0.743726 -1.750000 -0.073250
v -0.739236 -1.750000 -0.109654
v -0.732965 -1.750000 -0.145795
v -0.724929 -1.750000 -0.181585
v -0.715146 -1.750000 -0.216937
v -0.703640 -1.750000 -0.251765
v -0.690438 -1.750000 -0.285989
v -0.675574 -1.750000 -0.319523
v -0.659082 -1.750000 -0.352286
v -0.641002 -1.750000 -0.384202
v -0.621378 -1.750000 -0.415191
v -0.600257 -1.750000 -0.445181
v -0.577690 -1.750000 -0.474098
v -0.553731 -1.750000 -0.501873
v -0.528438 -1.750000 -0.528439
v -0.501872 -1.750000 -0.553732
v -0.474097 -1.750000 -0.577690
v -0.445180 -1.750000 -0.600257
v -0.415191 -1.750000 -0.621378
v -0.384201 -1.750000 -0.641002
v -0.352286 -1.750000 -0.659082
v -0.319522 -1.750000 -0.675574
v -0.285987 -1.750000 -0.690439
v -0.251765 -1.750000 -0.703640
v -0.216936 -1.750000 -0.715145
v -0.181583 -1.750000 -0.724929
v -0.145794 -1.750000 -0.732965
v -0.109654 -1.750000 -0.739236
v -0.073249 -1.750000 -0.743726
v -0.036667 -1.750000 -0.746425
v -0.000000 -2.000000 -0.747325
v 0.036669 -2.000000 -0.746424
v -0.036667 -2.000000 -0.746425
v 0.073250 -2.000000 -0.743726
v 0.109655 -2.000000 -0.739236
v 0.145796 -2.000000 -0.732965
v 0.181585 -2.000000 -0.724928
v 0.216936 -2.000000 -0.715145
v 0.251766 -2.000000 -0.703639
v 0.285989 -2.000000 -0.690438
v 0.319522 -2.000000 -0.675574
v 0.352286 -2.000000 -0.659082
v 0.384201 -2.000000 -0.641002
v 0.415191 -2.000000 -0.621378
v 0.445180 -2.000000 -0.600257
v 0.474097 -2.000000 -0.577690
v 0.501872 -2.000000 -0.553731
v 0.528438 -2.000000 -0.528438
v 0.553731 -2.000000 -0.501872
v 0.577690 -2.000000 -0.474098
v 0.600256 -2.000000 -0.445181
v 0.621377 -2.000000 -0.415191
v 0.641001 -2.000000 -0.384202
v 0.659081 -2.000000 -0.352286
v 0.675573 -2.000000 -0.319522
v 0.690438 -2.000000 -0.285988
v 0.703639 -2.000000 -0.251766
v 0.715145 -2.000000 -0.216937
v 0.724928 -2.000000 -0.181585
v 0.732965 -2.000000 -0.145795
v 0.739236 -2.000000 -0.109655
v 0.743726 -2.000000 -0.073251
v 0.746424 -2.000000 -0.036670
v 0.747324 -2.000000 0.000000
v 0.746424 -2.000000 0.036670
v 0.743726 -2.000000 0.073251
v 0.739236 -2.000000 0.109656
v 0.732964 -2.000000 0.145796
v 0.724928 -2.000000 0.181586
v 0.715145 -2.000000 0.216937
v 0.703639 -2.000000 0.251766
v 0.690437 -2.000000 0.285989
v 0.675573 -2.000000 0.319523
v 0.659081 -2.000000 0.352287
v 0.641001 -2.000000 0.384202
v 0.621377 -2.000000 0.415191
v 0.600256 -2.000000 0.445181
v 0.577689 -2.000000 0.474098
v 0.553731 -2.000000 0.501872
v 0.528438 -2.000000 0.528438
v 0.501872 -2.000000 0.553731
v 0.474098 -2.000000 0.577689
v 0.445181 -2.000000 0.600256
v 0.415191 -2.000000 0.621377
v 0.384202 -2.000000 0.641001
v 0.352287 -2.000000 0.659081
v 0.319523 -2.000000 0.675573
v 0.285989 -2.000000 0.690438
v 0.251767 -2.000000 0.703639
v 0.216938 -2.000000 0.715145
v 0.181586 -2.000000 0.724928
v 0.145796 -2.000000 0.732965
v 0.109656 -2.000000 0.739236
v 0.073251 -2.000000 0.743726
v 0.036670 -2.000000 0.746424
v 0.000001 -2.000000 0.747324
v -0.036668 -2.000000 0.746424
v -0.073250 -2.000000 0.743726
v -0.109654 -2.000000 0.739236
v -0.145794 -2.000000 0.732965
v -0.181583 -2.000000 0.724929
v -0.216936 -2.000000 0.715145
v -0.251765 -2.000000 0.703640
v -0.285987 -2.000000 0.690438
v -0.319521 -2.000000 0.675574
v -0.352285 -2.000000 0.659082
v -0.384200 -2.000000 0.641003
v -0.415190 -2.000000 0.621379
v -0.445179 -2.000000 0.600258
v -0.474096 -2.000000 0.577691
v -0.501871 -2.000000 0.553732
v -0.528437 -2.000000 0.528440
v -0.553730 -2.000000 0.501874
v -0.577688 -2.000000 0.474100
v -0.600255 -2.000000 0.445183
v -0.621377 -2.000000 0.415193
v -0.641001 -2.000000 0.384203
v -0.659081 -2.000000 0.352288
v -0.675573 -2.000000 0.319524
v -0.690438 -2.000000 0.285990
v -0.703639 -2.000000 0.251767
v -0.715145 -2.000000 0.216939
v -0.724928 -2.000000 0.181587
v -0.732965 -2.000000 0.145797
v -0.739236 -2.000000 0.109657
v -0.743726 -2.000000 0.073252
v -0.746425 -2.000000 0.036670
v -0.747325 -2.000000 0.000001
v -0.746425 -2.000000 -0.036669
v -0.743726 -2.000000 -0.073250
v -0.739236 -2.000000 -0.109654
v -0.732965 -2.000000 -0.145795
v -0.724929 -2.000000 -0.181585
v -0.715145 -2.000000 -0.216937
v -0.703640 -2.000000 -0.251765
v -0.690438 -2.000000 -0.285989
v -0.675574 -2.000000 -0.319523
v -0.659082 -2.000000 -0.352286
v -0.641002 -2.000000 -0.384202
v -0.621378 -2.000000 -0.415191
v -0.600257 -2.000000 -0.445181
v -0.577690 -2.000000 -0.474098
v -0.553731 -2.000000 -0.501873
v -0.528438 -2.000000 -0.528439
v -0.501872 -2.000000 -0.553732
v -0.474097 -2.000000 -0.577690
v -0.445180 -2.000000 -0.600257
v -0.415191 -2.000000 -0.621378
v -0.384201 -2.000000 -0.641002
v -0.352286 -2.000000 -0.659082
v -0.319522 -2.000000 -0.675574
v -0.285987 -2.000000 -0.690439
v -0.251765 -2.000000 -0.703640
v -0.216936 -2.000000 -0.715145
v -0.181583 -2.000000 -0.724929
v -0.145794 -2.000000 -0.732965
v -0.109654 -2.000000 -0.739236
v -0.073249 -2.000000 -0.743726
v -0.000001 -2.000000 -0.993942
v 0.048770 -2.000000 -0.992745
v -0.048768 -2.000000 -0.992745
v 0.097422 -2.000000 -0.989156
v 0.145841 -2.000000 -0.983184
v 0.193908 -2.000000 -0.974843
v 0.241508 -2.000000 -0.964155
v 0.288525 -2.000000 -0.951143
v 0.334849 -2.000000 -0.935840
v 0.380365 -2.000000 -0.918283
v 0.424964 -2.000000 -0.898513
v 0.468540 -2.000000 -0.876579
v 0.510987 -2.000000 -0.852533
v 0.552204 -2.000000 -0.826433
v 0.592090 -2.000000 -0.798341
v 0.630549 -2.000000 -0.768327
v 0.667490 -2.000000 -0.736462
v 0.702823 -2.000000 -0.702823
v 0.736462 -2.000000 -0.667490
v 0.768327 -2.000000 -0.630550
v 0.798341 -2.000000 -0.592091
v 0.826432 -2.000000 -0.552205
v 0.852532 -2.000000 -0.510988
v 0.876578 -2.000000 -0.468541
v 0.898512 -2.000000 -0.424965
v 0.918282 -2.000000 -0.380365
v 0.935839 -2.000000 -0.334849
v 0.951142 -2.000000 -0.288526
v 0.964154 -2.000000 -0.241508
v 0.974843 -2.000000 -0.193908
v 0.983183 -2.000000 -0.145841
v 0.989155 -2.000000 -0.097423
v 0.992744 -2.000000 -0.048771
v 0.993941 -2.000000 0.000000
v 0.992744 -2.000000 0.048771
v 0.989155 -2.000000 0.097423
v 0.983183 -2.000000 0.145842
v 0.974843 -2.000000 0.193909
v 0.964154 -2.000000 0.241509
v 0.951142 -2.000000 0.288526
v 0.935839 -2.000000 0.334849
v 0.918282 -2.000000 0.380365
v 0.898512 -2.000000 0.424965
v 0.876577 -2.000000 0.468541
v 0.852532 -2.000000 0.510988
v 0.826432 -2.000000 0.552204
v 0.798341 -2.000000 0.592090
v 0.768327 -2.000000 0.630550
v 0.736462 -2.000000 0.667490
v 0.702823 -2.000000 0.702823
v 0.667490 -2.000000 0.736462
v 0.630550 -2.000000 0.768327
v 0.592090 -2.000000 0.798341
v 0.552204 -2.000000 0.826432
v 0.510988 -2.000000 0.852532
v 0.468541 -2.000000 0.876578
v 0.424965 -2.000000 0.898512
v 0.380365 -2.000000 0.918282
v 0.334850 -2.000000 0.935839
v 0.288527 -2.000000 0.951142
v 0.241509 -2.000000 0.964154
v 0.193909 -2.000000 0.974843
v 0.145843 -2.000000 0.983183
v 0.097424 -2.000000 0.989155
v 0.048772 -2.000000 0.992744
v 0.000002 -2.000000 0.993941
v -0.048769 -2.000000 0.992744
v -0.097422 -2.000000 0.989156
v -0.145841 -2.000000 0.983184
v -0.193907 -2.000000 0.974844
v -0.241506 -2.000000 0.964155
v -0.288524 -2.000000 0.951143
v -0.334847 -2.000000 0.935840
v -0.380363 -2.000000 0.918283
v -0.424963 -2.000000 0.898514
v -0.468539 -2.000000 0.876579
v -0.510986 -2.000000 0.852534
v -0.552202 -2.000000 0.826434
v -0.592088 -2.000000 0.798343
v -0.630548 -2.000000 0.768329
v -0.667489 -2.000000 0.736464
v -0.702821 -2.000000 0.702825
v -0.736460 -2.000000 0.667493
v -0.768326 -2.000000 0.630553
v -0.798340 -2.000000 0.592093
v -0.826431 -2.000000 0.552206
v -0.852531 -2.000000 0.510991
v -0.876577 -2.000000 0.468543
v -0.898512 -2.000000 0.424967
v -0.918282 -2.000000 0.380367
v -0.935840 -2.000000 0.334851
v -0.951143 -2.000000 0.288528
v -0.964154 -2.000000 0.241510
v -0.974843 -2.000000 0.193910
v -0.983184 -2.000000 0.145843
v -0.989156 -2.000000 0.097425
v -0.992745 -2.000000 0.048772
v -0.993942 -2.000000 0.000001
v -0.992745 -2.000000 -0.048770
v -0.989156 -2.000000 -0.097422
v -0.983184 -2.000000 -0.145840
v -0.974844 -2.000000 -0.193908
v -0.964155 -2.000000 -0.241508
v -0.951144 -2.000000 -0.288526
v -0.935841 -2.000000 -0.334848
v -0.918283 -2.000000 -0.380365
v -0.898513 -2.000000 -0.424965
v -0.876579 -2.000000 -0.468541
v -0.852533 -2.000000 -0.510988
v -0.826433 -2.000000 -0.552205
v -0.798342 -2.000000 -0.592091
v -0.768327 -2.000000 -0.630551
v -0.736462 -2.000000 -0.667491
v -0.702823 -2.000000 -0.702824
v -0.667490 -2.000000 -0.736463
v -0.630550 -2.000000 -0.768328
v -0.592090 -2.000000 -0.798342
v -0.552204 -2.000000 -0.826433
v -0.510987 -2.000000 -0.852533
v -0.468540 -2.000000 -0.876579
v -0.424964 -2.000000 -0.898513
v -0.380363 -2.000000 -0.918283
v -0.334848 -2.000000 -0.935841
v -0.288525 -2.000000 -0.951144
v -0.241506 -2.000000 -0.964155
v -0.193907 -2.000000 -0.974844
v -0.145840 -2.000000 -0.983184
v -0.097421 -2.000000 -0.989156
v -0.000001 -3.000000 -0.993942
v 0.048770 -3.000000 -0.992745
v -0.048768 -3.000000 -0.992745
v 0.097423 -3.000000 -0.989156
v 0.145841 -3.000000 -0.983184
v 0.193908 -3.000000 -0.974843
v 0.241508 -3.000000 -0.964155
v 0.288525 -3.000000 -0.951143
v 0.334849 -3.000000 -0.935840
v 0.380365 -3.000000 -0.918283
v 0.424964 -3.000000 -0.898513
v 0.468540 -3.000000 -0.876579
v 0.510987 -3.000000 -0.852533
v 0.552204 -3.000000 -0.826433
v 0.592090 -3.000000 -0.798341
v 0.630549 -3.000000 -0.768327
v 0.667490 -3.000000 -0.736462
v 0.702823 -3.000000 -0.702823
v 0.736462 -3.000000 -0.667490
v 0.768327 -3.000000 -0.630550
v 0.798341 -3.000000 -0.592091
v 0.826432 -3.000000 -0.552205
v 0.852532 -3.000000 -0.510988
v 0.876578 -3.000000 -0.468541
v 0.898512 -3.000000 -0.424965
v 0.918282 -3.000000 -0.380365
v 0.935840 -3.000000 -0.334849
v 0.951142 -3.000000 -0.288526
v 0.964154 -3.000000 -0.241508
v 0.974843 -3.000000 -0.193908
v 0.983183 -3.000000 -0.145841
v 0.989155 -3.000000 -0.097423
v 0.992744 -3.000000 -0.048771
v 0.993941 -3.000000 0.000000
v 0.992744 -3.000000 0.048771
v 0.989155 -3.000000 0.097423
v 0.983183 -3.000000 0.145842
v 0.974843 -3.000000 0.193909
v 0.964154 -3.000000 0.241509
v 0.951142 -3.000000 0.288526
v 0.935839 -3.000000 0.334849
v 0.918282 -3.000000 0.380365
v 0.898512 -3.000000 0.424965
v 0.876578 -3.000000 0.468541
v 0.852532 -3.000000 0.510988
v 0.826432 -3.000000 0.552204
v 0.798341 -3.000000 0.592090
v 0.768327 -3.000000 0.630550
v 0.736462 -3.000000 0.667490
v 0.702823 -3.000000 0.702823
v 0.667490 -3.000000 0.736462
v 0.630550 -3.000000 0.768327
v 0.592090 -3.000000 0.798341
v 0.552204 -3.000000 0.826432
v 0.510988 -3.000000 0.852532
v 0.468541 -3.000000 0.876578
v 0.424965 -3.000000 0.898512
v 0.380365 -3.000000 0.918282
v 0.334850 -3.000000 0.935839
v 0.288527 -3.000000 0.951142
v 0.241509 -3.000000 0.964154
v 0.193909 -3.000000 0.974843
v 0.145843 -3.000000 0.983183
v 0.097424 -3.000000 0.989155
v 0.048772 -3.000000 0.992744
v 0.000002 -3.000000 0.993941
v -0.048769 -3.000000 0.992744
v -0.097422 -3.000000 0.989156
v -0.145840 -3.000000 0.983184
v -0.193906 -3.000000 0.974844
v -0.241506 -3.000000 0.964155
v -0.288524 -3.000000 0.951143
v -0.334847 -3.000000 0.935840
v -0.380363 -3.000000 0.918283
v -0.424963 -3.000000 0.898514
v -0.468539 -3.000000 0.876579
v -0.510986 -3.000000 0.852534
v -0.552202 -3.000000 0.826434
v -0.592088 -3.000000 0.798343
v -0.630548 -3.000000 0.768329
v -0.667489 -3.000000 0.736464
v -0.702821 -3.000000 0.702825
v -0.736460 -3.000000 0.667493
v -0.768326 -3.000000 0.630553
v -0.798340 -3.000000 0.592093
v -0.826431 -3.000000 0.552206
v -0.852531 -3.000000 0.510991
v -0.876577 -3.000000 0.468543
v -0.898512 -3.000000 0.424967
v -0.918282 -3.000000 0.380367
v -0.935840 -3.000000 0.334851
v -0.951143 -3.000000 0.288528
v -0.964154 -3.000000 0.241510
v -0.974843 -3.000000 0.193910
v -0.983184 -3.000000 0.145843
v -0.989156 -3.000000 0.097425
v -0.992745 -3.000000 0.048772
v -0.993942 -3.000000 0.000001
v -0.992745 -3.000000 -0.048770
v -0.989156 -3.000000 -0.097422
v -0.983184 -3.000000 -0.145840
v -0.974844 -3.000000 -0.193908
v -0.964155 -3.000000 -0.241508
v -0.951144 -3.000000 -0.288526
v -0.935841 -3.000000 -0.334848
v -0.918283 -3.000000 -0.380365
v -0.898513 -3.000000 -0.424965
v -0.876579 -3.000000 -0.468541
v -0.852533 -3.000000 -0.510988
v -0.826433 -3.000000 -0.552205
v -0.798341 -3.000000 -0.592091
v -0.768327 -3.000000 -0.630551
v -0.736462 -3.000000 -0.667491
v -0.702823 -3.000000 -0.702824
v -0.667490 -3.000000 -0.736463
v -0.630550 -3.000000 -0.768328
v -0.592090 -3.000000 -0.798342
v -0.552204 -3.000000 -0.826433
v -0.510987 -3.000000 -0.852533
v -0.468540 -3.000000 -0.876579
v -0.424964 -3.000000 -0.898513
v -0.380363 -3.000000 -0.918283
v -0.334848 -3.000000 -0.935841
v -0.288525 -3.000000 -0.951144
v -0.241506 -3.000000 -0.964155
v -0.193906 -3.000000 -0.974844
v -0.145840 -3.000000 -0.983184
v -0.097421 -3.000000 -0.989156
v -0.000001 -3.000000 -0.743866
v 0.036499 -3.000000 -0.742971
v 0.072911 -3.000000 -0.740285
v 0.109147 -3.000000 -0.735815
v 0.145121 -3.000000 -0.729573
v 0.180745 -3.000000 -0.721574
v 0.215932 -3.000000 -0.711836
v 0.250601 -3.000000 -0.700383
v 0.284665 -3.000000 -0.687243
v 0.318043 -3.000000 -0.672448
v 0.350656 -3.000000 -0.656032
v 0.382423 -3.000000 -0.638036
v 0.413269 -3.000000 -0.618503
v 0.443120 -3.000000 -0.597479
v 0.471904 -3.000000 -0.575016
v 0.499550 -3.000000 -0.551169
v 0.525993 -3.000000 -0.525993
v 0.551169 -3.000000 -0.499550
v 0.575016 -3.000000 -0.471904
v 0.597479 -3.000000 -0.443121
v 0.618502 -3.000000 -0.413270
v 0.638035 -3.000000 -0.382424
v 0.656031 -3.000000 -0.350657
v 0.672447 -3.000000 -0.318044
v 0.687243 -3.000000 -0.284665
v 0.700383 -3.000000 -0.250601
v 0.711835 -3.000000 -0.215934
v 0.721573 -3.000000 -0.180744
v 0.729573 -3.000000 -0.145121
v 0.735815 -3.000000 -0.109148
v 0.740284 -3.000000 -0.072912
v 0.742970 -3.000000 -0.036500
v 0.743866 -3.000000 0.000000
v 0.742970 -3.000000 0.036500
v 0.740284 -3.000000 0.072912
v 0.735815 -3.000000 0.109148
v 0.729573 -3.000000 0.145121
v 0.721573 -3.000000 0.180746
v 0.711835 -3.000000 0.215933
v 0.700383 -3.000000 0.250601
v 0.687242 -3.000000 0.284665
v 0.672446 -3.000000 0.318044
v 0.656031 -3.000000 0.350657
v 0.638035 -3.000000 0.382423
v 0.618502 -3.000000 0.413270
v 0.597479 -3.000000 0.443121
v 0.575016 -3.000000 0.471904
v 0.551168 -3.000000 0.499550
v 0.525993 -3.000000 0.525993
v 0.499550 -3.000000 0.551169
v 0.471904 -3.000000 0.575016
v 0.443121 -3.000000 0.597479
v 0.413270 -3.000000 0.618502
v 0.382424 -3.000000 0.638035
v 0.350657 -3.000000 0.656031
v 0.318044 -3.000000 0.672447
v 0.284665 -3.000000 0.687243
v 0.250602 -3.000000 0.700382
v 0.215934 -3.000000 0.711835
v 0.180745 -3.000000 0.721573
v 0.145121 -3.000000 0.729573
v 0.109149 -3.000000 0.735815
v 0.072912 -3.000000 0.740284
v 0.036501 -3.000000 0.742970
v 0.000001 -3.000000 0.743866
v -0.036499 -3.000000 0.742970
v -0.072911 -3.000000 0.740284
v -0.109148 -3.000000 0.735815
v -0.145120 -3.000000 0.729573
v -0.180743 -3.000000 0.721574
v -0.215932 -3.000000 0.711836
v -0.250600 -3.000000 0.700383
v -0.284665 -3.000000 0.687243
v -0.318042 -3.000000 0.672448
v -0.350655 -3.000000 0.656032
v -0.382422 -3.000000 0.638036
v -0.413268 -3.000000 0.618503
v -0.443119 -3.000000 0.597480
v -0.471902 -3.000000 0.575018
v -0.499549 -3.000000 0.551170
v -0.525992 -3.000000 0.525994
v -0.551167 -3.000000 0.499552
v -0.575015 -3.000000 0.471906
v -0.597478 -3.000000 0.443123
v -0.618502 -3.000000 0.413271
v -0.638035 -3.000000 0.382426
v -0.656031 -3.000000 0.350658
v -0.672447 -3.000000 0.318045
v -0.687243 -3.000000 0.284666
v -0.700383 -3.000000 0.250602
v -0.711836 -3.000000 0.215935
v -0.721573 -3.000000 0.180747
v -0.729573 -3.000000 0.145122
v -0.735815 -3.000000 0.109149
v -0.740285 -3.000000 0.072912
v -0.742971 -3.000000 0.036500
v -0.743867 -3.000000 0.000001
v -0.742971 -3.000000 -0.036499
v -0.740285 -3.000000 -0.072911
v -0.735816 -3.000000 -0.109147
v -0.729574 -3.000000 -0.145121
v -0.721574 -3.000000 -0.180745
v -0.711836 -3.000000 -0.215933
v -0.700384 -3.000000 -0.250600
v -0.687243 -3.000000 -0.284665
v -0.672447 -3.000000 -0.318044
v -0.656032 -3.000000 -0.350656
v -0.638036 -3.000000 -0.382424
v -0.618503 -3.000000 -0.413270
v -0.597479 -3.000000 -0.443121
v -0.575016 -3.000000 -0.471905
v -0.551169 -3.000000 -0.499551
v -0.525993 -3.000000 -0.525993
v -0.499550 -3.000000 -0.551169
v -0.471903 -3.000000 -0.575017
v -0.443121 -3.000000 -0.597480
v -0.413270 -3.000000 -0.618503
v -0.382423 -3.000000 -0.638036
v -0.350656 -3.000000 -0.656032
v -0.318043 -3.000000 -0.672448
v -0.284664 -3.000000 -0.687244
v -0.250600 -3.000000 -0.700383
v -0.215932 -3.000000 -0.711836
v -0.180743 -3.000000 -0.721574
v -0.145120 -3.000000 -0.729574
v -0.109147 -3.000000 -0.735816
v -0.072910 -3.000000 -0.740285
v -0.036498 -3.000000 -0.742971
v -0.000001 -3.250000 -0.743866
v 0.036499 -3.250000 -0.742971
v -0.036498 -3.250000 -0.742971
v 0.072911 -3.250000 -0.740285
v 0.109147 -3.250000 -0.735815
v 0.145121 -3.250000 -0.729573
v 0.180745 -3.250000 -0.721574
v 0.215932 -3.250000 -0.711836
v 0.250601 -3.250000 -0.700383
v 0.284665 -3.250000 -0.687243
v 0.318043 -3.250000 -0.672448
v 0.350656 -3.250000 -0.656032
v 0.382423 -3.250000 -0.638036
v 0.413269 -3.250000 -0.618503
v 0.443120 -3.250000 -0.597479
v 0.471903 -3.250000 -0.575016
v 0.499550 -3.250000 -0.551169
v 0.525993 -3.250000 -0.525993
v 0.551169 -3.250000 -0.499550
v 0.575016 -3.250000 -0.471904
v 0.597479 -3.250000 -0.443121
v 0.618502 -3.250000 -0.413270
v 0.638035 -3.250000 -0.382424
v 0.656031 -3.250000 -0.350657
v 0.672447 -3.250000 -0.318044
v 0.687243 -3.250000 -0.284665
v 0.700383 -3.250000 -0.250601
v 0.711835 -3.250000 -0.215934
v 0.721573 -3.250000 -0.180744
v 0.729573 -3.250000 -0.145121
v 0.735815 -3.250000 -0.109148
v 0.740284 -3.250000 -0.072912
v 0.742970 -3.250000 -0.036500
v 0.743866 -3.250000 0.000000
v 0.742970 -3.250000 0.036500
v 0.740284 -3.250000 0.072912
v 0.735815 -3.250000 0.109148
v 0.729573 -3.250000 0.145121
v 0.721573 -3.250000 0.180746
v 0.711835 -3.250000 0.215933
v 0.700383 -3.250000 0.250601
v 0.687242 -3.250000 0.284665
v 0.672446 -3.250000 0.318044
v 0.656031 -3.250000 0.350657
v 0.638035 -3.250000 0.382423
v 0.618502 -3.250000 0.413270
v 0.597479 -3.250000 0.443121
v 0.575016 -3.250000 0.471904
v 0.551168 -3.250000 0.499550
v 0.525993 -3.250000 0.525993
v 0.499550 -3.250000 0.551169
v 0.471904 -3.250000 0.575016
v 0.443121 -3.250000 0.597479
v 0.413270 -3.250000 0.618502
v 0.382424 -3.250000 0.638035
v 0.350657 -3.250000 0.656031
v 0.318044 -3.250000 0.672447
v 0.284665 -3.250000 0.687243
v 0.250602 -3.250000 0.700382
v 0.215934 -3.250000 0.711835
v 0.180745 -3.250000 0.721573
v 0.145121 -3.250000 0.729573
v 0.109149 -3.250000 0.735815
v 0.072912 -3.250000 0.740284
v 0.036501 -3.250000 0.742970
v 0.000001 -3.250000 0.743866
v -0.036499 -3.250000 0.742970
v -0.072911 -3.250000 0.740284
v -0.109148 -3.250000 0.735815
v -0.145120 -3.250000 0.729573
v -0.180743 -3.250000 0.721574
v -0.215932 -3.250000 0.711836
v -0.250600 -3.250000 0.700383
v -0.284665 -3.250000 0.687243
v -0.318042 -3.250000 0.672448
v -0.350655 -3.250000 0.656032
v -0.382422 -3.250000 0.638036
v -0.413268 -3.250000 0.618503
v -0.443119 -3.250000 0.597480
v -0.471902 -3.250000 0.575018
v -0.499549 -3.250000 0.551170
v -0.525992 -3.250000 0.525994
v -0.551167 -3.250000 0.499552
v -0.575015 -3.250000 0.471906
v -0.597478 -3.250000 0.443123
v -0.618502 -3.250000 0.413271
v -0.638035 -3.250000 0.382426
v -0.656031 -3.250000 0.350658
v -0.672447 -3.250000 0.318045
v -0.687243 -3.250000 0.284666
v -0.700383 -3.250000 0.250602
v -0.711836 -3.250000 0.215935
v -0.721573 -3.250000 0.180747
v -0.729573 -3.250000 0.145122
v -0.735815 -3.250000 0.109149
v -0.740285 -3.250000 0.072912
v -0.742971 -3.250000 0.036500
v -0.743867 -3.250000 0.000001
v -0.742971 -3.250000 -0.036499
v -0.740285 -3.250000 -0.072911
v -0.735816 -3.250000 -0.109147
v -0.729574 -3.250000 -0.145121
v -0.721574 -3.250000 -0.180745
v -0.711836 -3.250000 -0.215933
v -0.700384 -3.250000 -0.250600
v -0.687243 -3.250000 -0.284665
v -0.672447 -3.250000 -0.318044
v -0.656032 -3.250000 -0.350656
v -0.638036 -3.250000 -0.382424
v -0.618503 -3.250000 -0.413270
v -0.597479 -3.250000 -0.443121
v -0.575016 -3.250000 -0.471905
v -0.551169 -3.250000 -0.499551
v -0.525993 -3.250000 -0.525993
v -0.499550 -3.250000 -0.551169
v -0.471903 -3.250000 -0.575017
v -0.443121 -3.250000 -0.597480
v -0.413270 -3.250000 -0.618503
v -0.382423 -3.250000 -0.638036
v -0.350656 -3.250000 -0.656032
v -0.318043 -3.250000 -0.672448
v -0.284664 -3.250000 -0.687244
v -0.250600 -3.250000 -0.700383
v -0.215932 -3.250000 -0.711836
v -0.180743 -3.250000 -0.721574
v -0.145120 -3.250000 -0.729574
v -0.109147 -3.250000 -0.735816
v -0.072910 -3.250000 -0.740285
v -0.000001 -3.250000 -0.989342
v 0.048544 -3.250000 -0.988151
v -0.048542 -3.250000 -0.988151
v 0.096971 -3.250000 -0.984579
v 0.145165 -3.250000 -0.978635
v 0.193011 -3.250000 -0.970332
v 0.240391 -3.250000 -0.959693
v 0.287190 -3.250000 -0.946742
v 0.333299 -3.250000 -0.931510
v 0.378604 -3.250000 -0.914033
v 0.422997 -3.250000 -0.894355
v 0.466372 -3.250000 -0.872522
v 0.508622 -3.250000 -0.848588
v 0.549648 -3.250000 -0.822609
v 0.589350 -3.250000 -0.794647
v 0.627632 -3.250000 -0.764772
v 0.664401 -3.250000 -0.733054
v 0.699570 -3.250000 -0.699571
v 0.733054 -3.250000 -0.664401
v 0.764772 -3.250000 -0.627632
v 0.794647 -3.250000 -0.589351
v 0.822607 -3.250000 -0.549650
v 0.848586 -3.250000 -0.508624
v 0.872521 -3.250000 -0.466373
v 0.894354 -3.250000 -0.422998
v 0.914033 -3.250000 -0.378604
v 0.931509 -3.250000 -0.333300
v 0.946741 -3.250000 -0.287192
v 0.959693 -3.250000 -0.240390
v 0.970332 -3.250000 -0.193011
v 0.978634 -3.250000 -0.145166
v 0.984578 -3.250000 -0.096972
v 0.988150 -3.250000 -0.048546
v 0.989342 -3.250000 0.000000
v 0.988150 -3.250000 0.048545
v 0.984578 -3.250000 0.096973
v 0.978634 -3.250000 0.145167
v 0.970331 -3.250000 0.193011
v 0.959692 -3.250000 0.240392
v 0.946741 -3.250000 0.287191
v 0.931509 -3.250000 0.333299
v 0.914032 -3.250000 0.378605
v 0.894354 -3.250000 0.422999
v 0.872521 -3.250000 0.466373
v 0.848587 -3.250000 0.508623
v 0.822607 -3.250000 0.549649
v 0.794646 -3.250000 0.589350
v 0.764771 -3.250000 0.627632
v 0.733054 -3.250000 0.664401
v 0.699570 -3.250000 0.699570
v 0.664401 -3.250000 0.733054
v 0.627632 -3.250000 0.764771
v 0.589350 -3.250000 0.794646
v 0.549649 -3.250000 0.822608
v 0.508624 -3.250000 0.848586
v 0.466373 -3.250000 0.872521
v 0.422998 -3.250000 0.894354
v 0.378604 -3.250000 0.914033
v 0.333300 -3.250000 0.931509
v 0.287192 -3.250000 0.946741
v 0.240391 -3.250000 0.959692
v 0.193011 -3.250000 0.970332
v 0.145168 -3.250000 0.978634
v 0.096973 -3.250000 0.984578
v 0.048546 -3.250000 0.988150
v 0.000002 -3.250000 0.989342
v -0.048544 -3.250000 0.988150
v -0.096972 -3.250000 0.984578
v -0.145166 -3.250000 0.978634
v -0.193009 -3.250000 0.970333
v -0.240388 -3.250000 0.959693
v -0.287189 -3.250000 0.946742
v -0.333297 -3.250000 0.931510
v -0.378604 -3.250000 0.914033
v -0.422996 -3.250000 0.894356
v -0.466371 -3.250000 0.872523
v -0.508622 -3.250000 0.848588
v -0.549647 -3.250000 0.822610
v -0.589349 -3.250000 0.794649
v -0.627630 -3.250000 0.764774
v -0.664401 -3.250000 0.733056
v -0.699569 -3.250000 0.699573
v -0.733052 -3.250000 0.664404
v -0.764770 -3.250000 0.627635
v -0.794645 -3.250000 0.589353
v -0.822607 -3.250000 0.549651
v -0.848586 -3.250000 0.508626
v -0.872521 -3.250000 0.466376
v -0.894354 -3.250000 0.423000
v -0.914033 -3.250000 0.378606
v -0.931510 -3.250000 0.333300
v -0.946741 -3.250000 0.287194
v -0.959693 -3.250000 0.240393
v -0.970333 -3.250000 0.193013
v -0.978634 -3.250000 0.145168
v -0.984579 -3.250000 0.096974
v -0.988151 -3.250000 0.048546
v -0.989343 -3.250000 0.000001
v -0.988151 -3.250000 -0.048544
v -0.984579 -3.250000 -0.096972
v -0.978635 -3.250000 -0.145165
v -0.970333 -3.250000 -0.193011
v -0.959694 -3.250000 -0.240391
v -0.946742 -3.250000 -0.287191
v -0.931511 -3.250000 -0.333299
v -0.914034 -3.250000 -0.378605
v -0.894355 -3.250000 -0.422999
v -0.872523 -3.250000 -0.466373
v -0.848588 -3.250000 -0.508624
v -0.822609 -3.250000 -0.549649
v -0.794647 -3.250000 -0.589351
v -0.764772 -3.250000 -0.627634
v -0.733054 -3.250000 -0.664403
v -0.699571 -3.250000 -0.699571
v -0.664401 -3.250000 -0.733055
v -0.627632 -3.250000 -0.764773
v -0.589351 -3.250000 -0.794648
v -0.549649 -3.250000 -0.822609
v -0.508623 -3.250000 -0.848588
v -0.466373 -3.250000 -0.872523
v -0.422998 -3.250000 -0.894356
v -0.378603 -3.250000 -0.914034
v -0.333299 -3.250000 -0.931510
v -0.287190 -3.250000 -0.946742
v -0.240388 -3.250000 -0.959694
v -0.193010 -3.250000 -0.970333
v -0.145165 -3.250000 -0.978635
v -0.096971 -3.250000 -0.984579
v -0.000001 -4.250000 -0.989342
v 0.048544 -4.250000 -0.988151
v -0.048542 -4.250000 -0.988151
v 0.096971 -4.250000 -0.984579
v 0.145165 -4.250000 -0.978635
v 0.193011 -4.250000 -0.970332
v 0.240391 -4.250000 -0.959693
v 0.287190 -4.250000 -0.946742
v 0.333299 -4.250000 -0.931510
v 0.378605 -4.250000 -0.914033
v 0.422998 -4.250000 -0.894355
v 0.466372 -4.250000 -0.872522
v 0.508623 -4.250000 -0.848588
v 0.549648 -4.250000 -0.822609
v 0.589350 -4.250000 -0.794647
v 0.627632 -4.250000 -0.764772
v 0.664401 -4.250000 -0.733054
v 0.699571 -4.250000 -0.699571
v 0.733054 -4.250000 -0.664401
v 0.764772 -4.250000 -0.627632
v 0.794647 -4.250000 -0.589351
v 0.822608 -4.250000 -0.549650
v 0.848587 -4.250000 -0.508624
v 0.872521 -4.250000 -0.466373
v 0.894355 -4.250000 -0.422998
v 0.914033 -4.250000 -0.378604
v 0.931509 -4.250000 -0.333300
v 0.946741 -4.250000 -0.287192
v 0.959693 -4.250000 -0.240390
v 0.970332 -4.250000 -0.193011
v 0.978634 -4.250000 -0.145166
v 0.984578 -4.250000 -0.096972
v 0.988150 -4.250000 -0.048546
v 0.989342 -4.250000 0.000000
v 0.988150 -4.250000 0.048545
v 0.984578 -4.250000 0.096973
v 0.978634 -4.250000 0.145167
v 0.970332 -4.250000 0.193011
v 0.959692 -4.250000 0.240392
v 0.946741 -4.250000 0.287191
v 0.931509 -4.250000 0.333299
v 0.914033 -4.250000 0.378605
v 0.894354 -4.250000 0.422999
v 0.872521 -4.250000 0.466373
v 0.848587 -4.250000 0.508623
v 0.822608 -4.250000 0.549649
v 0.794647 -4.250000 0.589350
v 0.764772 -4.250000 0.627632
v 0.733054 -4.250000 0.664401
v 0.699571 -4.250000 0.699570
v 0.664401 -4.250000 0.733054
v 0.627632 -4.250000 0.764771
v 0.589351 -4.250000 0.794646
v 0.549649 -4.250000 0.822608
v 0.508624 -4.250000 0.848586
v 0.466374 -4.250000 0.872521
v 0.422998 -4.250000 0.894354
v 0.378605 -4.250000 0.914033
v 0.333300 -4.250000 0.931509
v 0.287192 -4.250000 0.946741
v 0.240391 -4.250000 0.959692
v 0.193012 -4.250000 0.970332
v 0.145168 -4.250000 0.978634
v 0.096973 -4.250000 0.984578
v 0.048546 -4.250000 0.988150
v 0.000002 -4.250000 0.989342
v -0.048544 -4.250000 0.988150
v -0.096971 -4.250000 0.984578
v -0.145166 -4.250000 0.978634
v -0.193009 -4.250000 0.970333
v -0.240388 -4.250000 0.959693
v -0.287189 -4.250000 0.946742
v -0.333297 -4.250000 0.931510
v -0.378604 -4.250000 0.914033
v -0.422996 -4.250000 0.894356
v -0.466370 -4.250000 0.872523
v -0.508622 -4.250000 0.848588
v -0.549647 -4.250000 0.822610
v -0.589348 -4.250000 0.794649
v -0.627630 -4.250000 0.764774
v -0.664400 -4.250000 0.733056
v -0.699569 -4.250000 0.699573
v -0.733052 -4.250000 0.664404
v -0.764770 -4.250000 0.627635
v -0.794645 -4.250000 0.589353
v -0.822607 -4.250000 0.549651
v -0.848586 -4.250000 0.508626
v -0.872521 -4.250000 0.466376
v -0.894354 -4.250000 0.423000
v -0.914033 -4.250000 0.378606
v -0.931509 -4.250000 0.333300
v -0.946741 -4.250000 0.287194
v -0.959692 -4.250000 0.240393
v -0.970332 -4.250000 0.193013
v -0.978634 -4.250000 0.145168
v -0.984578 -4.250000 0.096974
v -0.988151 -4.250000 0.048546
v -0.989343 -4.250000 0.000001
v -0.988151 -4.250000 -0.048544
v -0.984579 -4.250000 -0.096972
v -0.978635 -4.250000 -0.145165
v -0.970333 -4.250000 -0.193011
v -0.959693 -4.250000 -0.240391
v -0.946742 -4.250000 -0.287191
v -0.931510 -4.250000 -0.333299
v -0.914034 -4.250000 -0.378605
v -0.894355 -4.250000 -0.422999
v -0.872522 -4.250000 -0.466373
v -0.848588 -4.250000 -0.508624
v -0.822608 -4.250000 -0.549649
v -0.794647 -4.250000 -0.589351
v -0.764771 -4.250000 -0.627634
v -0.733054 -4.250000 -0.664403
v -0.699571 -4.250000 -0.699571
v -0.664401 -4.250000 -0.733055
v -0.627631 -4.250000 -0.764773
v -0.589350 -4.250000 -0.794648
v -0.549649 -4.250000 -0.822609
v -0.508622 -4.250000 -0.848588
v -0.466372 -4.250000 -0.872523
v -0.422997 -4.250000 -0.894356
v -0.378603 -4.250000 -0.914034
v -0.333298 -4.250000 -0.931510
v -0.287189 -4.250000 -0.946742
v -0.240388 -4.250000 -0.959694
v -0.193009 -4.250000 -0.970333
v -0.145165 -4.250000 -0.978635
v -0.096970 -4.250000 -0.984579
v -0.000000 -4.250000 -0.739267
v 0.036274 -4.250000 -0.738377
v 0.072460 -4.250000 -0.735708
v 0.108471 -4.250000 -0.731266
v 0.144224 -4.250000 -0.725062
v 0.179628 -4.250000 -0.717112
v 0.214597 -4.250000 -0.707435
v 0.249052 -4.250000 -0.696053
v 0.282905 -4.250000 -0.682994
v 0.316077 -4.250000 -0.668290
v 0.348488 -4.250000 -0.651976
v 0.380058 -4.250000 -0.634091
v 0.410713 -4.250000 -0.614679
v 0.440380 -4.250000 -0.593785
v 0.468986 -4.250000 -0.571461
v 0.496461 -4.250000 -0.547761
v 0.522741 -4.250000 -0.522741
v 0.547761 -4.250000 -0.496461
v 0.571461 -4.250000 -0.468986
v 0.593784 -4.250000 -0.440381
v 0.614678 -4.250000 -0.410715
v 0.634090 -4.250000 -0.380060
v 0.651975 -4.250000 -0.348489
v 0.668289 -4.250000 -0.316077
v 0.682994 -4.250000 -0.282904
v 0.696052 -4.250000 -0.249052
v 0.707434 -4.250000 -0.214599
v 0.717112 -4.250000 -0.179626
v 0.725062 -4.250000 -0.144223
v 0.731265 -4.250000 -0.108473
v 0.735707 -4.250000 -0.072461
v 0.738376 -4.250000 -0.036276
v 0.739267 -4.250000 0.000000
v 0.738376 -4.250000 0.036274
v 0.735707 -4.250000 0.072461
v 0.731265 -4.250000 0.108473
v 0.725062 -4.250000 0.144224
v 0.717111 -4.250000 0.179629
v 0.707434 -4.250000 0.214598
v 0.696052 -4.250000 0.249051
v 0.682993 -4.250000 0.282905
v 0.668289 -4.250000 0.316078
v 0.651974 -4.250000 0.348489
v 0.634090 -4.250000 0.380058
v 0.614678 -4.250000 0.410714
v 0.593784 -4.250000 0.440381
v 0.571461 -4.250000 0.468986
v 0.547760 -4.250000 0.496462
v 0.522741 -4.250000 0.522740
v 0.496461 -4.250000 0.547761
v 0.468986 -4.250000 0.571461
v 0.440381 -4.250000 0.593784
v 0.410714 -4.250000 0.614678
v 0.380060 -4.250000 0.634090
v 0.348489 -4.250000 0.651974
v 0.316077 -4.250000 0.668289
v 0.282904 -4.250000 0.682994
v 0.249052 -4.250000 0.696052
v 0.214599 -4.250000 0.707434
v 0.179628 -4.250000 0.717112
v 0.144224 -4.250000 0.725062
v 0.108474 -4.250000 0.731265
v 0.072462 -4.250000 0.735707
v 0.036275 -4.250000 0.738376
v 0.000001 -4.250000 0.739267
v -0.036274 -4.250000 0.738376
v -0.072460 -4.250000 0.735707
v -0.108473 -4.250000 0.731265
v -0.144222 -4.250000 0.725062
v -0.179625 -4.250000 0.717112
v -0.214596 -4.250000 0.707435
v -0.249050 -4.250000 0.696053
v -0.282905 -4.250000 0.682994
v -0.316076 -4.250000 0.668290
v -0.348486 -4.250000 0.651976
v -0.380058 -4.250000 0.634091
v -0.410713 -4.250000 0.614679
v -0.440379 -4.250000 0.593786
v -0.468984 -4.250000 0.571462
v -0.496461 -4.250000 0.547761
v -0.522739 -4.250000 0.522742
v -0.547759 -4.250000 0.496463
v -0.571460 -4.250000 0.468988
v -0.593783 -4.250000 0.440383
v -0.614678 -4.250000 0.410715
v -0.634090 -4.250000 0.380061
v -0.651974 -4.250000 0.348491
v -0.668289 -4.250000 0.316079
v -0.682994 -4.250000 0.282905
v -0.696053 -4.250000 0.249052
v -0.707434 -4.250000 0.214600
v -0.717112 -4.250000 0.179630
v -0.725062 -4.250000 0.144225
v -0.731266 -4.250000 0.108474
v -0.735707 -4.250000 0.072461
v -0.738377 -4.250000 0.036275
v -0.739267 -4.250000 0.000001
v -0.738377 -4.250000 -0.036274
v -0.735708 -4.250000 -0.072460
v -0.731266 -4.250000 -0.108471
v -0.725062 -4.250000 -0.144223
v -0.717112 -4.250000 -0.179628
v -0.707435 -4.250000 -0.214598
v -0.696053 -4.250000 -0.249051
v -0.682994 -4.250000 -0.282905
v -0.668289 -4.250000 -0.316078
v -0.651976 -4.250000 -0.348488
v -0.634091 -4.250000 -0.380059
v -0.614678 -4.250000 -0.410715
v -0.593785 -4.250000 -0.440382
v -0.571460 -4.250000 -0.468988
v -0.547761 -4.250000 -0.496462
v -0.522741 -4.250000 -0.522740
v -0.496461 -4.250000 -0.547762
v -0.468985 -4.250000 -0.571462
v -0.440381 -4.250000 -0.593785
v -0.410715 -4.250000 -0.614679
v -0.380058 -4.250000 -0.634092
v -0.348488 -4.250000 -0.651976
v -0.316077 -4.250000 -0.668290
v -0.282904 -4.250000 -0.682995
v -0.249051 -4.250000 -0.696053
v -0.214597 -4.250000 -0.707435
v -0.179625 -4.250000 -0.717113
v -0.144223 -4.250000 -0.725063
v -0.108472 -4.250000 -0.731266
v -0.072460 -4.250000 -0.735708
v -0.036272 -4.250000 -0.738377
v -0.000000 -4.500000 -0.739267
v 0.036274 -4.500000 -0.738377
v -0.036272 -4.500000 -0.738377
v 0.072460 -4.500000 -0.735708
v 0.108472 -4.500000 -0.731266
v 0.144224 -4.500000 -0.725062
v 0.179628 -4.500000 -0.717112
v 0.214598 -4.500000 -0.707435
v 0.249052 -4.500000 -0.696053
v 0.282905 -4.500000 -0.682994
v 0.316077 -4.500000 -0.668290
v 0.348488 -4.500000 -0.651976
v 0.380059 -4.500000 -0.634091
v 0.410714 -4.500000 -0.614679
v 0.440381 -4.500000 -0.593785
v 0.468986 -4.500000 -0.571461
v 0.496461 -4.500000 -0.547761
v 0.522741 -4.500000 -0.522741
v 0.547761 -4.500000 -0.496461
v 0.571461 -4.500000 -0.468986
v 0.593785 -4.500000 -0.440381
v 0.614678 -4.500000 -0.410715
v 0.634090 -4.500000 -0.380060
v 0.651975 -4.500000 -0.348489
v 0.668289 -4.500000 -0.316077
v 0.682994 -4.500000 -0.282904
v 0.696052 -4.500000 -0.249052
v 0.707434 -4.500000 -0.214599
v 0.717112 -4.500000 -0.179626
v 0.725062 -4.500000 -0.144223
v 0.731265 -4.500000 -0.108473
v 0.735707 -4.500000 -0.072461
v 0.738376 -4.500000 -0.036276
v 0.739267 -4.500000 0.000000
v 0.738376 -4.500000 0.036274
v 0.735707 -4.500000 0.072461
v 0.731265 -4.500000 0.108473
v 0.725062 -4.500000 0.144224
v 0.717111 -4.500000 0.179629
v 0.707434 -4.500000 0.214598
v 0.696052 -4.500000 0.249051
v 0.682994 -4.500000 0.282905
v 0.668289 -4.500000 0.316078
v 0.651974 -4.500000 0.348489
v 0.634091 -4.500000 0.380058
v 0.614678 -4.500000 0.410714
v 0.593784 -4.500000 0.440381
v 0.571461 -4.500000 0.468986
v 0.547760 -4.500000 0.496462
v 0.522741 -4.500000 0.522740
v 0.496461 -4.500000 0.547761
v 0.468986 -4.500000 0.571461
v 0.440381 -4.500000 0.593784
v 0.410714 -4.500000 0.614678
v 0.380060 -4.500000 0.634090
v 0.348489 -4.500000 0.651974
v 0.316077 -4.500000 0.668289
v 0.282904 -4.500000 0.682994
v 0.249052 -4.500000 0.696052
v 0.214599 -4.500000 0.707434
v 0.179628 -4.500000 0.717112
v 0.144224 -4.500000 0.725062
v 0.108475 -4.500000 0.731265
v 0.072462 -4.500000 0.735707
v 0.036275 -4.500000 0.738376
v 0.000002 -4.500000 0.739267
v -0.036273 -4.500000 0.738376
v -0.072460 -4.500000 0.735707
v -0.108473 -4.500000 0.731265
v -0.144222 -4.500000 0.725062
v -0.179625 -4.500000 0.717112
v -0.214596 -4.500000 0.707435
v -0.249050 -4.500000 0.696053
v -0.282905 -4.500000 0.682994
v -0.316076 -4.500000 0.668290
v -0.348486 -4.500000 0.651976
v -0.380058 -4.500000 0.634091
v -0.410713 -4.500000 0.614679
v -0.440379 -4.500000 0.593786
v -0.468984 -4.500000 0.571462
v -0.496461 -4.500000 0.547761
v -0.522739 -4.500000 0.522742
v -0.547759 -4.500000 0.496463
v -0.571459 -4.500000 0.468988
v -0.593783 -4.500000 0.440383
v -0.614678 -4.500000 0.410715
v -0.634089 -4.500000 0.380061
v -0.651974 -4.500000 0.348491
v -0.668289 -4.500000 0.316079
v -0.682994 -4.500000 0.282905
v -0.696053 -4.500000 0.249052
v -0.707434 -4.500000 0.214600
v -0.717112 -4.500000 0.179630
v -0.725062 -4.500000 0.144225
v -0.731266 -4.500000 0.108474
v -0.735707 -4.500000 0.072461
v -0.738377 -4.500000 0.036275
v -0.739267 -4.500000 0.000001
v -0.738377 -4.500000 -0.036274
v -0.735708 -4.500000 -0.072460
v -0.731266 -4.500000 -0.108471
v -0.725062 -4.500000 -0.144223
v -0.717112 -4.500000 -0.179628
v -0.707435 -4.500000 -0.214598
v -0.696053 -4.500000 -0.249051
v -0.682994 -4.500000 -0.282905
v -0.668289 -4.500000 -0.316078
v -0.651976 -4.500000 -0.348488
v -0.634091 -4.500000 -0.380059
v -0.614678 -4.500000 -0.410715
v -0.593785 -4.500000 -0.440382
v -0.571460 -4.500000 -0.468988
v -0.547761 -4.500000 -0.496462
v -0.522741 -4.500000 -0.522740
v -0.496461 -4.500000 -0.547762
v -0.468985 -4.500000 -0.571462
v -0.440381 -4.500000 -0.593785
v -0.410714 -4.500000 -0.614679
v -0.380058 -4.500000 -0.634092
v -0.348488 -4.500000 -0.651976
v -0.316077 -4.500000 -0.668290
v -0.282903 -4.500000 -0.682995
v -0.249051 -4.500000 -0.696053
v -0.214596 -4.500000 -0.707435
v -0.179625 -4.500000 -0.717113
v -0.144223 -4.500000 -0.725063
v -0.108472 -4.500000 -0.731266
v -0.072459 -4.500000 -0.735708
v -0.000000 -4.500000 -0.983225
v 0.048245 -4.500000 -0.982041
v -0.048242 -4.500000 -0.982041
v 0.096371 -4.500000 -0.978491
v 0.144267 -4.500000 -0.972584
v 0.191817 -4.500000 -0.964333
v 0.238905 -4.500000 -0.953759
v 0.285415 -4.500000 -0.940888
v 0.331239 -4.500000 -0.925750
v 0.376264 -4.500000 -0.908382
v 0.420382 -4.500000 -0.888826
v 0.463489 -4.500000 -0.867128
v 0.505478 -4.500000 -0.843341
v 0.546249 -4.500000 -0.817523
v 0.585706 -4.500000 -0.789734
v 0.623751 -4.500000 -0.760043
v 0.660293 -4.500000 -0.728522
v 0.695245 -4.500000 -0.695245
v 0.728522 -4.500000 -0.660293
v 0.760043 -4.500000 -0.623751
v 0.789733 -4.500000 -0.585707
v 0.817522 -4.500000 -0.546251
v 0.843340 -4.500000 -0.505480
v 0.867126 -4.500000 -0.463490
v 0.888825 -4.500000 -0.420383
v 0.908382 -4.500000 -0.376262
v 0.925749 -4.500000 -0.331239
v 0.940887 -4.500000 -0.285417
v 0.953759 -4.500000 -0.238903
v 0.964333 -4.500000 -0.191817
v 0.972583 -4.500000 -0.144269
v 0.978490 -4.500000 -0.096373
v 0.982040 -4.500000 -0.048246
v 0.983225 -4.500000 0.000000
v 0.982040 -4.500000 0.048245
v 0.978490 -4.500000 0.096373
v 0.972583 -4.500000 0.144269
v 0.964332 -4.500000 0.191818
v 0.953758 -4.500000 0.238907
v 0.940888 -4.500000 0.285415
v 0.925750 -4.500000 0.331237
v 0.908381 -4.500000 0.376263
v 0.888824 -4.500000 0.420383
v 0.867126 -4.500000 0.463490
v 0.843340 -4.500000 0.505478
v 0.817522 -4.500000 0.546250
v 0.789733 -4.500000 0.585706
v 0.760043 -4.500000 0.623751
v 0.728521 -4.500000 0.660294
v 0.695245 -4.500000 0.695244
v 0.660293 -4.500000 0.728522
v 0.623751 -4.500000 0.760043
v 0.585707 -4.500000 0.789733
v 0.546250 -4.500000 0.817522
v 0.505480 -4.500000 0.843339
v 0.463491 -4.500000 0.867126
v 0.420383 -4.500000 0.888824
v 0.376263 -4.500000 0.908382
v 0.331240 -4.500000 0.925749
v 0.285417 -4.500000 0.940887
v 0.238905 -4.500000 0.953759
v 0.191818 -4.500000 0.964332
v 0.144271 -4.500000 0.972583
v 0.096374 -4.500000 0.978490
v 0.048246 -4.500000 0.982040
v 0.000002 -4.500000 0.983225
v -0.048244 -4.500000 0.982040
v -0.096372 -4.500000 0.978490
v -0.144269 -4.500000 0.972583
v -0.191815 -4.500000 0.964333
v -0.238901 -4.500000 0.953760
v -0.285413 -4.500000 0.940888
v -0.331236 -4.500000 0.925750
v -0.376264 -4.500000 0.908382
v -0.420381 -4.500000 0.888826
v -0.463487 -4.500000 0.867128
v -0.505477 -4.500000 0.843341
v -0.546248 -4.500000 0.817523
v -0.585704 -4.500000 0.789736
v -0.623749 -4.500000 0.760045
v -0.660293 -4.500000 0.728523
v -0.695243 -4.500000 0.695247
v -0.728520 -4.500000 0.660296
v -0.760041 -4.500000 0.623754
v -0.789732 -4.500000 0.585710
v -0.817521 -4.500000 0.546251
v -0.843339 -4.500000 0.505481
v -0.867125 -4.500000 0.463492
v -0.888824 -4.500000 0.420385
v -0.908382 -4.500000 0.376264
v -0.925750 -4.500000 0.331239
v -0.940887 -4.500000 0.285418
v -0.953758 -4.500000 0.238907
v -0.964333 -4.500000 0.191819
v -0.972583 -4.500000 0.144271
v -0.978491 -4.500000 0.096374
v -0.982041 -4.500000 0.048245
v -0.983226 -4.500000 0.000001
v -0.982041 -4.500000 -0.048244
v -0.978491 -4.500000 -0.096372
v -0.972584 -4.500000 -0.144267
v -0.964333 -4.500000 -0.191817
v -0.953759 -4.500000 -0.238905
v -0.940888 -4.500000 -0.285416
v -0.925751 -4.500000 -0.331238
v -0.908382 -4.500000 -0.376263
v -0.888825 -4.500000 -0.420384
v -0.867128 -4.500000 -0.463489
v -0.843341 -4.500000 -0.505479
v -0.817522 -4.500000 -0.546251
v -0.789734 -4.500000 -0.585708
v -0.760042 -4.500000 -0.623753
v -0.728522 -4.500000 -0.660295
v -0.695246 -4.500000 -0.695245
v -0.660293 -4.500000 -0.728523
v -0.623750 -4.500000 -0.760045
v -0.585707 -4.500000 -0.789734
v -0.546250 -4.500000 -0.817523
v -0.505477 -4.500000 -0.843342
v -0.463489 -4.500000 -0.867128
v -0.420382 -4.500000 -0.888826
v -0.376262 -4.500000 -0.908383
v -0.331238 -4.500000 -0.925750
v -0.285413 -4.500000 -0.940889
v -0.238901 -4.500000 -0.953760
v -0.191816 -4.500000 -0.964334
v -0.144268 -4.500000 -0.972584
v -0.096371 -4.500000 -0.978491
v -0.000001 -5.500000 -0.983225
v 0.048245 -5.500000 -0.982041
v -0.048242 -5.500000 -0.982041
v 0.096371 -5.500000 -0.978491
v 0.144267 -5.500000 -0.972584
v 0.191817 -5.500000 -0.964333
v 0.238905 -5.500000 -0.953759
v 0.285414 -5.500000 -0.940888
v 0.331239 -5.500000 -0.925750
v 0.376263 -5.500000 -0.908382
v 0.420382 -5.500000 -0.888826
v 0.463488 -5.500000 -0.867128
v 0.505478 -5.500000 -0.843341
v 0.546249 -5.500000 -0.817523
v 0.585706 -5.500000 -0.789734
v 0.623751 -5.500000 -0.760043
v 0.660293 -5.500000 -0.728522
v 0.695245 -5.500000 -0.695245
v 0.728522 -5.500000 -0.660293
v 0.760043 -5.500000 -0.623751
v 0.789733 -5.500000 -0.585707
v 0.817521 -5.500000 -0.546251
v 0.843339 -5.500000 -0.505480
v 0.867126 -5.500000 -0.463490
v 0.888824 -5.500000 -0.420383
v 0.908382 -5.500000 -0.376262
v 0.925749 -5.500000 -0.331239
v 0.940887 -5.500000 -0.285417
v 0.953759 -5.500000 -0.238903
v 0.964332 -5.500000 -0.191817
v 0.972583 -5.500000 -0.144269
v 0.978490 -5.500000 -0.096373
v 0.982040 -5.500000 -0.048246
v 0.983224 -5.500000 0.000000
v 0.982040 -5.500000 0.048245
v 0.978490 -5.500000 0.096373
v 0.972583 -5.500000 0.144269
v 0.964332 -5.500000 0.191818
v 0.953758 -5.500000 0.238907
v 0.940887 -5.500000 0.285415
v 0.925750 -5.500000 0.331237
v 0.908381 -5.500000 0.376263
v 0.888824 -5.500000 0.420383
v 0.867126 -5.500000 0.463490
v 0.843340 -5.500000 0.505478
v 0.817521 -5.500000 0.546250
v 0.789733 -5.500000 0.585706
v 0.760043 -5.500000 0.623751
v 0.728521 -5.500000 0.660294
v 0.695245 -5.500000 0.695244
v 0.660293 -5.500000 0.728522
v 0.623751 -5.500000 0.760043
v 0.585707 -5.500000 0.789733
v 0.546250 -5.500000 0.817522
v 0.505479 -5.500000 0.843339
v 0.463490 -5.500000 0.867126
v 0.420382 -5.500000 0.888824
v 0.376263 -5.500000 0.908382
v 0.331239 -5.500000 0.925749
v 0.285416 -5.500000 0.940887
v 0.238904 -5.500000 0.953759
v 0.191818 -5.500000 0.964332
v 0.144271 -5.500000 0.972583
v 0.096374 -5.500000 0.978490
v 0.048246 -5.500000 0.982040
v 0.000002 -5.500000 0.983225
v -0.048244 -5.500000 0.982040
v -0.096372 -5.500000 0.978490
v -0.144269 -5.500000 0.972583
v -0.191815 -5.500000 0.964333
v -0.238902 -5.500000 0.953760
v -0.285413 -5.500000 0.940888
v -0.331237 -5.500000 0.925750
v -0.376264 -5.500000 0.908382
v -0.420381 -5.500000 0.888826
v -0.463487 -5.500000 0.867128
v -0.505477 -5.500000 0.843341
v -0.546248 -5.500000 0.817523
v -0.585704 -5.500000 0.789736
v -0.623749 -5.500000 0.760045
v -0.660293 -5.500000 0.728523
v -0.695243 -5.500000 0.695247
v -0.728520 -5.500000 0.660296
v -0.760041 -5.500000 0.623754
v -0.789732 -5.500000 0.585710
v -0.817521 -5.500000 0.546251
v -0.843339 -5.500000 0.505481
v -0.867126 -5.500000 0.463492
v -0.888824 -5.500000 0.420385
v -0.908382 -5.500000 0.376264
v -0.925750 -5.500000 0.331239
v -0.940887 -5.500000 0.285418
v -0.953759 -5.500000 0.238907
v -0.964333 -5.500000 0.191819
v -0.972584 -5.500000 0.144271
v -0.978491 -5.500000 0.096374
v -0.982041 -5.500000 0.048245
v -0.983226 -5.500000 0.000001
v -0.982041 -5.500000 -0.048244
v -0.978491 -5.500000 -0.096372
v -0.972584 -5.500000 -0.144267
v -0.964333 -5.500000 -0.191817
v -0.953760 -5.500000 -0.238905
v -0.940888 -5.500000 -0.285416
v -0.925751 -5.500000 -0.331238
v -0.908382 -5.500000 -0.376263
v -0.888825 -5.500000 -0.420384
v -0.867128 -5.500000 -0.463489
v -0.843341 -5.500000 -0.505479
v -0.817522 -5.500000 -0.546251
v -0.789734 -5.500000 -0.585708
v -0.760043 -5.500000 -0.623753
v -0.728522 -5.500000 -0.660295
v -0.695246 -5.500000 -0.695245
v -0.660293 -5.500000 -0.728523
v -0.623750 -5.500000 -0.760045
v -0.585707 -5.500000 -0.789734
v -0.546250 -5.500000 -0.817523
v -0.505477 -5.500000 -0.843342
v -0.463490 -5.500000 -0.867128
v -0.420382 -5.500000 -0.888826
v -0.376262 -5.500000 -0.908383
v -0.331238 -5.500000 -0.925750
v -0.285414 -5.500000 -0.940889
v -0.238901 -5.500000 -0.953760
v -0.191816 -5.500000 -0.964334
v -0.144268 -5.500000 -0.972584
v -0.096371 -5.500000 -0.978491
v -0.000000 -5.500000 -0.733150
v 0.035974 -5.500000 -0.732267
v 0.071859 -5.500000 -0.729620
v 0.107573 -5.500000 -0.725215
v 0.143030 -5.500000 -0.719063
v 0.178142 -5.500000 -0.711178
v 0.212821 -5.500000 -0.701581
v 0.246991 -5.500000 -0.690293
v 0.280564 -5.500000 -0.677342
v 0.313461 -5.500000 -0.662760
v 0.345604 -5.500000 -0.646581
v 0.376913 -5.500000 -0.628844
v 0.407314 -5.500000 -0.609593
v 0.436736 -5.500000 -0.588872
v 0.465105 -5.500000 -0.566732
v 0.492353 -5.500000 -0.543228
v 0.518415 -5.500000 -0.518415
v 0.543229 -5.500000 -0.492352
v 0.566732 -5.500000 -0.465105
v 0.588871 -5.500000 -0.436737
v 0.609591 -5.500000 -0.407317
v 0.628842 -5.500000 -0.376916
v 0.646579 -5.500000 -0.345606
v 0.662759 -5.500000 -0.313462
v 0.677343 -5.500000 -0.280562
v 0.690292 -5.500000 -0.246992
v 0.701579 -5.500000 -0.212825
v 0.711178 -5.500000 -0.178139
v 0.719062 -5.500000 -0.143030
v 0.725214 -5.500000 -0.107576
v 0.729619 -5.500000 -0.071861
v 0.732266 -5.500000 -0.035976
v 0.733149 -5.500000 -0.000000
v 0.732266 -5.500000 0.035974
v 0.729619 -5.500000 0.071861
v 0.725214 -5.500000 0.107575
v 0.719062 -5.500000 0.143031
v 0.711177 -5.500000 0.178144
v 0.701580 -5.500000 0.212822
v 0.690293 -5.500000 0.246989
v 0.677342 -5.500000 0.280563
v 0.662758 -5.500000 0.313462
v 0.646579 -5.500000 0.345606
v 0.628843 -5.500000 0.376913
v 0.609592 -5.500000 0.407315
v 0.588871 -5.500000 0.436736
v 0.566732 -5.500000 0.465105
v 0.543227 -5.500000 0.492354
v 0.518416 -5.500000 0.518414
v 0.492352 -5.500000 0.543228
v 0.465105 -5.500000 0.566732
v 0.436737 -5.500000 0.588870
v 0.407315 -5.500000 0.609592
v 0.376915 -5.500000 0.628842
v 0.345606 -5.500000 0.646579
v 0.313461 -5.500000 0.662759
v 0.280562 -5.500000 0.677342
v 0.246991 -5.500000 0.690292
v 0.212823 -5.500000 0.701580
v 0.178141 -5.500000 0.711178
v 0.143030 -5.500000 0.719062
v 0.107577 -5.500000 0.725214
v 0.071862 -5.500000 0.729619
v 0.035975 -5.500000 0.732266
v 0.000001 -5.500000 0.733149
v -0.035974 -5.500000 0.732266
v -0.071861 -5.500000 0.729619
v -0.107576 -5.500000 0.725214
v -0.143028 -5.500000 0.719063
v -0.178139 -5.500000 0.711179
v -0.212821 -5.500000 0.701581
v -0.246989 -5.500000 0.690293
v -0.280565 -5.500000 0.677342
v -0.313460 -5.500000 0.662760
v -0.345603 -5.500000 0.646581
v -0.376914 -5.500000 0.628844
v -0.407315 -5.500000 0.609593
v -0.436735 -5.500000 0.588873
v -0.465104 -5.500000 0.566734
v -0.492353 -5.500000 0.543228
v -0.518414 -5.500000 0.518417
v -0.543227 -5.500000 0.492355
v -0.566731 -5.500000 0.465107
v -0.588870 -5.500000 0.436739
v -0.609592 -5.500000 0.407316
v -0.628843 -5.500000 0.376916
v -0.646579 -5.500000 0.345607
v -0.662759 -5.500000 0.313463
v -0.677343 -5.500000 0.280564
v -0.690294 -5.500000 0.246990
v -0.701580 -5.500000 0.212825
v -0.711178 -5.500000 0.178144
v -0.719063 -5.500000 0.143031
v -0.725215 -5.500000 0.107576
v -0.729620 -5.500000 0.071862
v -0.732267 -5.500000 0.035974
v -0.733150 -5.500000 0.000001
v -0.732267 -5.500000 -0.035974
v -0.729620 -5.500000 -0.071861
v -0.725215 -5.500000 -0.107573
v -0.719063 -5.500000 -0.143030
v -0.711179 -5.500000 -0.178142
v -0.701581 -5.500000 -0.212823
v -0.690294 -5.500000 -0.246990
v -0.677343 -5.500000 -0.280563
v -0.662760 -5.500000 -0.313463
v -0.646581 -5.500000 -0.345604
v -0.628844 -5.500000 -0.376915
v -0.609592 -5.500000 -0.407317
v -0.588871 -5.500000 -0.436738
v -0.566732 -5.500000 -0.465107
v -0.543229 -5.500000 -0.492354
v -0.518417 -5.500000 -0.518414
v -0.492353 -5.500000 -0.543229
v -0.465104 -5.500000 -0.566734
v -0.436737 -5.500000 -0.588872
v -0.407316 -5.500000 -0.609592
v -0.376913 -5.500000 -0.628845
v -0.345605 -5.500000 -0.646581
v -0.313462 -5.500000 -0.662760
v -0.280563 -5.500000 -0.677343
v -0.246991 -5.500000 -0.690293
v -0.212821 -5.500000 -0.701581
v -0.178138 -5.500000 -0.711179
v -0.143030 -5.500000 -0.719063
v -0.107575 -5.500000 -0.725215
v -0.071860 -5.500000 -0.729620
v -0.035972 -5.500000 -0.732267
v -0.000000 -5.750000 -0.733150
v 0.035974 -5.750000 -0.732267
v -0.035972 -5.750000 -0.732267
v 0.071859 -5.750000 -0.729620
v 0.107573 -5.750000 -0.725215
v 0.143030 -5.750000 -0.719063
v 0.178142 -5.750000 -0.711178
v 0.212822 -5.750000 -0.701581
v 0.246991 -5.750000 -0.690293
v 0.280564 -5.750000 -0.677342
v 0.313461 -5.750000 -0.662760
v 0.345604 -5.750000 -0.646581
v 0.376913 -5.750000 -0.628844
v 0.407314 -5.750000 -0.609593
v 0.436736 -5.750000 -0.588872
v 0.465105 -5.750000 -0.566732
v 0.492353 -5.750000 -0.543228
v 0.518415 -5.750000 -0.518415
v 0.543229 -5.750000 -0.492352
v 0.566733 -5.750000 -0.465105
v 0.588871 -5.750000 -0.436737
v 0.609591 -5.750000 -0.407317
v 0.628843 -5.750000 -0.376916
v 0.646579 -5.750000 -0.345606
v 0.662759 -5.750000 -0.313462
v 0.677343 -5.750000 -0.280562
v 0.690292 -5.750000 -0.246992
v 0.701580 -5.750000 -0.212825
v 0.711178 -5.750000 -0.178139
v 0.719062 -5.750000 -0.143030
v 0.725214 -5.750000 -0.107576
v 0.729619 -5.750000 -0.071861
v 0.732266 -5.750000 -0.035976
v 0.733149 -5.750000 -0.000000
v 0.732266 -5.750000 0.035974
v 0.729619 -5.750000 0.071861
v 0.725214 -5.750000 0.107575
v 0.719062 -5.750000 0.143031
v 0.711177 -5.750000 0.178144
v 0.701580 -5.750000 0.212822
v 0.690293 -5.750000 0.246989
v 0.677342 -5.750000 0.280563
v 0.662759 -5.750000 0.313462
v 0.646579 -5.750000 0.345606
v 0.628844 -5.750000 0.376913
v 0.609592 -5.750000 0.407315
v 0.588871 -5.750000 0.436736
v 0.566732 -5.750000 0.465105
v 0.543227 -5.750000 0.492354
v 0.518416 -5.750000 0.518414
v 0.492353 -5.750000 0.543228
v 0.465105 -5.750000 0.566732
v 0.436737 -5.750000 0.588870
v 0.407315 -5.750000 0.609592
v 0.376915 -5.750000 0.628842
v 0.345606 -5.750000 0.646579
v 0.313461 -5.750000 0.662759
v 0.280562 -5.750000 0.677342
v 0.246991 -5.750000 0.690292
v 0.212823 -5.750000 0.701580
v 0.178141 -5.750000 0.711178
v 0.143030 -5.750000 0.719062
v 0.107577 -5.750000 0.725214
v 0.071862 -5.750000 0.729619
v 0.035975 -5.750000 0.732266
v 0.000001 -5.750000 0.733149
v -0.035974 -5.750000 0.732266
v -0.071861 -5.750000 0.729619
v -0.107576 -5.750000 0.725214
v -0.143028 -5.750000 0.719063
v -0.178139 -5.750000 0.711179
v -0.212821 -5.750000 0.701581
v -0.246989 -5.750000 0.690293
v -0.280565 -5.750000 0.677342
v -0.313460 -5.750000 0.662760
v -0.345603 -5.750000 0.646581
v -0.376913 -5.750000 0.628844
v -0.407314 -5.750000 0.609593
v -0.436735 -5.750000 0.588873
v -0.465104 -5.750000 0.566734
v -0.492353 -5.750000 0.543228
v -0.518414 -5.750000 0.518417
v -0.543227 -5.750000 0.492355
v -0.566731 -5.750000 0.465107
v -0.588870 -5.750000 0.436739
v -0.609592 -5.750000 0.407316
v -0.628843 -5.750000 0.376916
v -0.646579 -5.750000 0.345607
v -0.662759 -5.750000 0.313463
v -0.677342 -5.750000 0.280564
v -0.690294 -5.750000 0.246990
v -0.701580 -5.750000 0.212825
v -0.711178 -5.750000 0.178144
v -0.719063 -5.750000 0.143031
v -0.725215 -5.750000 0.107576
v -0.729620 -5.750000 0.071862
v -0.732267 -5.750000 0.035974
v -0.733150 -5.750000 0.000001
v -0.732267 -5.750000 -0.035974
v -0.729620 -5.750000 -0.071861
v -0.725215 -5.750000 -0.107573
v -0.719063 -5.750000 -0.143030
v -0.711178 -5.750000 -0.178142
v -0.701581 -5.750000 -0.212823
v -0.690294 -5.750000 -0.246990
v -0.677343 -5.750000 -0.280563
v -0.662760 -5.750000 -0.313463
v -0.646581 -5.750000 -0.345604
v -0.628844 -5.750000 -0.376915
v -0.609592 -5.750000 -0.407317
v -0.588871 -5.750000 -0.436738
v -0.566732 -5.750000 -0.465107
v -0.543229 -5.750000 -0.492354
v -0.518417 -5.750000 -0.518414
v -0.492353 -5.750000 -0.543229
v -0.465104 -5.750000 -0.566734
v -0.436737 -5.750000 -0.588872
v -0.407316 -5.750000 -0.609592
v -0.376913 -5.750000 -0.628845
v -0.345605 -5.750000 -0.646581
v -0.313462 -5.750000 -0.662760
v -0.280562 -5.750000 -0.677343
v -0.246991 -5.750000 -0.690293
v -0.212821 -5.750000 -0.701581
v -0.178138 -5.750000 -0.711179
v -0.143030 -5.750000 -0.719063
v -0.107575 -5.750000 -0.725215
v -0.071860 -5.750000 -0.729620
v -0.000000 -5.750000 -0.975090
v 0.047846 -5.750000 -0.973915
v -0.047843 -5.750000 -0.973915
v 0.095573 -5.750000 -0.970394
v 0.143072 -5.750000 -0.964536
v 0.190230 -5.750000 -0.956353
v 0.236929 -5.750000 -0.945867
v 0.283053 -5.750000 -0.933103
v 0.328498 -5.750000 -0.918090
v 0.373150 -5.750000 -0.900865
v 0.416903 -5.750000 -0.881471
v 0.459653 -5.750000 -0.859953
v 0.501295 -5.750000 -0.836363
v 0.541728 -5.750000 -0.810759
v 0.580859 -5.750000 -0.783199
v 0.618590 -5.750000 -0.753754
v 0.654830 -5.750000 -0.722493
v 0.689492 -5.750000 -0.689492
v 0.722494 -5.750000 -0.654829
v 0.753754 -5.750000 -0.618590
v 0.783198 -5.750000 -0.580861
v 0.810757 -5.750000 -0.541731
v 0.836361 -5.750000 -0.501298
v 0.859950 -5.750000 -0.459656
v 0.881470 -5.750000 -0.416904
v 0.900866 -5.750000 -0.373147
v 0.918089 -5.750000 -0.328499
v 0.933101 -5.750000 -0.283057
v 0.945867 -5.750000 -0.236925
v 0.956353 -5.750000 -0.190230
v 0.964535 -5.750000 -0.143075
v 0.970393 -5.750000 -0.095575
v 0.973914 -5.750000 -0.047849
v 0.975088 -5.750000 -0.000000
v 0.973914 -5.750000 0.047846
v 0.970393 -5.750000 0.095575
v 0.964535 -5.750000 0.143075
v 0.956352 -5.750000 0.190231
v 0.945865 -5.750000 0.236931
v 0.933102 -5.750000 0.283053
v 0.918090 -5.750000 0.328495
v 0.900865 -5.750000 0.373149
v 0.881469 -5.750000 0.416905
v 0.859950 -5.750000 0.459656
v 0.836362 -5.750000 0.501295
v 0.810757 -5.750000 0.541729
v 0.783198 -5.750000 0.580859
v 0.753753 -5.750000 0.618590
v 0.722492 -5.750000 0.654831
v 0.689493 -5.750000 0.689491
v 0.654829 -5.750000 0.722493
v 0.618590 -5.750000 0.753753
v 0.580860 -5.750000 0.783198
v 0.541729 -5.750000 0.810757
v 0.501297 -5.750000 0.836361
v 0.459656 -5.750000 0.859950
v 0.416904 -5.750000 0.881470
v 0.373148 -5.750000 0.900865
v 0.328499 -5.750000 0.918088
v 0.283055 -5.750000 0.933101
v 0.236927 -5.750000 0.945866
v 0.190230 -5.750000 0.956353
v 0.143078 -5.750000 0.964535
v 0.095577 -5.750000 0.970393
v 0.047846 -5.750000 0.973914
v 0.000002 -5.750000 0.975089
v -0.047846 -5.750000 0.973914
v -0.095575 -5.750000 0.970394
v -0.143076 -5.750000 0.964535
v -0.190227 -5.750000 0.956354
v -0.236925 -5.750000 0.945868
v -0.283052 -5.750000 0.933103
v -0.328496 -5.750000 0.918090
v -0.373152 -5.750000 0.900864
v -0.416902 -5.750000 0.881472
v -0.459652 -5.750000 0.859953
v -0.501295 -5.750000 0.836363
v -0.541728 -5.750000 0.810759
v -0.580858 -5.750000 0.783201
v -0.618588 -5.750000 0.753756
v -0.654830 -5.750000 0.722494
v -0.689490 -5.750000 0.689494
v -0.722492 -5.750000 0.654832
v -0.753752 -5.750000 0.618593
v -0.783197 -5.750000 0.580863
v -0.810757 -5.750000 0.541730
v -0.836361 -5.750000 0.501298
v -0.859950 -5.750000 0.459658
v -0.881470 -5.750000 0.416906
v -0.900866 -5.750000 0.373150
v -0.918091 -5.750000 0.328496
v -0.933102 -5.750000 0.283058
v -0.945866 -5.750000 0.236932
v -0.956353 -5.750000 0.190231
v -0.964536 -5.750000 0.143076
v -0.970394 -5.750000 0.095576
v -0.973915 -5.750000 0.047845
v -0.975090 -5.750000 0.000001
v -0.973915 -5.750000 -0.047845
v -0.970395 -5.750000 -0.095575
v -0.964536 -5.750000 -0.143073
v -0.956354 -5.750000 -0.190230
v -0.945867 -5.750000 -0.236929
v -0.933103 -5.750000 -0.283055
v -0.918091 -5.750000 -0.328496
v -0.900866 -5.750000 -0.373149
v -0.881470 -5.750000 -0.416906
v -0.859953 -5.750000 -0.459654
v -0.836363 -5.750000 -0.501296
v -0.810758 -5.750000 -0.541731
v -0.783199 -5.750000 -0.580861
v -0.753753 -5.750000 -0.618593
v -0.722494 -5.750000 -0.654831
v -0.689494 -5.750000 -0.689491
v -0.654829 -5.750000 -0.722495
v -0.618589 -5.750000 -0.753757
v -0.580861 -5.750000 -0.783200
v -0.541731 -5.750000 -0.810758
v -0.501294 -5.750000 -0.836364
v -0.459655 -5.750000 -0.859952
v -0.416904 -5.750000 -0.881471
v -0.373148 -5.750000 -0.900867
v -0.328498 -5.750000 -0.918090
v -0.283052 -5.750000 -0.933103
v -0.236924 -5.750000 -0.945869
v -0.190230 -5.750000 -0.956354
v -0.143074 -5.750000 -0.964536
v -0.095574 -5.750000 -0.970395
v 0.000000 -6.750000 -0.975090
v 0.047846 -6.750000 -0.973915
v -0.047842 -6.750000 -0.973915
v 0.095574 -6.750000 -0.970394
v 0.143073 -6.750000 -0.964536
v 0.190230 -6.750000 -0.956353
v 0.236929 -6.750000 -0.945867
v 0.283053 -6.750000 -0.933103
v 0.328498 -6.750000 -0.918090
v 0.373150 -6.750000 -0.900865
v 0.416904 -6.750000 -0.881471
v 0.459653 -6.750000 -0.859953
v 0.501295 -6.750000 -0.836363
v 0.541728 -6.750000 -0.810759
v 0.580859 -6.750000 -0.783199
v 0.618590 -6.750000 -0.753754
v 0.654830 -6.750000 -0.722493
v 0.689493 -6.750000 -0.689492
v 0.722495 -6.750000 -0.654829
v 0.753755 -6.750000 -0.618590
v 0.783199 -6.750000 -0.580861
v 0.810757 -6.750000 -0.541731
v 0.836361 -6.750000 -0.501298
v 0.859951 -6.750000 -0.459656
v 0.881470 -6.750000 -0.416904
v 0.900866 -6.750000 -0.373147
v 0.918089 -6.750000 -0.328499
v 0.933101 -6.750000 -0.283057
v 0.945867 -6.750000 -0.236925
v 0.956353 -6.750000 -0.190230
v 0.964535 -6.750000 -0.143075
v 0.970394 -6.750000 -0.095575
v 0.973914 -6.750000 -0.047849
v 0.975089 -6.750000 -0.000000
v 0.973915 -6.750000 0.047846
v 0.970394 -6.750000 0.095575
v 0.964535 -6.750000 0.143075
v 0.956353 -6.750000 0.190231
v 0.945866 -6.750000 0.236931
v 0.933102 -6.750000 0.283053
v 0.918090 -6.750000 0.328495
v 0.900865 -6.750000 0.373149
v 0.881469 -6.750000 0.416905
v 0.859950 -6.750000 0.459656
v 0.836362 -6.750000 0.501295
v 0.810757 -6.750000 0.541729
v 0.783199 -6.750000 0.580859
v 0.753754 -6.750000 0.618590
v 0.722492 -6.750000 0.654831
v 0.689493 -6.750000 0.689491
v 0.654829 -6.750000 0.722493
v 0.618590 -6.750000 0.753753
v 0.580861 -6.750000 0.783198
v 0.541730 -6.750000 0.810757
v 0.501298 -6.750000 0.836361
v 0.459656 -6.750000 0.859950
v 0.416904 -6.750000 0.881470
v 0.373149 -6.750000 0.900865
v 0.328499 -6.750000 0.918088
v 0.283055 -6.750000 0.933101
v 0.236928 -6.750000 0.945866
v 0.190230 -6.750000 0.956353
v 0.143078 -6.750000 0.964535
v 0.095577 -6.750000 0.970393
v 0.047847 -6.750000 0.973914
v 0.000002 -6.750000 0.975089
v -0.047845 -6.750000 0.973914
v -0.095575 -6.750000 0.970394
v -0.143076 -6.750000 0.964535
v -0.190227 -6.750000 0.956354
v -0.236924 -6.750000 0.945868
v -0.283051 -6.750000 0.933103
v -0.328495 -6.750000 0.918090
v -0.373151 -6.750000 0.900864
v -0.416901 -6.750000 0.881472
v -0.459651 -6.750000 0.859953
v -0.501294 -6.750000 0.836363
v -0.541728 -6.750000 0.810759
v -0.580857 -6.750000 0.783201
v -0.618587 -6.750000 0.753756
v -0.654829 -6.750000 0.722494
v -0.689490 -6.750000 0.689494
v -0.722491 -6.750000 0.654832
v -0.753752 -6.750000 0.618593
v -0.783196 -6.750000 0.580863
v -0.810757 -6.750000 0.541730
v -0.836361 -6.750000 0.501298
v -0.859950 -6.750000 0.459658
v -0.881469 -6.750000 0.416906
v -0.900865 -6.750000 0.373150
v -0.918090 -6.750000 0.328496
v -0.933101 -6.750000 0.283058
v -0.945866 -6.750000 0.236932
v -0.956353 -6.750000 0.190231
v -0.964535 -6.750000 0.143076
v -0.970394 -6.750000 0.095576
v -0.973915 -6.750000 0.047845
v -0.975090 -6.750000 0.000001
v -0.973915 -6.750000 -0.047845
v -0.970394 -6.750000 -0.095575
v -0.964536 -6.750000 -0.143073
v -0.956353 -6.750000 -0.190230
v -0.945867 -6.750000 -0.236929
v -0.933102 -6.750000 -0.283055
v -0.918091 -6.750000 -0.328496
v -0.900866 -6.750000 -0.373149
v -0.881470 -6.750000 -0.416906
v -0.859952 -6.750000 -0.459654
v -0.836362 -6.750000 -0.501296
v -0.810757 -6.750000 -0.541731
v -0.783198 -6.750000 -0.580861
v -0.753753 -6.750000 -0.618593
v -0.722493 -6.750000 -0.654831
v -0.689494 -6.750000 -0.689491
v -0.654829 -6.750000 -0.722495
v -0.618588 -6.750000 -0.753757
v -0.580860 -6.750000 -0.783200
v -0.541730 -6.750000 -0.810758
v -0.501294 -6.750000 -0.836364
v -0.459655 -6.750000 -0.859952
v -0.416904 -6.750000 -0.881471
v -0.373148 -6.750000 -0.900867
v -0.328497 -6.750000 -0.918090
v -0.283051 -6.750000 -0.933103
v -0.236923 -6.750000 -0.945869
v -0.190229 -6.750000 -0.956354
v -0.143074 -6.750000 -0.964536
v -0.095574 -6.750000 -0.970395
v 0.000000 -6.750000 -0.725014
v 0.035576 -6.750000 -0.724141
v 0.071062 -6.750000 -0.721523
v 0.106379 -6.750000 -0.717168
v 0.141443 -6.750000 -0.711083
v 0.176166 -6.750000 -0.703286
v 0.210460 -6.750000 -0.693795
v 0.244251 -6.750000 -0.682633
v 0.277451 -6.750000 -0.669826
v 0.309983 -6.750000 -0.655405
v 0.341769 -6.750000 -0.639406
v 0.372731 -6.750000 -0.621866
v 0.402794 -6.750000 -0.602829
v 0.431890 -6.750000 -0.582337
v 0.459944 -6.750000 -0.560443
v 0.486890 -6.750000 -0.537199
v 0.512663 -6.750000 -0.512662
v 0.537201 -6.750000 -0.486889
v 0.560444 -6.750000 -0.459944
v 0.582337 -6.750000 -0.431891
v 0.602827 -6.750000 -0.402797
v 0.621864 -6.750000 -0.372734
v 0.639404 -6.750000 -0.341772
v 0.655405 -6.750000 -0.309984
v 0.669827 -6.750000 -0.277447
v 0.682632 -6.750000 -0.244251
v 0.693794 -6.750000 -0.210464
v 0.703287 -6.750000 -0.176162
v 0.711083 -6.750000 -0.141442
v 0.717167 -6.750000 -0.106382
v 0.721523 -6.750000 -0.071064
v 0.724140 -6.750000 -0.035579
v 0.725014 -6.750000 -0.000000
v 0.724140 -6.750000 0.035575
v 0.721523 -6.750000 0.071063
v 0.717167 -6.750000 0.106381
v 0.711083 -6.750000 0.141443
v 0.703285 -6.750000 0.176168
v 0.693795 -6.750000 0.210460
v 0.682633 -6.750000 0.244247
v 0.669826 -6.750000 0.277449
v 0.655404 -6.750000 0.309984
v 0.639404 -6.750000 0.341771
v 0.621866 -6.750000 0.372730
v 0.602828 -6.750000 0.402795
v 0.582336 -6.750000 0.431890
v 0.560442 -6.750000 0.459944
v 0.537198 -6.750000 0.486891
v 0.512664 -6.750000 0.512660
v 0.486889 -6.750000 0.537200
v 0.459944 -6.750000 0.560443
v 0.431891 -6.750000 0.582335
v 0.402795 -6.750000 0.602827
v 0.372733 -6.750000 0.621864
v 0.341772 -6.750000 0.639403
v 0.309983 -6.750000 0.655404
v 0.277448 -6.750000 0.669826
v 0.244251 -6.750000 0.682632
v 0.210462 -6.750000 0.693794
v 0.176164 -6.750000 0.703286
v 0.141442 -6.750000 0.711083
v 0.106384 -6.750000 0.717166
v 0.071066 -6.750000 0.721522
v 0.035576 -6.750000 0.724140
v 0.000002 -6.750000 0.725013
v -0.035575 -6.750000 0.724140
v -0.071064 -6.750000 0.721522
v -0.106383 -6.750000 0.717166
v -0.141440 -6.750000 0.711083
v -0.176161 -6.750000 0.703287
v -0.210459 -6.750000 0.693795
v -0.244248 -6.750000 0.682633
v -0.277452 -6.750000 0.669825
v -0.309981 -6.750000 0.655406
v -0.341767 -6.750000 0.639406
v -0.372731 -6.750000 0.621866
v -0.402794 -6.750000 0.602828
v -0.431888 -6.750000 0.582338
v -0.459942 -6.750000 0.560445
v -0.486890 -6.750000 0.537200
v -0.512660 -6.750000 0.512664
v -0.537198 -6.750000 0.486891
v -0.560441 -6.750000 0.459946
v -0.582334 -6.750000 0.431893
v -0.602828 -6.750000 0.402795
v -0.621864 -6.750000 0.372733
v -0.639403 -6.750000 0.341773
v -0.655404 -6.750000 0.309985
v -0.669826 -6.750000 0.277449
v -0.682634 -6.750000 0.244248
v -0.693794 -6.750000 0.210465
v -0.703285 -6.750000 0.176169
v -0.711083 -6.750000 0.141442
v -0.717167 -6.750000 0.106382
v -0.721523 -6.750000 0.071064
v -0.724141 -6.750000 0.035574
v -0.725014 -6.750000 0.000001
v -0.724141 -6.750000 -0.035574
v -0.721523 -6.750000 -0.071064
v -0.717167 -6.750000 -0.106379
v -0.711083 -6.750000 -0.141443
v -0.703286 -6.750000 -0.176166
v -0.693795 -6.750000 -0.210463
v -0.682634 -6.750000 -0.244248
v -0.669827 -6.750000 -0.277449
v -0.655404 -6.750000 -0.309985
v -0.639406 -6.750000 -0.341769
v -0.621865 -6.750000 -0.372732
v -0.602827 -6.750000 -0.402796
v -0.582336 -6.750000 -0.431891
v -0.560442 -6.750000 -0.459946
v -0.537200 -6.750000 -0.486890
v -0.512664 -6.750000 -0.512661
v -0.486888 -6.750000 -0.537201
v -0.459942 -6.750000 -0.560446
v -0.431891 -6.750000 -0.582337
v -0.402796 -6.750000 -0.602828
v -0.372729 -6.750000 -0.621867
v -0.341771 -6.750000 -0.639405
v -0.309984 -6.750000 -0.655405
v -0.277448 -6.750000 -0.669827
v -0.244250 -6.750000 -0.682633
v -0.210458 -6.750000 -0.693796
v -0.176160 -6.750000 -0.703288
v -0.141442 -6.750000 -0.711084
v -0.106381 -6.750000 -0.717167
v -0.071062 -6.750000 -0.721523
v -0.035573 -6.750000 -0.724141
v -0.000000 -7.000000 -0.725014
v 0.035575 -7.000000 -0.724141
v -0.035573 -7.000000 -0.724141
v 0.071062 -7.000000 -0.721523
v 0.106378 -7.000000 -0.717168
v 0.141443 -7.000000 -0.711083
v 0.176166 -7.000000 -0.703286
v 0.210460 -7.000000 -0.693795
v 0.244250 -7.000000 -0.682633
v 0.277451 -7.000000 -0.669826
v 0.309983 -7.000000 -0.655405
v 0.341768 -7.000000 -0.639406
v 0.372731 -7.000000 -0.621866
v 0.402794 -7.000000 -0.602829
v 0.431889 -7.000000 -0.582337
v 0.459944 -7.000000 -0.560443
v 0.486890 -7.000000 -0.537199
v 0.512663 -7.000000 -0.512662
v 0.537201 -7.000000 -0.486889
v 0.560444 -7.000000 -0.459944
v 0.582336 -7.000000 -0.431891
v 0.602827 -7.000000 -0.402797
v 0.621864 -7.000000 -0.372734
v 0.639404 -7.000000 -0.341772
v 0.655404 -7.000000 -0.309984
v 0.669827 -7.000000 -0.277447
v 0.682632 -7.000000 -0.244251
v 0.693794 -7.000000 -0.210464
v 0.703286 -7.000000 -0.176162
v 0.711083 -7.000000 -0.141442
v 0.717166 -7.000000 -0.106382
v 0.721523 -7.000000 -0.071064
v 0.724140 -7.000000 -0.035579
v 0.725013 -7.000000 -0.000000
v 0.724140 -7.000000 0.035575
v 0.721522 -7.000000 0.071063
v 0.717166 -7.000000 0.106381
v 0.711082 -7.000000 0.141443
v 0.703285 -7.000000 0.176168
v 0.693795 -7.000000 0.210460
v 0.682633 -7.000000 0.244247
v 0.669826 -7.000000 0.277449
v 0.655404 -7.000000 0.309984
v 0.639403 -7.000000 0.341771
v 0.621866 -7.000000 0.372730
v 0.602827 -7.000000 0.402795
v 0.582336 -7.000000 0.431890
v 0.560442 -7.000000 0.459944
v 0.537198 -7.000000 0.486891
v 0.512663 -7.000000 0.512660
v 0.486889 -7.000000 0.537200
v 0.459944 -7.000000 0.560443
v 0.431891 -7.000000 0.582335
v 0.402795 -7.000000 0.602827
v 0.372733 -7.000000 0.621864
v 0.341772 -7.000000 0.639403
v 0.309982 -7.000000 0.655404
v 0.277448 -7.000000 0.669826
v 0.244251 -7.000000 0.682632
v 0.210462 -7.000000 0.693794
v 0.176164 -7.000000 0.703286
v 0.141442 -7.000000 0.711083
v 0.106384 -7.000000 0.717166
v 0.071065 -7.000000 0.721522
v 0.035575 -7.000000 0.724140
v 0.000001 -7.000000 0.725013
v -0.035575 -7.000000 0.724140
v -0.071064 -7.000000 0.721522
v -0.106383 -7.000000 0.717166
v -0.141440 -7.000000 0.711083
v -0.176161 -7.000000 0.703287
v -0.210459 -7.000000 0.693795
v -0.244248 -7.000000 0.682633
v -0.277452 -7.000000 0.669825
v -0.309981 -7.000000 0.655406
v -0.341768 -7.000000 0.639406
v -0.372731 -7.000000 0.621866
v -0.402794 -7.000000 0.602828
v -0.431888 -7.000000 0.582338
v -0.459942 -7.000000 0.560445
v -0.486890 -7.000000 0.537200
v -0.512660 -7.000000 0.512664
v -0.537198 -7.000000 0.486891
v -0.560442 -7.000000 0.459946
v -0.582334 -7.000000 0.431893
v -0.602828 -7.000000 0.402795
v -0.621864 -7.000000 0.372733
v -0.639403 -7.000000 0.341773
v -0.655404 -7.000000 0.309985
v -0.669826 -7.000000 0.277449
v -0.682634 -7.000000 0.244248
v -0.693794 -7.000000 0.210465
v -0.703285 -7.000000 0.176169
v -0.711083 -7.000000 0.141442
v -0.717167 -7.000000 0.106382
v -0.721523 -7.000000 0.071064
v -0.724141 -7.000000 0.035574
v -0.725014 -7.000000 0.000001
v -0.724141 -7.000000 -0.035574
v -0.721523 -7.000000 -0.071064
v -0.717167 -7.000000 -0.106379
v -0.711083 -7.000000 -0.141443
v -0.703286 -7.000000 -0.176166
v -0.693795 -7.000000 -0.210463
v -0.682634 -7.000000 -0.244248
v -0.669827 -7.000000 -0.277449
v -0.655405 -7.000000 -0.309985
v -0.639406 -7.000000 -0.341769
v -0.621866 -7.000000 -0.372732
v -0.602827 -7.000000 -0.402796
v -0.582336 -7.000000 -0.431891
v -0.560442 -7.000000 -0.459946
v -0.537200 -7.000000 -0.486890
v -0.512665 -7.000000 -0.512661
v -0.486889 -7.000000 -0.537201
v -0.459942 -7.000000 -0.560446
v -0.431891 -7.000000 -0.582337
v -0.402796 -7.000000 -0.602828
v -0.372729 -7.000000 -0.621867
v -0.341771 -7.000000 -0.639405
v -0.309984 -7.000000 -0.655405
v -0.277449 -7.000000 -0.669827
v -0.244250 -7.000000 -0.682633
v -0.210459 -7.000000 -0.693796
v -0.176161 -7.000000 -0.703288
v -0.141443 -7.000000 -0.711084
v -0.106381 -7.000000 -0.717167
v -0.071063 -7.000000 -0.721523
v -0.000000 -7.000000 -0.964269
v 0.047315 -7.000000 -0.963108
v -0.047312 -7.000000 -0.963108
v 0.094512 -7.000000 -0.959626
v 0.141483 -7.000000 -0.953833
v 0.188119 -7.000000 -0.945741
v 0.234301 -7.000000 -0.935370
v 0.279912 -7.000000 -0.922748
v 0.324853 -7.000000 -0.907901
v 0.369009 -7.000000 -0.890868
v 0.412277 -7.000000 -0.871689
v 0.454552 -7.000000 -0.850410
v 0.495732 -7.000000 -0.827082
v 0.535716 -7.000000 -0.801762
v 0.574413 -7.000000 -0.774508
v 0.611725 -7.000000 -0.745390
v 0.647564 -7.000000 -0.714475
v 0.681842 -7.000000 -0.681840
v 0.714477 -7.000000 -0.647562
v 0.745390 -7.000000 -0.611725
v 0.774507 -7.000000 -0.574415
v 0.801760 -7.000000 -0.535720
v 0.827079 -7.000000 -0.495736
v 0.850407 -7.000000 -0.454556
v 0.871688 -7.000000 -0.412278
v 0.890870 -7.000000 -0.369004
v 0.907901 -7.000000 -0.324854
v 0.922746 -7.000000 -0.279917
v 0.935371 -7.000000 -0.234295
v 0.945741 -7.000000 -0.188118
v 0.953831 -7.000000 -0.141488
v 0.959625 -7.000000 -0.094515
v 0.963106 -7.000000 -0.047319
v 0.964268 -7.000000 0.000000
v 0.963106 -7.000000 0.047315
v 0.959625 -7.000000 0.094514
v 0.953831 -7.000000 0.141487
v 0.945740 -7.000000 0.188120
v 0.935369 -7.000000 0.234304
v 0.922747 -7.000000 0.279912
v 0.907902 -7.000000 0.324848
v 0.890868 -7.000000 0.369007
v 0.871687 -7.000000 0.412279
v 0.850406 -7.000000 0.454556
v 0.827081 -7.000000 0.495731
v 0.801760 -7.000000 0.535717
v 0.774507 -7.000000 0.574413
v 0.745388 -7.000000 0.611726
v 0.714474 -7.000000 0.647565
v 0.681842 -7.000000 0.681838
v 0.647562 -7.000000 0.714476
v 0.611726 -7.000000 0.745389
v 0.574415 -7.000000 0.774506
v 0.535717 -7.000000 0.801761
v 0.495735 -7.000000 0.827079
v 0.454556 -7.000000 0.850406
v 0.412277 -7.000000 0.871688
v 0.369006 -7.000000 0.890869
v 0.324854 -7.000000 0.907900
v 0.279914 -7.000000 0.922746
v 0.234298 -7.000000 0.935370
v 0.188118 -7.000000 0.945740
v 0.141491 -7.000000 0.953831
v 0.094517 -7.000000 0.959624
v 0.047315 -7.000000 0.963106
v 0.000002 -7.000000 0.964268
v -0.047315 -7.000000 0.963107
v -0.094515 -7.000000 0.959625
v -0.141489 -7.000000 0.953831
v -0.188116 -7.000000 0.945741
v -0.234295 -7.000000 0.935371
v -0.279910 -7.000000 0.922748
v -0.324850 -7.000000 0.907902
v -0.369012 -7.000000 0.890867
v -0.412275 -7.000000 0.871690
v -0.454551 -7.000000 0.850410
v -0.495732 -7.000000 0.827081
v -0.535716 -7.000000 0.801762
v -0.574411 -7.000000 0.774510
v -0.611723 -7.000000 0.745392
v -0.647564 -7.000000 0.714476
v -0.681838 -7.000000 0.681843
v -0.714474 -7.000000 0.647565
v -0.745387 -7.000000 0.611728
v -0.774505 -7.000000 0.574418
v -0.801761 -7.000000 0.535717
v -0.827080 -7.000000 0.495736
v -0.850406 -7.000000 0.454558
v -0.871688 -7.000000 0.412280
v -0.890869 -7.000000 0.369007
v -0.907903 -7.000000 0.324849
v -0.922746 -7.000000 0.279918
v -0.935369 -7.000000 0.234304
v -0.945741 -7.000000 0.188118
v -0.953832 -7.000000 0.141488
v -0.959625 -7.000000 0.094516
v -0.963108 -7.000000 0.047313
v -0.964269 -7.000000 0.000002
v -0.963108 -7.000000 -0.047314
v -0.959626 -7.000000 -0.094515
v -0.953833 -7.000000 -0.141484
v -0.945741 -7.000000 -0.188119
v -0.935371 -7.000000 -0.234301
v -0.922747 -7.000000 -0.279915
v -0.907903 -7.000000 -0.324850
v -0.890870 -7.000000 -0.369007
v -0.871688 -7.000000 -0.412280
v -0.850410 -7.000000 -0.454553
v -0.827081 -7.000000 -0.495734
v -0.801761 -7.000000 -0.535719
v -0.774507 -7.000000 -0.574416
v -0.745388 -7.000000 -0.611729
v -0.714476 -7.000000 -0.647564
v -0.681844 -7.000000 -0.681839
v -0.647562 -7.000000 -0.714478
v -0.611723 -7.000000 -0.745393
v -0.574415 -7.000000 -0.774508
v -0.535719 -7.000000 -0.801761
v -0.495730 -7.000000 -0.827084
v -0.454555 -7.000000 -0.850409
v -0.412278 -7.000000 -0.871689
v -0.369007 -7.000000 -0.890870
v -0.324853 -7.000000 -0.907902
v -0.279910 -7.000000 -0.922749
v -0.234294 -7.000000 -0.935372
v -0.188119 -7.000000 -0.945741
v -0.141487 -7.000000 -0.953833
v -0.094513 -7.000000 -0.959626
v 0.000000 -8.000000 -0.964269
v 0.047316 -8.000000 -0.963108
v -0.047312 -8.000000 -0.963108
v 0.094512 -8.000000 -0.959626
v 0.141484 -8.000000 -0.953833
v 0.188119 -8.000000 -0.945741
v 0.234301 -8.000000 -0.935370
v 0.279912 -8.000000 -0.922748
v 0.324854 -8.000000 -0.907901
v 0.369010 -8.000000 -0.890868
v 0.412278 -8.000000 -0.871689
v 0.454552 -8.000000 -0.850410
v 0.495732 -8.000000 -0.827082
v 0.535716 -8.000000 -0.801762
v 0.574413 -8.000000 -0.774508
v 0.611726 -8.000000 -0.745390
v 0.647564 -8.000000 -0.714475
v 0.681842 -8.000000 -0.681840
v 0.714478 -8.000000 -0.647562
v 0.745391 -8.000000 -0.611725
v 0.774508 -8.000000 -0.574415
v 0.801760 -8.000000 -0.535720
v 0.827080 -8.000000 -0.495736
v 0.850407 -8.000000 -0.454556
v 0.871688 -8.000000 -0.412278
v 0.890870 -8.000000 -0.369004
v 0.907901 -8.000000 -0.324854
v 0.922746 -8.000000 -0.279917
v 0.935371 -8.000000 -0.234295
v 0.945741 -8.000000 -0.188118
v 0.953832 -8.000000 -0.141488
v 0.959626 -8.000000 -0.094515
v 0.963107 -8.000000 -0.047319
v 0.964268 -8.000000 0.000000
v 0.963107 -8.000000 0.047315
v 0.959625 -8.000000 0.094514
v 0.953832 -8.000000 0.141487
v 0.945740 -8.000000 0.188120
v 0.935369 -8.000000 0.234304
v 0.922748 -8.000000 0.279912
v 0.907903 -8.000000 0.324848
v 0.890869 -8.000000 0.369007
v 0.871688 -8.000000 0.412279
v 0.850407 -8.000000 0.454556
v 0.827082 -8.000000 0.495731
v 0.801761 -8.000000 0.535717
v 0.774508 -8.000000 0.574413
v 0.745389 -8.000000 0.611726
v 0.714474 -8.000000 0.647565
v 0.681843 -8.000000 0.681838
v 0.647563 -8.000000 0.714476
v 0.611726 -8.000000 0.745389
v 0.574415 -8.000000 0.774506
v 0.535717 -8.000000 0.801761
v 0.495735 -8.000000 0.827079
v 0.454557 -8.000000 0.850406
v 0.412277 -8.000000 0.871688
v 0.369006 -8.000000 0.890869
v 0.324854 -8.000000 0.907900
v 0.279914 -8.000000 0.922746
v 0.234298 -8.000000 0.935370
v 0.188119 -8.000000 0.945740
v 0.141492 -8.000000 0.953831
v 0.094517 -8.000000 0.959624
v 0.047316 -8.000000 0.963106
v 0.000002 -8.000000 0.964268
v -0.047315 -8.000000 0.963107
v -0.094515 -8.000000 0.959625
v -0.141489 -8.000000 0.953831
v -0.188115 -8.000000 0.945741
v -0.234294 -8.000000 0.935371
v -0.279910 -8.000000 0.922748
v -0.324850 -8.000000 0.907902
v -0.369011 -8.000000 0.890867
v -0.412274 -8.000000 0.871690
v -0.454550 -8.000000 0.850410
v -0.495732 -8.000000 0.827081
v -0.535716 -8.000000 0.801762
v -0.574411 -8.000000 0.774510
v -0.611722 -8.000000 0.745392
v -0.647563 -8.000000 0.714476
v -0.681838 -8.000000 0.681843
v -0.714473 -8.000000 0.647565
v -0.745387 -8.000000 0.611728
v -0.774504 -8.000000 0.574418
v -0.801761 -8.000000 0.535717
v -0.827079 -8.000000 0.495736
v -0.850406 -8.000000 0.454558
v -0.871687 -8.000000 0.412280
v -0.890868 -8.000000 0.369007
v -0.907903 -8.000000 0.324849
v -0.922746 -8.000000 0.279918
v -0.935369 -8.000000 0.234304
v -0.945740 -8.000000 0.188118
v -0.953832 -8.000000 0.141488
v -0.959625 -8.000000 0.094516
v -0.963107 -8.000000 0.047313
v -0.964269 -8.000000 0.000002
v -0.963107 -8.000000 -0.047314
v -0.959625 -8.000000 -0.094515
v -0.953832 -8.000000 -0.141484
v -0.945740 -8.000000 -0.188119
v -0.935370 -8.000000 -0.234301
v -0.922747 -8.000000 -0.279915
v -0.907903 -8.000000 -0.324850
v -0.890869 -8.000000 -0.369007
v -0.871688 -8.000000 -0.412280
v -0.850409 -8.000000 -0.454553
v -0.827081 -8.000000 -0.495734
v -0.801760 -8.000000 -0.535719
v -0.774507 -8.000000 -0.574416
v -0.745388 -8.000000 -0.611729
v -0.714476 -8.000000 -0.647564
v -0.681843 -8.000000 -0.681839
v -0.647561 -8.000000 -0.714478
v -0.611723 -8.000000 -0.745393
v -0.574415 -8.000000 -0.774508
v -0.535718 -8.000000 -0.801761
v -0.495729 -8.000000 -0.827084
v -0.454555 -8.000000 -0.850409
v -0.412278 -8.000000 -0.871689
v -0.369006 -8.000000 -0.890870
v -0.324853 -8.000000 -0.907902
v -0.279910 -8.000000 -0.922749
v -0.234293 -8.000000 -0.935372
v -0.188118 -8.000000 -0.945741
v -0.141487 -8.000000 -0.953833
v -0.094513 -8.000000 -0.959626
v 0.000000 -8.000000 -0.714194
v 0.035045 -8.000000 -0.713334
v 0.070001 -8.000000 -0.710755
v 0.104790 -8.000000 -0.706464
v 0.139332 -8.000000 -0.700470
v 0.173538 -8.000000 -0.692789
v 0.207319 -8.000000 -0.683441
v 0.240606 -8.000000 -0.672444
v 0.273310 -8.000000 -0.659829
v 0.305357 -8.000000 -0.645624
v 0.336668 -8.000000 -0.629863
v 0.367168 -8.000000 -0.612585
v 0.396782 -8.000000 -0.593832
v 0.425443 -8.000000 -0.573646
v 0.453080 -8.000000 -0.552079
v 0.479624 -8.000000 -0.529181
v 0.505012 -8.000000 -0.505010
v 0.529184 -8.000000 -0.479621
v 0.552080 -8.000000 -0.453079
v 0.573646 -8.000000 -0.425445
v 0.593830 -8.000000 -0.396785
v 0.612583 -8.000000 -0.367172
v 0.629860 -8.000000 -0.336672
v 0.645623 -8.000000 -0.305357
v 0.659831 -8.000000 -0.273304
v 0.672444 -8.000000 -0.240606
v 0.683439 -8.000000 -0.207325
v 0.692791 -8.000000 -0.173532
v 0.700471 -8.000000 -0.139331
v 0.706463 -8.000000 -0.104795
v 0.710754 -8.000000 -0.070003
v 0.713333 -8.000000 -0.035049
v 0.714193 -8.000000 0.000000
v 0.713333 -8.000000 0.035045
v 0.710754 -8.000000 0.070003
v 0.706463 -8.000000 0.104793
v 0.700470 -8.000000 0.139332
v 0.692788 -8.000000 0.173541
v 0.683441 -8.000000 0.207319
v 0.672446 -8.000000 0.240600
v 0.659829 -8.000000 0.273307
v 0.645622 -8.000000 0.305358
v 0.629860 -8.000000 0.336672
v 0.612585 -8.000000 0.367167
v 0.593831 -8.000000 0.396782
v 0.573645 -8.000000 0.425444
v 0.552078 -8.000000 0.453080
v 0.529180 -8.000000 0.479625
v 0.505013 -8.000000 0.505008
v 0.479622 -8.000000 0.529182
v 0.453080 -8.000000 0.552078
v 0.425445 -8.000000 0.573644
v 0.396783 -8.000000 0.593831
v 0.367171 -8.000000 0.612582
v 0.336672 -8.000000 0.629859
v 0.305355 -8.000000 0.645623
v 0.273306 -8.000000 0.659830
v 0.240606 -8.000000 0.672443
v 0.207321 -8.000000 0.683439
v 0.173535 -8.000000 0.692789
v 0.139331 -8.000000 0.700470
v 0.104798 -8.000000 0.706462
v 0.070005 -8.000000 0.710753
v 0.035045 -8.000000 0.713332
v 0.000002 -8.000000 0.714193
v -0.035045 -8.000000 0.713332
v -0.070003 -8.000000 0.710754
v -0.104796 -8.000000 0.706463
v -0.139328 -8.000000 0.700471
v -0.173531 -8.000000 0.692790
v -0.207317 -8.000000 0.683441
v -0.240602 -8.000000 0.672445
v -0.273313 -8.000000 0.659827
v -0.305354 -8.000000 0.645624
v -0.336667 -8.000000 0.629863
v -0.367168 -8.000000 0.612584
v -0.396782 -8.000000 0.593832
v -0.425442 -8.000000 0.573647
v -0.453077 -8.000000 0.552081
v -0.479623 -8.000000 0.529181
v -0.505008 -8.000000 0.505013
v -0.529180 -8.000000 0.479624
v -0.552076 -8.000000 0.453082
v -0.573642 -8.000000 0.425448
v -0.593831 -8.000000 0.396782
v -0.612583 -8.000000 0.367171
v -0.629859 -8.000000 0.336673
v -0.645622 -8.000000 0.305358
v -0.659829 -8.000000 0.273307
v -0.672446 -8.000000 0.240601
v -0.683439 -8.000000 0.207325
v -0.692788 -8.000000 0.173541
v -0.700470 -8.000000 0.139330
v -0.706463 -8.000000 0.104794
v -0.710754 -8.000000 0.070004
v -0.713333 -8.000000 0.035041
v -0.714193 -8.000000 0.000002
v -0.713333 -8.000000 -0.035043
v -0.710754 -8.000000 -0.070003
v -0.706464 -8.000000 -0.104791
v -0.700470 -8.000000 -0.139332
v -0.692789 -8.000000 -0.173538
v -0.683440 -8.000000 -0.207323
v -0.672446 -8.000000 -0.240602
v -0.659830 -8.000000 -0.273307
v -0.645622 -8.000000 -0.305359
v -0.629862 -8.000000 -0.336668
v -0.612584 -8.000000 -0.367169
v -0.593830 -8.000000 -0.396785
v -0.573645 -8.000000 -0.425446
v -0.552077 -8.000000 -0.453083
v -0.529182 -8.000000 -0.479624
v -0.505014 -8.000000 -0.505009
v -0.479621 -8.000000 -0.529184
v -0.453076 -8.000000 -0.552082
v -0.425445 -8.000000 -0.573645
v -0.396784 -8.000000 -0.593831
v -0.367165 -8.000000 -0.612587
v -0.336671 -8.000000 -0.629862
v -0.305358 -8.000000 -0.645623
v -0.273307 -8.000000 -0.659830
v -0.240605 -8.000000 -0.672445
v -0.207317 -8.000000 -0.683442
v -0.173530 -8.000000 -0.692792
v -0.139332 -8.000000 -0.700471
v -0.104794 -8.000000 -0.706464
v -0.070002 -8.000000 -0.710755
v -0.035042 -8.000000 -0.713334
v 0.000001 -8.250000 -0.714194
v 0.035045 -8.250000 -0.713334
v -0.035041 -8.250000 -0.713334
v 0.070001 -8.250000 -0.710755
v 0.104790 -8.250000 -0.706464
v 0.139332 -8.250000 -0.700470
v 0.173539 -8.250000 -0.692789
v 0.207319 -8.250000 -0.683441
v 0.240606 -8.250000 -0.672444
v 0.273311 -8.250000 -0.659829
v 0.305357 -8.250000 -0.645624
v 0.336668 -8.250000 -0.629863
v 0.367168 -8.250000 -0.612585
v 0.396782 -8.250000 -0.593832
v 0.425444 -8.250000 -0.573646
v 0.453080 -8.250000 -0.552079
v 0.479625 -8.250000 -0.529181
v 0.505013 -8.250000 -0.505010
v 0.529185 -8.250000 -0.479621
v 0.552080 -8.250000 -0.453079
v 0.573646 -8.250000 -0.425445
v 0.593831 -8.250000 -0.396785
v 0.612583 -8.250000 -0.367172
v 0.629861 -8.250000 -0.336672
v 0.645623 -8.250000 -0.305357
v 0.659832 -8.250000 -0.273304
v 0.672445 -8.250000 -0.240606
v 0.683439 -8.250000 -0.207325
v 0.692791 -8.250000 -0.173532
v 0.700471 -8.250000 -0.139331
v 0.706464 -8.250000 -0.104795
v 0.710755 -8.250000 -0.070003
v 0.713333 -8.250000 -0.035049
v 0.714193 -8.250000 0.000000
v 0.713333 -8.250000 0.035045
v 0.710755 -8.250000 0.070003
v 0.706464 -8.250000 0.104793
v 0.700470 -8.250000 0.139332
v 0.692789 -8.250000 0.173541
v 0.683441 -8.250000 0.207319
v 0.672446 -8.250000 0.240600
v 0.659830 -8.250000 0.273307
v 0.645623 -8.250000 0.305358
v 0.629860 -8.250000 0.336672
v 0.612585 -8.250000 0.367167
v 0.593831 -8.250000 0.396782
v 0.573646 -8.250000 0.425444
v 0.552078 -8.250000 0.453080
v 0.529181 -8.250000 0.479625
v 0.505014 -8.250000 0.505008
v 0.479623 -8.250000 0.529182
v 0.453080 -8.250000 0.552078
v 0.425446 -8.250000 0.573644
v 0.396783 -8.250000 0.593831
v 0.367172 -8.250000 0.612582
v 0.336673 -8.250000 0.629859
v 0.305356 -8.250000 0.645623
v 0.273306 -8.250000 0.659830
v 0.240607 -8.250000 0.672443
v 0.207321 -8.250000 0.683439
v 0.173535 -8.250000 0.692789
v 0.139331 -8.250000 0.700470
v 0.104798 -8.250000 0.706462
v 0.070006 -8.250000 0.710753
v 0.035045 -8.250000 0.713332
v 0.000002 -8.250000 0.714193
v -0.035044 -8.250000 0.713332
v -0.070003 -8.250000 0.710754
v -0.104796 -8.250000 0.706463
v -0.139328 -8.250000 0.700471
v -0.173531 -8.250000 0.692790
v -0.207317 -8.250000 0.683441
v -0.240602 -8.250000 0.672445
v -0.273312 -8.250000 0.659827
v -0.305353 -8.250000 0.645624
v -0.336666 -8.250000 0.629863
v -0.367168 -8.250000 0.612584
v -0.396781 -8.250000 0.593832
v -0.425441 -8.250000 0.573647
v -0.453076 -8.250000 0.552081
v -0.479623 -8.250000 0.529181
v -0.505008 -8.250000 0.505013
v -0.529180 -8.250000 0.479624
v -0.552076 -8.250000 0.453082
v -0.573642 -8.250000 0.425448
v -0.593831 -8.250000 0.396782
v -0.612582 -8.250000 0.367171
v -0.629859 -8.250000 0.336673
v -0.645622 -8.250000 0.305358
v -0.659829 -8.250000 0.273307
v -0.672446 -8.250000 0.240601
v -0.683438 -8.250000 0.207325
v -0.692788 -8.250000 0.173541
v -0.700470 -8.250000 0.139330
v -0.706463 -8.250000 0.104794
v -0.710754 -8.250000 0.070004
v -0.713333 -8.250000 0.035041
v -0.714193 -8.250000 0.000002
v -0.713333 -8.250000 -0.035043
v -0.710754 -8.250000 -0.070003
v -0.706463 -8.250000 -0.104791
v -0.700470 -8.250000 -0.139332
v -0.692789 -8.250000 -0.173538
v -0.683439 -8.250000 -0.207323
v -0.672445 -8.250000 -0.240602
v -0.659829 -8.250000 -0.273307
v -0.645622 -8.250000 -0.305359
v -0.629862 -8.250000 -0.336668
v -0.612584 -8.250000 -0.367169
v -0.593830 -8.250000 -0.396785
v -0.573644 -8.250000 -0.425446
v -0.552076 -8.250000 -0.453083
v -0.529182 -8.250000 -0.479624
v -0.505013 -8.250000 -0.505009
v -0.479621 -8.250000 -0.529184
v -0.453076 -8.250000 -0.552082
v -0.425445 -8.250000 -0.573645
v -0.396783 -8.250000 -0.593831
v -0.367165 -8.250000 -0.612587
v -0.336670 -8.250000 -0.629862
v -0.305357 -8.250000 -0.645623
v -0.273307 -8.250000 -0.659830
v -0.240605 -8.250000 -0.672445
v -0.207316 -8.250000 -0.683442
v -0.173530 -8.250000 -0.692792
v -0.139331 -8.250000 -0.700471
v -0.104793 -8.250000 -0.706464
v -0.070002 -8.250000 -0.710755
v -0.000002 -9.250000 -1.249839
v 0.061327 -9.250000 -1.248334
v -0.061325 -9.250000 -1.248334
v 0.122499 -9.250000 -1.243821
v 0.183380 -9.250000 -1.236312
v 0.243829 -9.250000 -1.225823
v 0.303690 -9.250000 -1.212381
v 0.362806 -9.250000 -1.196021
v 0.421058 -9.250000 -1.176778
v 0.478291 -9.250000 -1.154700
v 0.534372 -9.250000 -1.129841
v 0.589166 -9.250000 -1.102260
v 0.642542 -9.250000 -1.072024
v 0.694366 -9.250000 -1.039206
v 0.744524 -9.250000 -1.003881
v 0.792888 -9.250000 -0.966137
v 0.839341 -9.250000 -0.926067
v 0.883770 -9.250000 -0.883767
v 0.926070 -9.250000 -0.839337
v 0.966138 -9.250000 -0.792888
v 1.003878 -9.250000 -0.744528
v 1.039201 -9.250000 -0.694374
v 1.072018 -9.250000 -0.642551
v 1.102254 -9.250000 -0.589176
v 1.129838 -9.250000 -0.534375
v 1.154703 -9.250000 -0.478282
v 1.176776 -9.250000 -0.421060
v 1.196016 -9.250000 -0.362818
v 1.212382 -9.250000 -0.303680
v 1.225822 -9.250000 -0.243829
v 1.236309 -9.250000 -0.183391
v 1.243818 -9.250000 -0.122505
v 1.248330 -9.250000 -0.061336
v 1.249836 -9.250000 0.000000
v 1.248330 -9.250000 0.061329
v 1.243818 -9.250000 0.122505
v 1.236309 -9.250000 0.183388
v 1.225821 -9.250000 0.243831
v 1.212377 -9.250000 0.303696
v 1.196019 -9.250000 0.362808
v 1.176778 -9.250000 0.421050
v 1.154699 -9.250000 0.478288
v 1.129837 -9.250000 0.534376
v 1.102253 -9.250000 0.589176
v 1.072022 -9.250000 0.642542
v 1.039203 -9.250000 0.694369
v 1.003877 -9.250000 0.744526
v 0.966134 -9.250000 0.792891
v 0.926064 -9.250000 0.839343
v 0.883771 -9.250000 0.883764
v 0.839337 -9.250000 0.926069
v 0.792888 -9.250000 0.966137
v 0.744527 -9.250000 1.003877
v 0.694368 -9.250000 1.039204
v 0.642548 -9.250000 1.072018
v 0.589174 -9.250000 1.102254
v 0.534370 -9.250000 1.129840
v 0.478284 -9.250000 1.154702
v 0.421059 -9.250000 1.176776
v 0.362810 -9.250000 1.196019
v 0.303684 -9.250000 1.212381
v 0.243827 -9.250000 1.225823
v 0.183394 -9.250000 1.236309
v 0.122508 -9.250000 1.243819
v 0.061326 -9.250000 1.248332
v 0.000001 -9.250000 1.249837
v -0.061330 -9.250000 1.248332
v -0.122508 -9.250000 1.243819
v -0.183395 -9.250000 1.236310
v -0.243827 -9.250000 1.225824
v -0.303682 -9.250000 1.212383
v -0.362807 -9.250000 1.196021
v -0.421056 -9.250000 1.176778
v -0.478299 -9.250000 1.154697
v -0.534371 -9.250000 1.129843
v -0.589169 -9.250000 1.102260
v -0.642546 -9.250000 1.072022
v -0.694370 -9.250000 1.039205
v -0.744525 -9.250000 1.003882
v -0.792886 -9.250000 0.966141
v -0.839343 -9.250000 0.926068
v -0.883766 -9.250000 0.883773
v -0.926068 -9.250000 0.839343
v -0.966136 -9.250000 0.792893
v -1.003875 -9.250000 0.744534
v -1.039207 -9.250000 0.694368
v -1.072022 -9.250000 0.642549
v -1.102256 -9.250000 0.589178
v -1.129840 -9.250000 0.534377
v -1.154703 -9.250000 0.478287
v -1.176782 -9.250000 0.421051
v -1.196020 -9.250000 0.362819
v -1.212381 -9.250000 0.303697
v -1.225825 -9.250000 0.243828
v -1.236312 -9.250000 0.183390
v -1.243821 -9.250000 0.122507
v -1.248335 -9.250000 0.061322
v -1.249840 -9.250000 0.000003
v -1.248335 -9.250000 -0.061325
v -1.243822 -9.250000 -0.122506
v -1.236313 -9.250000 -0.183384
v -1.225825 -9.250000 -0.243831
v -1.212383 -9.250000 -0.303691
v -1.196021 -9.250000 -0.362815
v -1.176782 -9.250000 -0.421054
v -1.154704 -9.250000 -0.478287
v -1.129841 -9.250000 -0.534378
v -1.102261 -9.250000 -0.589170
v -1.072024 -9.250000 -0.642546
v -1.039205 -9.250000 -0.694373
v -1.003880 -9.250000 -0.744530
v -0.966136 -9.250000 -0.792894
v -0.926071 -9.250000 -0.839341
v -0.883776 -9.250000 -0.883765
v -0.839339 -9.250000 -0.926072
v -0.792886 -9.250000 -0.966143
v -0.744532 -9.250000 -1.003879
v -0.694374 -9.250000 -1.039204
v -0.642541 -9.250000 -1.072027
v -0.589176 -9.250000 -1.102258
v -0.534378 -9.250000 -1.129840
v -0.478290 -9.250000 -1.154703
v -0.421061 -9.250000 -1.176778
v -0.362806 -9.250000 -1.196023
v -0.303680 -9.250000 -1.212385
v -0.243832 -9.250000 -1.225824
v -0.183391 -9.250000 -1.236311
v -0.122505 -9.250000 -1.243821
v 0.036797 0.500000 -0.749021
v -0.000000 0.500000 -0.749925
v -0.036795 0.500000 -0.749021
v -0.073503 0.500000 -0.746314
v -0.110035 0.500000 -0.741808
v -0.146301 0.500000 -0.735515
v -0.182215 0.500000 -0.727451
v -0.217690 0.500000 -0.717634
v -0.252641 0.500000 -0.706088
v -0.286982 0.500000 -0.692841
v -0.320633 0.500000 -0.677924
v -0.353511 0.500000 -0.661375
v -0.385537 0.500000 -0.643232
v -0.416635 0.500000 -0.623540
v -0.446729 0.500000 -0.602346
v -0.475747 0.500000 -0.579700
v -0.503618 0.500000 -0.555658
v -0.530276 0.500000 -0.530277
v -0.555657 0.500000 -0.503619
v -0.579699 0.500000 -0.475748
v -0.602345 0.500000 -0.446730
v -0.623539 0.500000 -0.416636
v -0.643232 0.500000 -0.385538
v -0.661375 0.500000 -0.353512
v -0.677924 0.500000 -0.320634
v -0.692840 0.500000 -0.286984
v -0.706087 0.500000 -0.252642
v -0.717633 0.500000 -0.217691
v -0.727450 0.500000 -0.182216
v -0.735515 0.500000 -0.146303
v -0.741808 0.500000 -0.110036
v -0.746314 0.500000 -0.073505
v -0.749021 0.500000 -0.036796
v -0.749925 0.500000 0.000001
v -0.749021 0.500000 0.036798
v -0.746313 0.500000 0.073507
v -0.741808 0.500000 0.110038
v -0.735515 0.500000 0.146305
v -0.727450 0.500000 0.182218
v -0.717633 0.500000 0.217693
v -0.706087 0.500000 0.252644
v -0.692839 0.500000 0.286985
v -0.677923 0.500000 0.320636
v -0.661373 0.500000 0.353514
v -0.643231 0.500000 0.385540
v -0.623538 0.500000 0.416638
v -0.602344 0.500000 0.446732
v -0.579698 0.500000 0.475749
v -0.555656 0.500000 0.503621
v -0.530275 0.500000 0.530279
v -0.503617 0.500000 0.555659
v -0.475745 0.500000 0.579701
v -0.446728 0.500000 0.602347
v -0.416634 0.500000 0.623541
v -0.385536 0.500000 0.643233
v -0.353510 0.500000 0.661376
v -0.320632 0.500000 0.677925
v -0.286982 0.500000 0.692841
v -0.252640 0.500000 0.706088
v -0.217690 0.500000 0.717634
v -0.182215 0.500000 0.727451
v -0.146301 0.500000 0.735515
v -0.110035 0.500000 0.741808
v -0.073504 0.500000 0.746314
v -0.036796 0.500000 0.749021
v 0.000001 0.500000 0.749925
v 0.036798 0.500000 0.749021
v 0.073507 0.500000 0.746313
v 0.110038 0.500000 0.741808
v 0.146304 0.500000 0.735515
v 0.182218 0.500000 0.727450
v 0.217693 0.500000 0.717633
v 0.252643 0.500000 0.706087
v 0.286984 0.500000 0.692840
v 0.320635 0.500000 0.677924
v 0.353513 0.500000 0.661374
v 0.385539 0.500000 0.643232
v 0.416636 0.500000 0.623539
v 0.446730 0.500000 0.602345
v 0.475747 0.500000 0.579699
v 0.503619 0.500000 0.555657
v 0.530277 0.500000 0.530277
v 0.555658 0.500000 0.503618
v 0.579700 0.500000 0.475747
v 0.602345 0.500000 0.446730
v 0.623540 0.500000 0.416636
v 0.643232 0.500000 0.385539
v 0.661374 0.500000 0.353512
v 0.677924 0.500000 0.320634
v 0.692840 0.500000 0.286984
v 0.706087 0.500000 0.252642
v 0.717633 0.500000 0.217692
v 0.727450 0.500000 0.182217
v 0.735515 0.500000 0.146303
v 0.741808 0.500000 0.110037
v 0.746314 0.500000 0.073506
v 0.749021 0.500000 0.036797
v 0.749925 0.500000 0.000000
v 0.749021 0.500000 -0.036797
v 0.746314 0.500000 -0.073505
v 0.741808 0.500000 -0.110037
v 0.735515 0.500000 -0.146303
v 0.727450 0.500000 -0.182217
v 0.717633 0.500000 -0.217691
v 0.706087 0.500000 -0.252642
v 0.692840 0.500000 -0.286984
v 0.677924 0.500000 -0.320634
v 0.661375 0.500000 -0.353512
v 0.643232 0.500000 -0.385538
v 0.623540 0.500000 -0.416636
v 0.602345 0.500000 -0.446730
v 0.579700 0.500000 -0.475747
v 0.555658 0.500000 -0.503618
v 0.530277 0.500000 -0.530277
v 0.503619 0.500000 -0.555658
v 0.475747 0.500000 -0.579700
v 0.446730 0.500000 -0.602345
v 0.416636 0.500000 -0.623540
v 0.385538 0.500000 -0.643232
v 0.353512 0.500000 -0.661375
v 0.320634 0.500000 -0.677924
v 0.286984 0.500000 -0.692840
v 0.252642 0.500000 -0.706087
v 0.217692 0.500000 -0.717633
v 0.182217 0.500000 -0.727450
v 0.146303 0.500000 -0.735515
v 0.110037 0.500000 -0.741808
v 0.073505 0.500000 -0.746314
v 0.036797 0.750000 -0.749021
v -0.000000 0.750000 -0.749925
v 0.073505 0.750000 -0.746314
v -0.036795 0.750000 -0.749021
v -0.073503 0.750000 -0.746314
v -0.110035 0.750000 -0.741808
v -0.146301 0.750000 -0.735515
v -0.182215 0.750000 -0.727451
v -0.217690 0.750000 -0.717634
v -0.252641 0.750000 -0.706088
v -0.286982 0.750000 -0.692841
v -0.320633 0.750000 -0.677924
v -0.353511 0.750000 -0.661375
v -0.385537 0.750000 -0.643232
v -0.416635 0.750000 -0.623540
v -0.446729 0.750000 -0.602346
v -0.475747 0.750000 -0.579700
v -0.503618 0.750000 -0.555658
v -0.530276 0.750000 -0.530277
v -0.555657 0.750000 -0.503619
v -0.579699 0.750000 -0.475748
v -0.602345 0.750000 -0.446730
v -0.623539 0.750000 -0.416636
v -0.643232 0.750000 -0.385538
v -0.661375 0.750000 -0.353512
v -0.677924 0.750000 -0.320634
v -0.692840 0.750000 -0.286984
v -0.706087 0.750000 -0.252642
v -0.717633 0.750000 -0.217691
v -0.727450 0.750000 -0.182216
v -0.735515 0.750000 -0.146303
v -0.741808 0.750000 -0.110036
v -0.746314 0.750000 -0.073505
v -0.749021 0.750000 -0.036796
v -0.749925 0.750000 0.000001
v -0.749021 0.750000 0.036798
v -0.746313 0.750000 0.073507
v -0.741808 0.750000 0.110038
v -0.735515 0.750000 0.146305
v -0.727450 0.750000 0.182218
v -0.717633 0.750000 0.217693
v -0.706087 0.750000 0.252644
v -0.692839 0.750000 0.286985
v -0.677923 0.750000 0.320636
v -0.661373 0.750000 0.353514
v -0.643231 0.750000 0.385540
v -0.623538 0.750000 0.416638
v -0.602344 0.750000 0.446732
v -0.579698 0.750000 0.475749
v -0.555656 0.750000 0.503621
v -0.530275 0.750000 0.530279
v -0.503617 0.750000 0.555659
v -0.475745 0.750000 0.579701
v -0.446728 0.750000 0.602347
v -0.416634 0.750000 0.623541
v -0.385536 0.750000 0.643233
v -0.353510 0.750000 0.661376
v -0.320632 0.750000 0.677925
v -0.286982 0.750000 0.692841
v -0.252640 0.750000 0.706088
v -0.217690 0.750000 0.717634
v -0.182215 0.750000 0.727451
v -0.146301 0.750000 0.735515
v -0.110035 0.750000 0.741808
v -0.073504 0.750000 0.746314
v -0.036796 0.750000 0.749021
v 0.000001 0.750000 0.749925
v 0.036798 0.750000 0.749021
v 0.073507 0.750000 0.746313
v 0.110038 0.750000 0.741808
v 0.146304 0.750000 0.735515
v 0.182218 0.750000 0.727450
v 0.217693 0.750000 0.717633
v 0.252643 0.750000 0.706087
v 0.286984 0.750000 0.692840
v 0.320635 0.750000 0.677924
v 0.353513 0.750000 0.661374
v 0.385539 0.750000 0.643232
v 0.416636 0.750000 0.623539
v 0.446730 0.750000 0.602345
v 0.475747 0.750000 0.579699
v 0.503619 0.750000 0.555657
v 0.530277 0.750000 0.530277
v 0.555658 0.750000 0.503618
v 0.579700 0.750000 0.475747
v 0.602345 0.750000 0.446730
v 0.623540 0.750000 0.416636
v 0.643232 0.750000 0.385539
v 0.661374 0.750000 0.353512
v 0.677924 0.750000 0.320634
v 0.692840 0.750000 0.286984
v 0.706087 0.750000 0.252642
v 0.717633 0.750000 0.217692
v 0.727450 0.750000 0.182217
v 0.735515 0.750000 0.146303
v 0.741808 0.750000 0.110037
v 0.746314 0.750000 0.073506
v 0.749021 0.750000 0.036797
v 0.749925 0.750000 0.000000
v 0.749021 0.750000 -0.036797
v 0.746314 0.750000 -0.073505
v 0.741808 0.750000 -0.110037
v 0.735515 0.750000 -0.146303
v 0.727450 0.750000 -0.182217
v 0.717633 0.750000 -0.217691
v 0.706087 0.750000 -0.252642
v 0.692840 0.750000 -0.286984
v 0.677924 0.750000 -0.320634
v 0.661375 0.750000 -0.353512
v 0.643232 0.750000 -0.385538
v 0.623540 0.750000 -0.416636
v 0.602345 0.750000 -0.446730
v 0.579700 0.750000 -0.475747
v 0.555658 0.750000 -0.503618
v 0.530277 0.750000 -0.530277
v 0.503619 0.750000 -0.555658
v 0.475747 0.750000 -0.579700
v 0.446730 0.750000 -0.602345
v 0.416636 0.750000 -0.623540
v 0.385538 0.750000 -0.643232
v 0.353512 0.750000 -0.661375
v 0.320634 0.750000 -0.677924
v 0.286984 0.750000 -0.692840
v 0.252642 0.750000 -0.706087
v 0.217692 0.750000 -0.717633
v 0.182217 0.750000 -0.727450
v 0.146303 0.750000 -0.735515
v 0.110037 0.750000 -0.741808
v 0.064394 1.500000 -1.310788
v -0.000001 1.500000 -1.312368
v 0.128634 1.500000 -1.306049
v -0.064391 1.500000 -1.310788
v -0.128631 1.500000 -1.306049
v -0.192561 1.500000 -1.298164
v -0.256028 1.500000 -1.287152
v -0.318877 1.500000 -1.273039
v -0.380958 1.500000 -1.255859
v -0.442122 1.500000 -1.235654
v -0.502219 1.500000 -1.212471
v -0.561108 1.500000 -1.186368
v -0.618645 1.500000 -1.157407
v -0.674691 1.500000 -1.125657
v -0.729112 1.500000 -1.091195
v -0.781776 1.500000 -1.054105
v -0.832557 1.500000 -1.014475
v -0.881332 1.500000 -0.972402
v -0.927984 1.500000 -0.927985
v -0.972401 1.500000 -0.881334
v -1.014474 1.500000 -0.832559
v -1.054104 1.500000 -0.781778
v -1.091195 1.500000 -0.729113
v -1.125656 1.500000 -0.674692
v -1.157406 1.500000 -0.618646
v -1.186367 1.500000 -0.561110
v -1.212471 1.500000 -0.502221
v -1.235653 1.500000 -0.442123
v -1.255859 1.500000 -0.380960
v -1.273039 1.500000 -0.318879
v -1.287152 1.500000 -0.256030
v -1.298164 1.500000 -0.192563
v -1.306049 1.500000 -0.128633
v -1.310788 1.500000 -0.064393
v -1.312369 1.500000 0.000002
v -1.310788 1.500000 0.064397
v -1.306049 1.500000 0.128636
v -1.298164 1.500000 0.192567
v -1.287151 1.500000 0.256033
v -1.273038 1.500000 0.318882
v -1.255858 1.500000 0.380963
v -1.235652 1.500000 0.442126
v -1.212469 1.500000 0.502224
v -1.186366 1.500000 0.561113
v -1.157404 1.500000 0.618649
v -1.125654 1.500000 0.674695
v -1.091192 1.500000 0.729116
v -1.054102 1.500000 0.781780
v -1.014472 1.500000 0.832561
v -0.972398 1.500000 0.881336
v -0.927982 1.500000 0.927987
v -0.881330 1.500000 0.972403
v -0.832555 1.500000 1.014477
v -0.781774 1.500000 1.054106
v -0.729110 1.500000 1.091196
v -0.674689 1.500000 1.125658
v -0.618643 1.500000 1.157407
v -0.561107 1.500000 1.186368
v -0.502219 1.500000 1.212471
v -0.442121 1.500000 1.235653
v -0.380958 1.500000 1.255859
v -0.318877 1.500000 1.273039
v -0.256028 1.500000 1.287152
v -0.192562 1.500000 1.298164
v -0.128632 1.500000 1.306049
v -0.064393 1.500000 1.310787
v 0.000002 1.500000 1.312368
v 0.064397 1.500000 1.310787
v 0.128636 1.500000 1.306048
v 0.192566 1.500000 1.298163
v 0.256032 1.500000 1.287151
v 0.318881 1.500000 1.273038
v 0.380962 1.500000 1.255857
v 0.442124 1.500000 1.235652
v 0.502222 1.500000 1.212469
v 0.561110 1.500000 1.186366
v 0.618647 1.500000 1.157405
v 0.674693 1.500000 1.125655
v 0.729113 1.500000 1.091194
v 0.781777 1.500000 1.054103
v 0.832558 1.500000 1.014474
v 0.881332 1.500000 0.972400
v 0.927984 1.500000 0.927984
v 0.972400 1.500000 0.881332
v 1.014474 1.500000 0.832557
v 1.054104 1.500000 0.781777
v 1.091194 1.500000 0.729113
v 1.125655 1.500000 0.674692
v 1.157405 1.500000 0.618646
v 1.186366 1.500000 0.561110
v 1.212469 1.500000 0.502222
v 1.235652 1.500000 0.442124
v 1.255857 1.500000 0.380961
v 1.273038 1.500000 0.318880
v 1.287151 1.500000 0.256031
v 1.298163 1.500000 0.192565
v 1.306048 1.500000 0.128635
v 1.310787 1.500000 0.064395
v 1.312368 1.500000 0.000000
v 1.310787 1.500000 -0.064395
v 1.306048 1.500000 -0.128634
v 1.298163 1.500000 -0.192564
v 1.287151 1.500000 -0.256030
v 1.273038 1.500000 -0.318879
v 1.255858 1.500000 -0.380960
v 1.235652 1.500000 -0.442123
v 1.212470 1.500000 -0.502221
v 1.186366 1.500000 -0.561110
v 1.157405 1.500000 -0.618646
v 1.125655 1.500000 -0.674692
v 1.091194 1.500000 -0.729113
v 1.054104 1.500000 -0.781777
v 1.014474 1.500000 -0.832558
v 0.972400 1.500000 -0.881333
v 0.927984 1.500000 -0.927985
v 0.881332 1.500000 -0.972401
v 0.832557 1.500000 -1.014475
v 0.781776 1.500000 -1.054104
v 0.729112 1.500000 -1.091194
v 0.674692 1.500000 -1.125656
v 0.618646 1.500000 -1.157406
v 0.561109 1.500000 -1.186367
v 0.502221 1.500000 -1.212470
v 0.442123 1.500000 -1.235653
v 0.380960 1.500000 -1.255858
v 0.318879 1.500000 -1.273038
v 0.256030 1.500000 -1.287151
v 0.192564 1.500000 -1.298164
v 0.064394 2.250000 -1.310788
v -0.000001 2.250000 -1.312368
v 0.128634 2.250000 -1.306049
v -0.064391 2.250000 -1.310788
v -0.128631 2.250000 -1.306049
v -0.192562 2.250000 -1.298164
v -0.256028 2.250000 -1.287152
v -0.318877 2.250000 -1.273039
v -0.380958 2.250000 -1.255859
v -0.442122 2.250000 -1.235654
v -0.502219 2.250000 -1.212471
v -0.561108 2.250000 -1.186368
v -0.618645 2.250000 -1.157407
v -0.674691 2.250000 -1.125657
v -0.729112 2.250000 -1.091195
v -0.781776 2.250000 -1.054105
v -0.832557 2.250000 -1.014475
v -0.881332 2.250000 -0.972402
v -0.927984 2.250000 -0.927985
v -0.972401 2.250000 -0.881334
v -1.014474 2.250000 -0.832559
v -1.054104 2.250000 -0.781778
v -1.091195 2.250000 -0.729113
v -1.125656 2.250000 -0.674692
v -1.157406 2.250000 -0.618646
v -1.186367 2.250000 -0.561110
v -1.212471 2.250000 -0.502221
v -1.235653 2.250000 -0.442123
v -1.255859 2.250000 -0.380960
v -1.273039 2.250000 -0.318879
v -1.287152 2.250000 -0.256030
v -1.298164 2.250000 -0.192563
v -1.306049 2.250000 -0.128633
v -1.310788 2.250000 -0.064393
v -1.312369 2.250000 0.000002
v -1.310788 2.250000 0.064397
v -1.306049 2.250000 0.128636
v -1.298164 2.250000 0.192567
v -1.287151 2.250000 0.256033
v -1.273038 2.250000 0.318882
v -1.255858 2.250000 0.380963
v -1.235652 2.250000 0.442126
v -1.212469 2.250000 0.502224
v -1.186366 2.250000 0.561113
v -1.157404 2.250000 0.618649
v -1.125654 2.250000 0.674695
v -1.091192 2.250000 0.729116
v -1.054102 2.250000 0.781780
v -1.014472 2.250000 0.832561
v -0.972398 2.250000 0.881336
v -0.927982 2.250000 0.927987
v -0.881330 2.250000 0.972403
v -0.832555 2.250000 1.014477
v -0.781774 2.250000 1.054106
v -0.729110 2.250000 1.091196
v -0.674689 2.250000 1.125658
v -0.618643 2.250000 1.157407
v -0.561107 2.250000 1.186368
v -0.502219 2.250000 1.212471
v -0.442121 2.250000 1.235653
v -0.380958 2.250000 1.255859
v -0.318877 2.250000 1.273039
v -0.256028 2.250000 1.287152
v -0.192562 2.250000 1.298164
v -0.128632 2.250000 1.306049
v -0.064393 2.250000 1.310787
v 0.000002 2.250000 1.312368
v 0.064397 2.250000 1.310787
v 0.128636 2.250000 1.306048
v 0.192566 2.250000 1.298163
v 0.256032 2.250000 1.287151
v 0.318881 2.250000 1.273038
v 0.380962 2.250000 1.255857
v 0.442124 2.250000 1.235652
v 0.502222 2.250000 1.212469
v 0.561110 2.250000 1.186366
v 0.618647 2.250000 1.157405
v 0.674693 2.250000 1.125655
v 0.729113 2.250000 1.091194
v 0.781777 2.250000 1.054103
v 0.832558 2.250000 1.014474
v 0.881332 2.250000 0.972400
v 0.927984 2.250000 0.927984
v 0.972400 2.250000 0.881332
v 1.014474 2.250000 0.832557
v 1.054104 2.250000 0.781777
v 1.091194 2.250000 0.729113
v 1.125655 2.250000 0.674692
v 1.157405 2.250000 0.618646
v 1.186366 2.250000 0.561110
v 1.212469 2.250000 0.502222
v 1.235652 2.250000 0.442124
v 1.255857 2.250000 0.380961
v 1.273038 2.250000 0.318880
v 1.287151 2.250000 0.256031
v 1.298163 2.250000 0.192565
v 1.306048 2.250000 0.128635
v 1.310787 2.250000 0.064395
v 1.312368 2.250000 0.000000
v 1.310787 2.250000 -0.064395
v 1.306048 2.250000 -0.128634
v 1.298163 2.250000 -0.192564
v 1.287151 2.250000 -0.256030
v 1.273038 2.250000 -0.318879
v 1.255858 2.250000 -0.380960
v 1.235652 2.250000 -0.442123
v 1.212470 2.250000 -0.502221
v 1.186366 2.250000 -0.561110
v 1.157405 2.250000 -0.618646
v 1.125655 2.250000 -0.674692
v 1.091194 2.250000 -0.729113
v 1.054104 2.250000 -0.781777
v 1.014474 2.250000 -0.832558
v 0.972400 2.250000 -0.881333
v 0.927984 2.250000 -0.927985
v 0.881332 2.250000 -0.972401
v 0.832557 2.250000 -1.014475
v 0.781776 2.250000 -1.054104
v 0.729112 2.250000 -1.091194
v 0.674692 2.250000 -1.125656
v 0.618646 2.250000 -1.157406
v 0.561109 2.250000 -1.186367
v 0.502221 2.250000 -1.212470
v 0.442123 2.250000 -1.235653
v 0.380960 2.250000 -1.255858
v 0.318879 2.250000 -1.273038
v 0.256030 2.250000 -1.287151
v 0.192564 2.250000 -1.298164
v 0.023755 3.000000 -0.483543
v -0.000000 3.000000 -0.484126
v 0.047452 3.000000 -0.481794
v -0.023754 3.000000 -0.483542
v -0.047452 3.000000 -0.481794
v -0.071035 3.000000 -0.478886
v -0.094447 3.000000 -0.474824
v -0.117632 3.000000 -0.469617
v -0.140534 3.000000 -0.463280
v -0.163096 3.000000 -0.455826
v -0.185266 3.000000 -0.447274
v -0.206990 3.000000 -0.437645
v -0.228215 3.000000 -0.426961
v -0.248890 3.000000 -0.415249
v -0.268966 3.000000 -0.402536
v -0.288393 3.000000 -0.388854
v -0.307126 3.000000 -0.374235
v -0.325119 3.000000 -0.358713
v -0.342329 3.000000 -0.342328
v -0.358713 3.000000 -0.325119
v -0.374234 3.000000 -0.307127
v -0.388853 3.000000 -0.288393
v -0.402536 3.000000 -0.268966
v -0.415249 3.000000 -0.248890
v -0.426961 3.000000 -0.228215
v -0.437645 3.000000 -0.206990
v -0.447274 3.000000 -0.185267
v -0.455826 3.000000 -0.163097
v -0.463280 3.000000 -0.140534
v -0.469617 3.000000 -0.117633
v -0.474824 3.000000 -0.094448
v -0.478886 3.000000 -0.071035
v -0.481795 3.000000 -0.047452
v -0.483543 3.000000 -0.023755
v -0.484126 3.000000 0.000001
v -0.483543 3.000000 0.023756
v -0.481795 3.000000 0.047453
v -0.478886 3.000000 0.071036
v -0.474823 3.000000 0.094450
v -0.469617 3.000000 0.117635
v -0.463279 3.000000 0.140535
v -0.455826 3.000000 0.163097
v -0.447274 3.000000 0.185267
v -0.437644 3.000000 0.206992
v -0.426960 3.000000 0.228217
v -0.415248 3.000000 0.248891
v -0.402535 3.000000 0.268967
v -0.388852 3.000000 0.288395
v -0.374233 3.000000 0.307127
v -0.358712 3.000000 0.325120
v -0.342328 3.000000 0.342329
v -0.325118 3.000000 0.358714
v -0.307125 3.000000 0.374235
v -0.288392 3.000000 0.388854
v -0.268965 3.000000 0.402536
v -0.248889 3.000000 0.415249
v -0.228214 3.000000 0.426961
v -0.206990 3.000000 0.437644
v -0.185266 3.000000 0.447274
v -0.163095 3.000000 0.455826
v -0.140533 3.000000 0.463280
v -0.117632 3.000000 0.469617
v -0.094448 3.000000 0.474823
v -0.071036 3.000000 0.478885
v -0.047451 3.000000 0.481794
v -0.023754 3.000000 0.483542
v 0.000000 3.000000 0.484125
v 0.023755 3.000000 0.483542
v 0.047453 3.000000 0.481794
v 0.071037 3.000000 0.478885
v 0.094449 3.000000 0.474823
v 0.117633 3.000000 0.469617
v 0.140535 3.000000 0.463279
v 0.163097 3.000000 0.455825
v 0.185267 3.000000 0.447273
v 0.206991 3.000000 0.437644
v 0.228215 3.000000 0.426960
v 0.248890 3.000000 0.415248
v 0.268966 3.000000 0.402535
v 0.288394 3.000000 0.388853
v 0.307126 3.000000 0.374234
v 0.325118 3.000000 0.358713
v 0.342329 3.000000 0.342328
v 0.358713 3.000000 0.325119
v 0.374234 3.000000 0.307126
v 0.388853 3.000000 0.288393
v 0.402535 3.000000 0.268966
v 0.415248 3.000000 0.248890
v 0.426960 3.000000 0.228215
v 0.437644 3.000000 0.206990
v 0.447274 3.000000 0.185266
v 0.455825 3.000000 0.163097
v 0.463279 3.000000 0.140535
v 0.469616 3.000000 0.117633
v 0.474823 3.000000 0.094448
v 0.478885 3.000000 0.071036
v 0.481794 3.000000 0.047452
v 0.483542 3.000000 0.023755
v 0.484125 3.000000 0.000001
v 0.483542 3.000000 -0.023755
v 0.481794 3.000000 -0.047452
v 0.478885 3.000000 -0.071036
v 0.474823 3.000000 -0.094448
v 0.469617 3.000000 -0.117633
v 0.463279 3.000000 -0.140535
v 0.455825 3.000000 -0.163097
v 0.447274 3.000000 -0.185266
v 0.437644 3.000000 -0.206990
v 0.426960 3.000000 -0.228215
v 0.415248 3.000000 -0.248891
v 0.402535 3.000000 -0.268966
v 0.388853 3.000000 -0.288393
v 0.374234 3.000000 -0.307126
v 0.358713 3.000000 -0.325119
v 0.342328 3.000000 -0.342328
v 0.325119 3.000000 -0.358713
v 0.307126 3.000000 -0.374234
v 0.288393 3.000000 -0.388853
v 0.268965 3.000000 -0.402536
v 0.248890 3.000000 -0.415249
v 0.228215 3.000000 -0.426961
v 0.206990 3.000000 -0.437644
v 0.185267 3.000000 -0.447274
v 0.163097 3.000000 -0.455826
v 0.140534 3.000000 -0.463279
v 0.117633 3.000000 -0.469617
v 0.094448 3.000000 -0.474823
v 0.071036 3.000000 -0.478886
v 0.000001 3.000000 -0.810000
v 0.000001 4.800000 -2.024999
v 0.272798 3.000000 -0.405000
v 0.681996 4.800000 -0.405000
v 0.272798 3.000000 0.405000
v 0.681996 4.800000 0.405000
v 0.000000 3.000000 0.810000
v 0.000000 4.800000 2.025000
v -0.272798 3.000000 0.405000
v -0.681995 4.800000 0.405000
v -0.272798 3.000000 -0.405000
v -0.681995 4.800000 -0.405000
v 0.255749 43.400002 -0.303750
v 0.000001 43.400002 -1.139062
v 0.255749 43.400002 0.303750
v 0.000001 43.400002 1.139063
v -0.255747 43.400002 0.303750
v -0.255747 43.400002 -0.303750
v 1.177715 12.299132 -0.103340
v 0.911832 12.299135 -1.494441
v 1.150868 15.000911 -0.303750
v 0.427065 7.003579 -0.142617
v 0.444957 6.801983 -0.348694
v 0.356595 7.003286 -0.533562
v 0.000001 6.800073 -1.532794
v -0.070598 7.002123 -1.306098
v 0.070600 7.002123 -1.306098
v -0.177559 12.299105 -2.874480
v 0.000001 17.500912 -1.139062
v 0.177561 12.299105 -2.874480
v 0.911832 12.299135 1.494442
v 1.177715 12.299132 0.103340
v 1.150868 15.000911 0.303750
v 0.356595 7.003286 0.533563
v 0.444957 6.801983 0.348695
v 0.427065 7.003579 0.142617
v -0.177559 12.299105 2.874481
v 0.177561 12.299105 2.874481
v 0.000001 17.500912 1.139063
v -0.070598 7.002123 1.306098
v 0.000001 6.800073 1.532795
v 0.070600 7.002123 1.306098
v -1.177713 12.299132 0.103340
v -0.911830 12.299135 1.494442
v -1.150866 15.000911 0.303750
v -0.427063 7.003579 0.142617
v -0.444956 6.801983 0.348695
v -0.356593 7.003286 0.533563
v -0.911830 12.299135 -1.494441
v -1.177713 12.299132 -0.103340
v -1.150866 15.000911 -0.303750
v -0.356593 7.003286 -0.533562
v -0.444956 6.801983 -0.348694
v -0.427063 7.003579 -0.142616
v 1.249999 -9.250000 -0.000000
v 1.216505 -9.125000 -0.000000
v 1.124999 -9.033494 -0.000000
v 0.999999 -9.000000 -0.000000
v 0.874999 -9.033494 -0.000000
v 0.783492 -9.125000 -0.000000
v 0.749999 -9.250000 -0.000000
v 0.783492 -9.375000 -0.000000
v 0.874999 -9.466506 -0.000000
v 0.999999 -9.500000 -0.000000
v 1.124999 -9.466506 -0.000000
v 1.216505 -9.375000 -0.000000
v 1.239305 -9.250000 -0.163158
v 1.206098 -9.125000 -0.158786
v 1.115374 -9.033494 -0.146842
v 0.991444 -9.000000 -0.130526
v 0.867513 -9.033494 -0.114211
v 0.776790 -9.125000 -0.102267
v 0.743582 -9.250000 -0.097895
v 0.776790 -9.375000 -0.102267
v 0.867513 -9.466506 -0.114211
v 0.991444 -9.500000 -0.130526
v 1.115374 -9.466506 -0.146842
v 1.206098 -9.375000 -0.158786
v 1.207406 -9.250000 -0.323524
v 1.175054 -9.125000 -0.314855
v 1.086665 -9.033494 -0.291172
v 0.965925 -9.000000 -0.258819
v 0.845184 -9.033494 -0.226467
v 0.756796 -9.125000 -0.202783
v 0.724443 -9.250000 -0.194114
v 0.756796 -9.375000 -0.202783
v 0.845184 -9.466506 -0.226467
v 0.965925 -9.500000 -0.258819
v 1.086665 -9.466506 -0.291172
v 1.175054 -9.375000 -0.314855
v 1.154848 -9.250000 -0.478354
v 1.123904 -9.125000 -0.465537
v 1.039363 -9.033494 -0.430519
v 0.923878 -9.000000 -0.382684
v 0.808393 -9.033494 -0.334848
v 0.723853 -9.125000 -0.299830
v 0.692908 -9.250000 -0.287013
v 0.723853 -9.375000 -0.299830
v 0.808393 -9.466506 -0.334848
v 0.923878 -9.500000 -0.382684
v 1.039363 -9.466506 -0.430519
v 1.123904 -9.375000 -0.465537
v 1.082530 -9.250000 -0.625000
v 1.053524 -9.125000 -0.608253
v 0.974277 -9.033494 -0.562500
v 0.866024 -9.000000 -0.500000
v 0.757771 -9.033494 -0.437500
v 0.678524 -9.125000 -0.391747
v 0.649518 -9.250000 -0.375000
v 0.678524 -9.375000 -0.391747
v 0.757771 -9.466506 -0.437500
v 0.866024 -9.500000 -0.500000
v 0.974277 -9.466506 -0.562500
v 1.053524 -9.375000 -0.608253
v 0.991691 -9.250000 -0.760952
v 0.965118 -9.125000 -0.740562
v 0.892521 -9.033494 -0.684857
v 0.793352 -9.000000 -0.608761
v 0.694183 -9.033494 -0.532666
v 0.621586 -9.125000 -0.476961
v 0.595014 -9.250000 -0.456571
v 0.621586 -9.375000 -0.476961
v 0.694183 -9.466506 -0.532666
v 0.793352 -9.500000 -0.608761
v 0.892521 -9.466506 -0.684857
v 0.965118 -9.375000 -0.740562
v 0.883882 -9.250000 -0.883884
v 0.860199 -9.125000 -0.860200
v 0.795494 -9.033494 -0.795495
v 0.707106 -9.000000 -0.707107
v 0.618717 -9.033494 -0.618719
v 0.554012 -9.125000 -0.554014
v 0.530329 -9.250000 -0.530330
v 0.554012 -9.375000 -0.554014
v 0.618717 -9.466506 -0.618719
v 0.707106 -9.500000 -0.707107
v 0.795494 -9.466506 -0.795495
v 0.860199 -9.375000 -0.860200
v 0.760951 -9.250000 -0.991692
v 0.740561 -9.125000 -0.965119
v 0.684856 -9.033494 -0.892523
v 0.608760 -9.000000 -0.793353
v 0.532665 -9.033494 -0.694184
v 0.476960 -9.125000 -0.621587
v 0.456570 -9.250000 -0.595015
v 0.476960 -9.375000 -0.621587
v 0.532665 -9.466506 -0.694184
v 0.608760 -9.500000 -0.793353
v 0.684856 -9.466506 -0.892523
v 0.740561 -9.375000 -0.965119
v 0.624999 -9.250000 -1.082532
v 0.608252 -9.125000 -1.053526
v 0.562499 -9.033494 -0.974279
v 0.499999 -9.000000 -0.866026
v 0.437499 -9.033494 -0.757772
v 0.391746 -9.125000 -0.678526
v 0.374999 -9.250000 -0.649519
v 0.391746 -9.375000 -0.678526
v 0.437499 -9.466506 -0.757772
v 0.499999 -9.500000 -0.866026
v 0.562499 -9.466506 -0.974279
v 0.608252 -9.375000 -1.053526
v 0.478353 -9.250000 -1.154850
v 0.465536 -9.125000 -1.123905
v 0.430518 -9.033494 -1.039365
v 0.382682 -9.000000 -0.923880
v 0.334847 -9.033494 -0.808395
v 0.299829 -9.125000 -0.723854
v 0.287012 -9.250000 -0.692910
v 0.299829 -9.375000 -0.723854
v 0.334847 -9.466506 -0.808395
v 0.382682 -9.500000 -0.923880
v 0.430518 -9.466506 -1.039365
v 0.465536 -9.375000 -1.123905
v 0.323523 -9.250000 -1.207407
v 0.314854 -9.125000 -1.175055
v 0.291170 -9.033494 -1.086667
v 0.258818 -9.000000 -0.965926
v 0.226465 -9.033494 -0.845185
v 0.202782 -9.125000 -0.756797
v 0.194113 -9.250000 -0.724445
v 0.202782 -9.375000 -0.756797
v 0.226465 -9.466506 -0.845185
v 0.258818 -9.500000 -0.965926
v 0.291170 -9.466506 -1.086667
v 0.314854 -9.375000 -1.175055
v 0.163156 -9.250000 -1.239306
v 0.158785 -9.125000 -1.206099
v 0.146841 -9.033494 -1.115376
v 0.130525 -9.000000 -0.991445
v 0.114209 -9.033494 -0.867514
v 0.102265 -9.125000 -0.776791
v 0.097893 -9.250000 -0.743584
v 0.102265 -9.375000 -0.776791
v 0.114209 -9.466506 -0.867514
v 0.130525 -9.500000 -0.991445
v 0.146841 -9.466506 -1.115376
v 0.158785 -9.375000 -1.206099
v -0.000001 -9.250000 -1.250000
v -0.000001 -9.125000 -1.216507
v -0.000001 -9.033494 -1.125000
v -0.000001 -9.000000 -1.000000
v -0.000001 -9.033494 -0.875000
v -0.000001 -9.125000 -0.783494
v -0.000001 -9.250000 -0.750000
v -0.000001 -9.375000 -0.783494
v -0.000001 -9.466506 -0.875000
v -0.000001 -9.500000 -1.000000
v -0.000001 -9.466506 -1.125000
v -0.000001 -9.375000 -1.216507
v -0.163159 -9.250000 -1.239306
v -0.158787 -9.125000 -1.206099
v -0.146843 -9.033494 -1.115376
v -0.130528 -9.000000 -0.991445
v -0.114212 -9.033494 -0.867514
v -0.102268 -9.125000 -0.776791
v -0.097896 -9.250000 -0.743584
v -0.102268 -9.375000 -0.776791
v -0.114212 -9.466506 -0.867514
v -0.130528 -9.500000 -0.991445
v -0.146843 -9.466506 -1.115376
v -0.158787 -9.375000 -1.206099
v -0.323525 -9.250000 -1.207408
v -0.314856 -9.125000 -1.175055
v -0.291173 -9.033494 -1.086667
v -0.258820 -9.000000 -0.965926
v -0.226468 -9.033494 -0.845185
v -0.202784 -9.125000 -0.756797
v -0.194115 -9.250000 -0.724445
v -0.202784 -9.375000 -0.756797
v -0.226468 -9.466506 -0.845185
v -0.258820 -9.500000 -0.965926
v -0.291173 -9.466506 -1.086667
v -0.314856 -9.375000 -1.175055
v -0.478356 -9.250000 -1.154850
v -0.465538 -9.125000 -1.123906
v -0.430520 -9.033494 -1.039365
v -0.382685 -9.000000 -0.923880
v -0.334849 -9.033494 -0.808395
v -0.299831 -9.125000 -0.723854
v -0.287014 -9.250000 -0.692910
v -0.299831 -9.375000 -0.723854
v -0.334849 -9.466506 -0.808395
v -0.382685 -9.500000 -0.923880
v -0.430520 -9.466506 -1.039365
v -0.465538 -9.375000 -1.123906
v -0.625001 -9.250000 -1.082532
v -0.608254 -9.125000 -1.053526
v -0.562501 -9.033494 -0.974279
v -0.500001 -9.000000 -0.866026
v -0.437501 -9.033494 -0.757773
v -0.391748 -9.125000 -0.678526
v -0.375001 -9.250000 -0.649519
v -0.391748 -9.375000 -0.678526
v -0.437501 -9.466506 -0.757773
v -0.500001 -9.500000 -0.866026
v -0.562501 -9.466506 -0.974279
v -0.608254 -9.375000 -1.053526
v -0.760953 -9.250000 -0.991692
v -0.740563 -9.125000 -0.965120
v -0.684858 -9.033494 -0.892523
v -0.608763 -9.000000 -0.793353
v -0.532667 -9.033494 -0.694184
v -0.476962 -9.125000 -0.621587
v -0.456572 -9.250000 -0.595015
v -0.476962 -9.375000 -0.621587
v -0.532667 -9.466506 -0.694184
v -0.608763 -9.500000 -0.793353
v -0.684858 -9.466506 -0.892523
v -0.740563 -9.375000 -0.965120
v -0.883885 -9.250000 -0.883883
v -0.860201 -9.125000 -0.860200
v -0.795497 -9.033494 -0.795495
v -0.707108 -9.000000 -0.707107
v -0.618720 -9.033494 -0.618718
v -0.554015 -9.125000 -0.554014
v -0.530331 -9.250000 -0.530330
v -0.554015 -9.375000 -0.554014
v -0.618720 -9.466506 -0.618718
v -0.707108 -9.500000 -0.707107
v -0.795497 -9.466506 -0.795495
v -0.860201 -9.375000 -0.860200
v -0.991693 -9.250000 -0.760952
v -0.965121 -9.125000 -0.740562
v -0.892524 -9.033494 -0.684857
v -0.793355 -9.000000 -0.608762
v -0.694185 -9.033494 -0.532666
v -0.621588 -9.125000 -0.476961
v -0.595016 -9.250000 -0.456571
v -0.621588 -9.375000 -0.476961
v -0.694185 -9.466506 -0.532666
v -0.793355 -9.500000 -0.608762
v -0.892524 -9.466506 -0.684857
v -0.965121 -9.375000 -0.740562
v -1.082533 -9.250000 -0.625000
v -1.053526 -9.125000 -0.608254
v -0.974280 -9.033494 -0.562500
v -0.866026 -9.000000 -0.500000
v -0.757773 -9.033494 -0.437500
v -0.678526 -9.125000 -0.391747
v -0.649520 -9.250000 -0.375000
v -0.678526 -9.375000 -0.391747
v -0.757773 -9.466506 -0.437500
v -0.866026 -9.500000 -0.500000
v -0.974280 -9.466506 -0.562500
v -1.053526 -9.375000 -0.608254
v -1.154851 -9.250000 -0.478355
v -1.123906 -9.125000 -0.465537
v -1.039366 -9.033494 -0.430519
v -0.923881 -9.000000 -0.382684
v -0.808396 -9.033494 -0.334848
v -0.723855 -9.125000 -0.299830
v -0.692911 -9.250000 -0.287013
v -0.723855 -9.375000 -0.299830
v -0.808396 -9.466506 -0.334848
v -0.923881 -9.500000 -0.382684
v -1.039366 -9.466506 -0.430519
v -1.123906 -9.375000 -0.465537
v -1.207409 -9.250000 -0.323524
v -1.175056 -9.125000 -0.314855
v -1.086668 -9.033494 -0.291171
v -0.965927 -9.000000 -0.258819
v -0.845186 -9.033494 -0.226467
v -0.756798 -9.125000 -0.202783
v -0.724446 -9.250000 -0.194114
v -0.756798 -9.375000 -0.202783
v -0.845186 -9.466506 -0.226467
v -0.965927 -9.500000 -0.258819
v -1.086668 -9.466506 -0.291171
v -1.175056 -9.375000 -0.314855
v -1.239307 -9.250000 -0.163158
v -1.206100 -9.125000 -0.158786
v -1.115377 -9.033494 -0.146842
v -0.991446 -9.000000 -0.130527
v -0.867515 -9.033494 -0.114211
v -0.776792 -9.125000 -0.102267
v -0.743585 -9.250000 -0.097895
v -0.776792 -9.375000 -0.102267
v -0.867515 -9.466506 -0.114211
v -0.991446 -9.500000 -0.130527
v -1.115377 -9.466506 -0.146842
v -1.206100 -9.375000 -0.158786
v -1.250001 -9.250000 -0.000000
v -1.216508 -9.125000 -0.000000
v -1.125001 -9.033494 -0.000000
v -1.000001 -9.000000 -0.000000
v -0.875001 -9.033494 -0.000000
v -0.783495 -9.125000 -0.000000
v -0.750001 -9.250000 -0.000000
v -0.783495 -9.375000 -0.000000
v -0.875001 -9.466506 -0.000000
v -1.000001 -9.500000 -0.000000
v -1.125001 -9.466506 -0.000000
v -1.216508 -9.375000 -0.000000
v -1.239307 -9.250000 0.163158
v -1.206100 -9.125000 0.158786
v -1.115377 -9.033494 0.146842
v -0.991446 -9.000000 0.130526
v -0.867515 -9.033494 0.114210
v -0.776792 -9.125000 0.102266
v -0.743585 -9.250000 0.097895
v -0.776792 -9.375000 0.102266
v -0.867515 -9.466506 0.114210
v -0.991446 -9.500000 0.130526
v -1.115377 -9.466506 0.146842
v -1.206100 -9.375000 0.158786
v -1.207409 -9.250000 0.323523
v -1.175056 -9.125000 0.314855
v -1.086668 -9.033494 0.291171
v -0.965927 -9.000000 0.258819
v -0.845186 -9.033494 0.226466
v -0.756798 -9.125000 0.202783
v -0.724446 -9.250000 0.194114
v -0.756798 -9.375000 0.202783
v -0.845186 -9.466506 0.226466
v -0.965927 -9.500000 0.258819
v -1.086668 -9.466506 0.291171
v -1.175056 -9.375000 0.314855
v -1.154851 -9.250000 0.478354
v -1.123907 -9.125000 0.465536
v -1.039366 -9.033494 0.430518
v -0.923881 -9.000000 0.382683
v -0.808396 -9.033494 0.334848
v -0.723855 -9.125000 0.299830
v -0.692911 -9.250000 0.287012
v -0.723855 -9.375000 0.299830
v -0.808396 -9.466506 0.334848
v -0.923881 -9.500000 0.382683
v -1.039366 -9.466506 0.430518
v -1.123907 -9.375000 0.465536
v -1.082533 -9.250000 0.625000
v -1.053527 -9.125000 0.608253
v -0.974280 -9.033494 0.562500
v -0.866027 -9.000000 0.500000
v -0.757774 -9.033494 0.437500
v -0.678527 -9.125000 0.391746
v -0.649520 -9.250000 0.375000
v -0.678527 -9.375000 0.391746
v -0.757774 -9.466506 0.437500
v -0.866027 -9.500000 0.500000
v -0.974280 -9.466506 0.562500
v -1.053527 -9.375000 0.608253
v -0.991693 -9.250000 0.760952
v -0.965121 -9.125000 0.740562
v -0.892524 -9.033494 0.684856
v -0.793355 -9.000000 0.608761
v -0.694185 -9.033494 0.532666
v -0.621588 -9.125000 0.476961
v -0.595016 -9.250000 0.456571
v -0.621588 -9.375000 0.476961
v -0.694185 -9.466506 0.532666
v -0.793355 -9.500000 0.608761
v -0.892524 -9.466506 0.684856
v -0.965121 -9.375000 0.740562
v -0.883885 -9.250000 0.883883
v -0.860201 -9.125000 0.860200
v -0.795497 -9.033494 0.795495
v -0.707108 -9.000000 0.707106
v -0.618720 -9.033494 0.618718
v -0.554015 -9.125000 0.554013
v -0.530331 -9.250000 0.530330
v -0.554015 -9.375000 0.554013
v -0.618720 -9.466506 0.618718
v -0.707108 -9.500000 0.707106
v -0.795497 -9.466506 0.795495
v -0.860201 -9.375000 0.860200
v -0.760953 -9.250000 0.991691
v -0.740564 -9.125000 0.965119
v -0.684858 -9.033494 0.892522
v -0.608763 -9.000000 0.793353
v -0.532668 -9.033494 0.694184
v -0.476962 -9.125000 0.621587
v -0.456573 -9.250000 0.595015
v -0.476962 -9.375000 0.621587
v -0.532668 -9.466506 0.694184
v -0.608763 -9.500000 0.793353
v -0.684858 -9.466506 0.892522
v -0.740564 -9.375000 0.965119
v -0.625001 -9.250000 1.082532
v -0.608254 -9.125000 1.053525
v -0.562501 -9.033494 0.974279
v -0.500001 -9.000000 0.866025
v -0.437501 -9.033494 0.757772
v -0.391748 -9.125000 0.678525
v -0.375001 -9.250000 0.649519
v -0.391748 -9.375000 0.678525
v -0.437501 -9.466506 0.757772
v -0.500001 -9.500000 0.866025
v -0.562501 -9.466506 0.974279
v -0.608254 -9.375000 1.053525
v -0.478356 -9.250000 1.154849
v -0.465538 -9.125000 1.123905
v -0.430520 -9.033494 1.039364
v -0.382685 -9.000000 0.923879
v -0.334849 -9.033494 0.808394
v -0.299831 -9.125000 0.723854
v -0.287014 -9.250000 0.692909
v -0.299831 -9.375000 0.723854
v -0.334849 -9.466506 0.808394
v -0.382685 -9.500000 0.923879
v -0.430520 -9.466506 1.039364
v -0.465538 -9.375000 1.123905
v -0.323525 -9.250000 1.207407
v -0.314857 -9.125000 1.175055
v -0.291173 -9.033494 1.086666
v -0.258821 -9.000000 0.965926
v -0.226468 -9.033494 0.845185
v -0.202785 -9.125000 0.756796
v -0.194116 -9.250000 0.724444
v -0.202785 -9.375000 0.756796
v -0.226468 -9.466506 0.845185
v -0.258821 -9.500000 0.965926
v -0.291173 -9.466506 1.086666
v -0.314857 -9.375000 1.175055
v -0.163160 -9.250000 1.239306
v -0.158788 -9.125000 1.206099
v -0.146844 -9.033494 1.115375
v -0.130528 -9.000000 0.991445
v -0.114212 -9.033494 0.867514
v -0.102268 -9.125000 0.776790
v -0.097896 -9.250000 0.743583
v -0.102268 -9.375000 0.776790
v -0.114212 -9.466506 0.867514
v -0.130528 -9.500000 0.991445
v -0.146844 -9.466506 1.115375
v -0.158788 -9.375000 1.206099
v -0.000001 -9.250000 1.250000
v -0.000001 -9.125000 1.216506
v -0.000001 -9.033494 1.125000
v -0.000001 -9.000000 1.000000
v -0.000001 -9.033494 0.875000
v -0.000001 -9.125000 0.783493
v -0.000001 -9.250000 0.750000
v -0.000001 -9.375000 0.783493
v -0.000001 -9.466506 0.875000
v -0.000001 -9.500000 1.000000
v -0.000001 -9.466506 1.125000
v -0.000001 -9.375000 1.216506
v 0.163156 -9.250000 1.239306
v 0.158785 -9.125000 1.206099
v 0.146841 -9.033494 1.115375
v 0.130525 -9.000000 0.991445
v 0.114209 -9.033494 0.867514
v 0.102265 -9.125000 0.776791
v 0.097893 -9.250000 0.743584
v 0.102265 -9.375000 0.776791
v 0.114209 -9.466506 0.867514
v 0.130525 -9.500000 0.991445
v 0.146841 -9.466506 1.115375
v 0.158785 -9.375000 1.206099
v 0.323522 -9.250000 1.207407
v 0.314853 -9.125000 1.175055
v 0.291170 -9.033494 1.086666
v 0.258817 -9.000000 0.965926
v 0.226465 -9.033494 0.845185
v 0.202782 -9.125000 0.756797
v 0.194113 -9.250000 0.724444
v 0.202782 -9.375000 0.756797
v 0.226465 -9.466506 0.845185
v 0.258817 -9.500000 0.965926
v 0.291170 -9.466506 1.086666
v 0.314853 -9.375000 1.175055
v 0.478353 -9.250000 1.154849
v 0.465536 -9.125000 1.123905
v 0.430518 -9.033494 1.039364
v 0.382682 -9.000000 0.923879
v 0.334847 -9.033494 0.808394
v 0.299829 -9.125000 0.723853
v 0.287012 -9.250000 0.692909
v 0.299829 -9.375000 0.723853
v 0.334847 -9.466506 0.808394
v 0.382682 -9.500000 0.923879
v 0.430518 -9.466506 1.039364
v 0.465536 -9.375000 1.123905
v 0.624999 -9.250000 1.082532
v 0.608252 -9.125000 1.053525
v 0.562499 -9.033494 0.974278
v 0.499999 -9.000000 0.866025
v 0.437499 -9.033494 0.757772
v 0.391746 -9.125000 0.678525
v 0.374999 -9.250000 0.649519
v 0.391746 -9.375000 0.678525
v 0.437499 -9.466506 0.757772
v 0.499999 -9.500000 0.866025
v 0.562499 -9.466506 0.974278
v 0.608252 -9.375000 1.053525
v 0.760950 -9.250000 0.991692
v 0.740561 -9.125000 0.965119
v 0.684855 -9.033494 0.892523
v 0.608760 -9.000000 0.793353
v 0.532665 -9.033494 0.694184
v 0.476959 -9.125000 0.621587
v 0.456570 -9.250000 0.595015
v 0.476959 -9.375000 0.621587
v 0.532665 -9.466506 0.694184
v 0.608760 -9.500000 0.793353
v 0.684855 -9.466506 0.892523
v 0.740561 -9.375000 0.965119
v 0.883882 -9.250000 0.883884
v 0.860198 -9.125000 0.860200
v 0.795494 -9.033494 0.795495
v 0.707105 -9.000000 0.707107
v 0.618717 -9.033494 0.618719
v 0.554012 -9.125000 0.554014
v 0.530329 -9.250000 0.530330
v 0.554012 -9.375000 0.554014
v 0.618717 -9.466506 0.618719
v 0.707105 -9.500000 0.707107
v 0.795494 -9.466506 0.795495
v 0.860198 -9.375000 0.860200
v 0.991691 -9.250000 0.760951
v 0.965118 -9.125000 0.740562
v 0.892521 -9.033494 0.684856
v 0.793352 -9.000000 0.608761
v 0.694183 -9.033494 0.532666
v 0.621586 -9.125000 0.476960
v 0.595014 -9.250000 0.456571
v 0.621586 -9.375000 0.476960
v 0.694183 -9.466506 0.532666
v 0.793352 -9.500000 0.608761
v 0.892521 -9.466506 0.684856
v 0.965118 -9.375000 0.740562
v 1.082530 -9.250000 0.625000
v 1.053524 -9.125000 0.608253
v 0.974277 -9.033494 0.562500
v 0.866024 -9.000000 0.500000
v 0.757771 -9.033494 0.437500
v 0.678524 -9.125000 0.391747
v 0.649518 -9.250000 0.375000
v 0.678524 -9.375000 0.391747
v 0.757771 -9.466506 0.437500
v 0.866024 -9.500000 0.500000
v 0.974277 -9.466506 0.562500
v 1.053524 -9.375000 0.608253
v 1.154848 -9.250000 0.478355
v 1.123904 -9.125000 0.465537
v 1.039363 -9.033494 0.430519
v 0.923878 -9.000000 0.382684
v 0.808393 -9.033494 0.334848
v 0.723852 -9.125000 0.299830
v 0.692908 -9.250000 0.287013
v 0.723852 -9.375000 0.299830
v 0.808393 -9.466506 0.334848
v 0.923878 -9.500000 0.382684
v 1.039363 -9.466506 0.430519
v 1.123904 -9.375000 0.465537
v 1.207406 -9.250000 0.323523
v 1.175054 -9.125000 0.314855
v 1.086665 -9.033494 0.291171
v 0.965925 -9.000000 0.258819
v 0.845184 -9.033494 0.226466
v 0.756796 -9.125000 0.202783
v 0.724443 -9.250000 0.194114
v 0.756796 -9.375000 0.202783
v 0.845184 -9.466506 0.226466
v 0.965925 -9.500000 0.258819
v 1.086665 -9.466506 0.291171
v 1.175054 -9.375000 0.314855
v 1.239305 -9.250000 0.163158
v 1.206098 -9.125000 0.158786
v 1.115374 -9.033494 0.146842
v 0.991444 -9.000000 0.130526
v 0.867513 -9.033494 0.114210
v 0.776790 -9.125000 0.102266
v 0.743582 -9.250000 0.097894
v 0.776790 -9.375000 0.102266
v 0.867513 -9.466506 0.114210
v 0.991444 -9.500000 0.130526
v 1.115374 -9.466506 0.146842
v 1.206098 -9.375000 0.158786
v -0.000001 -11.250000 -0.000001
v 0.723606 -10.697220 0.525725
v -0.276389 -10.697220 0.850649
v -0.894427 -10.697216 -0.000001
v -0.276389 -10.697220 -0.850650
v 0.723606 -10.697220 -0.525726
v 0.276387 -9.802780 0.850649
v -0.723608 -9.802780 0.525725
v -0.723608 -9.802780 -0.525726
v 0.276387 -9.802780 -0.850650
v 0.894425 -9.802784 -0.000001
v -0.000001 -9.250000 -0.000001
v -0.162457 -11.100655 0.499995
v 0.425322 -11.100655 0.309011
v 0.262868 -10.775738 0.809011
v 0.850647 -10.775736 -0.000001
v 0.425322 -11.100655 -0.309012
v -0.525731 -11.100652 -0.000001
v -0.688191 -10.775736 0.499996
v -0.162457 -11.100655 -0.499996
v -0.688191 -10.775736 -0.499997
v 0.262868 -10.775738 -0.809012
v 0.951057 -10.250000 0.309012
v 0.951057 -10.250000 -0.309013
v -0.000001 -10.250000 0.999999
v 0.587784 -10.250000 0.809016
v -0.951059 -10.250000 0.309012
v -0.587787 -10.250000 0.809016
v -0.587787 -10.250000 -0.809017
v -0.951059 -10.250000 -0.309013
v 0.587784 -10.250000 -0.809017
v -0.000001 -10.250000 -1.000000
v 0.688188 -9.724264 0.499996
v -0.262870 -9.724262 0.809011
v -0.850649 -9.724264 -0.000001
v -0.262870 -9.724262 -0.809012
v 0.688188 -9.724264 -0.499997
v 0.162454 -9.399345 0.499995
v 0.525729 -9.399348 -0.000001
v -0.425324 -9.399345 0.309011
v -0.425324 -9.399345 -0.309012
v 0.162454 -9.399345 -0.499996
v -0.716971 1.125000 -1.023940
v -0.716971 2.875000 -1.023940
v 0.528273 1.125000 -1.132885
v 0.528273 2.875000 -1.132885
v 1.245243 1.125000 -0.108945
v 1.245243 2.875000 -0.108945
v 0.716970 1.125000 1.023940
v 0.716970 2.875000 1.023940
v -0.528273 1.125000 1.132885
v -0.528273 2.875000 1.132885
v -1.245243 1.125000 0.108945
v -1.245243 2.875000 0.108945
v -0.782337 1.183960 -2.145981
v 0.462906 1.230002 -2.244718
v 0.462906 2.816040 -1.505136
v -0.782337 2.769998 -1.406399
v 0.782337 2.769998 1.406399
v 0.782337 1.183960 2.145981
v -0.462906 1.230002 2.244718
v -0.462906 2.816040 1.505136
v 0.688915 3.437524 3.873126
v 0.688915 2.644505 4.242917
v 0.066294 2.667526 4.292286
v 0.066294 3.460546 3.922495
v -0.688916 2.644505 -4.242918
v -0.066294 2.667526 -4.292286
v -0.066294 3.460545 -3.922495
v -0.688916 3.437524 -3.873127
v -0.472024 2.740382 -5.419038
v 2.358145 3.603388 5.264036
v 0.045784 3.875061 -4.293819
v -0.888149 3.840529 -4.219766
v 0.888149 3.840529 4.219766
v 0.472023 2.740382 5.419038
v -0.045784 3.875061 4.293818
v -0.573706 5.114981 -5.594120
v 0.573705 5.114981 5.594120
v -0.620879 4.314405 -6.562365
v -2.358146 3.603388 -5.264035
v -1.539021 4.224732 -7.761127
v -1.539021 5.116879 -7.345112
v 1.346505 3.740366 -5.557784
v 0.101236 5.177526 -7.475172
v 0.101236 4.285379 -7.891186
v 0.513105 5.690526 -5.744694
v -1.707922 5.608405 -5.568583
v -1.709193 2.547838 -6.995627
v 0.511835 2.629959 -7.171735
v -2.043194 3.132175 -4.253515
v 1.228508 3.253144 -4.512934
v 1.539019 5.116879 7.345113
v 1.539019 4.224732 7.761128
v -1.346505 3.740366 5.557782
v -0.101238 5.177526 7.475171
v -0.101238 4.285379 7.891185
v 1.639185 2.553661 6.997492
v 2.210139 3.138008 4.266026
v 1.639185 5.606044 5.574143
v -0.442696 5.683020 5.739218
v -1.391964 3.271194 4.551641
v -0.442696 2.630638 7.162567
v 0.620877 4.314405 6.562364
v -1.201048 7.059107 -12.599368
v 0.276172 3.603684 2.546461
v -0.276172 3.603684 -2.546461
v 1.201042 7.059108 12.599367
v 0.048296 3.000000 -0.983091
v -0.000000 3.000000 -0.984276
v 0.096476 3.000000 -0.979537
v -0.048293 3.000000 -0.983091
v -0.096474 3.000000 -0.979537
v -0.144421 3.000000 -0.973623
v -0.192021 3.000000 -0.965364
v -0.239157 3.000000 -0.954779
v -0.285719 3.000000 -0.941894
v -0.331591 3.000000 -0.926740
v -0.376664 3.000000 -0.909353
v -0.420831 3.000000 -0.889776
v -0.463983 3.000000 -0.868055
v -0.506018 3.000000 -0.844243
v -0.546834 3.000000 -0.818397
v -0.586332 3.000000 -0.790579
v -0.624418 3.000000 -0.760856
v -0.660999 3.000000 -0.729301
v -0.695988 3.000000 -0.695989
v -0.729300 3.000000 -0.661000
v -0.760856 3.000000 -0.624419
v -0.790578 3.000000 -0.586333
v -0.818396 3.000000 -0.546835
v -0.844242 3.000000 -0.506019
v -0.868054 3.000000 -0.463985
v -0.889775 3.000000 -0.420832
v -0.909353 3.000000 -0.376666
v -0.926740 3.000000 -0.331592
v -0.941894 3.000000 -0.285720
v -0.954779 3.000000 -0.239159
v -0.965364 3.000000 -0.192022
v -0.973623 3.000000 -0.144422
v -0.979537 3.000000 -0.096475
v -0.983091 3.000000 -0.048295
v -0.984276 3.000000 0.000001
v -0.983091 3.000000 0.048298
v -0.979537 3.000000 0.096477
v -0.973623 3.000000 0.144425
v -0.965363 3.000000 0.192025
v -0.954778 3.000000 0.239162
v -0.941893 3.000000 0.285722
v -0.926739 3.000000 0.331595
v -0.909352 3.000000 0.376668
v -0.889774 3.000000 0.420835
v -0.868053 3.000000 0.463987
v -0.844241 3.000000 0.506021
v -0.818394 3.000000 0.546837
v -0.790576 3.000000 0.586335
v -0.760854 3.000000 0.624421
v -0.729298 3.000000 0.661002
v -0.695986 3.000000 0.695991
v -0.660997 3.000000 0.729302
v -0.624416 3.000000 0.760858
v -0.586330 3.000000 0.790580
v -0.546832 3.000000 0.818397
v -0.506017 3.000000 0.844243
v -0.463982 3.000000 0.868055
v -0.420830 3.000000 0.889776
v -0.376664 3.000000 0.909353
v -0.331591 3.000000 0.926740
v -0.285718 3.000000 0.941894
v -0.239158 3.000000 0.954779
v -0.192021 3.000000 0.965364
v -0.144422 3.000000 0.973623
v -0.096474 3.000000 0.979537
v -0.048294 3.000000 0.983091
v 0.000002 3.000000 0.984276
v 0.048297 3.000000 0.983090
v 0.096477 3.000000 0.979536
v 0.144425 3.000000 0.973623
v 0.192024 3.000000 0.965363
v 0.239161 3.000000 0.954778
v 0.285721 3.000000 0.941893
v 0.331593 3.000000 0.926739
v 0.376667 3.000000 0.909352
v 0.420833 3.000000 0.889775
v 0.463985 3.000000 0.868054
v 0.506019 3.000000 0.844241
v 0.546835 3.000000 0.818395
v 0.586333 3.000000 0.790578
v 0.624418 3.000000 0.760855
v 0.660999 3.000000 0.729300
v 0.695988 3.000000 0.695988
v 0.729300 3.000000 0.660999
v 0.760855 3.000000 0.624418
v 0.790578 3.000000 0.586333
v 0.818395 3.000000 0.546835
v 0.844241 3.000000 0.506019
v 0.868054 3.000000 0.463985
v 0.889775 3.000000 0.420833
v 0.909352 3.000000 0.376667
v 0.926739 3.000000 0.331593
v 0.941893 3.000000 0.285721
v 0.954778 3.000000 0.239160
v 0.965363 3.000000 0.192023
v 0.973623 3.000000 0.144424
v 0.979536 3.000000 0.096476
v 0.983090 3.000000 0.048296
v 0.984276 3.000000 0.000000
v 0.983090 3.000000 -0.048296
v 0.979536 3.000000 -0.096476
v 0.973623 3.000000 -0.144423
v 0.965363 3.000000 -0.192022
v 0.954778 3.000000 -0.239159
v 0.941893 3.000000 -0.285720
v 0.926739 3.000000 -0.331593
v 0.909352 3.000000 -0.376666
v 0.889775 3.000000 -0.420832
v 0.868054 3.000000 -0.463985
v 0.844241 3.000000 -0.506019
v 0.818395 3.000000 -0.546835
v 0.790578 3.000000 -0.586333
v 0.760856 3.000000 -0.624418
v 0.729300 3.000000 -0.660999
v 0.695988 3.000000 -0.695988
v 0.660999 3.000000 -0.729301
v 0.624418 3.000000 -0.760856
v 0.586332 3.000000 -0.790578
v 0.546834 3.000000 -0.818396
v 0.506019 3.000000 -0.844242
v 0.463984 3.000000 -0.868054
v 0.420832 3.000000 -0.889775
v 0.376666 3.000000 -0.909353
v 0.331592 3.000000 -0.926739
v 0.285720 3.000000 -0.941894
v 0.239159 3.000000 -0.954779
v 0.192023 3.000000 -0.965364
v 0.144423 3.000000 -0.973623
v 0.023753 4.000000 -0.483543
v -0.000002 4.000000 -0.484126
v 0.047450 4.000000 -0.481794
v -0.023756 4.000000 -0.483542
v -0.047454 4.000000 -0.481794
v -0.071037 4.000000 -0.478886
v -0.094449 4.000000 -0.474824
v -0.117634 4.000000 -0.469617
v -0.140536 4.000000 -0.463280
v -0.163098 4.000000 -0.455826
v -0.185268 4.000000 -0.447274
v -0.206992 4.000000 -0.437645
v -0.228217 4.000000 -0.426961
v -0.248892 4.000000 -0.415249
v -0.268968 4.000000 -0.402536
v -0.288395 4.000000 -0.388854
v -0.307128 4.000000 -0.374235
v -0.325121 4.000000 -0.358713
v -0.342331 4.000000 -0.342328
v -0.358715 4.000000 -0.325119
v -0.374236 4.000000 -0.307127
v -0.388855 4.000000 -0.288393
v -0.402538 4.000000 -0.268966
v -0.415251 4.000000 -0.248890
v -0.426963 4.000000 -0.228215
v -0.437647 4.000000 -0.206990
v -0.447276 4.000000 -0.185267
v -0.455828 4.000000 -0.163097
v -0.463282 4.000000 -0.140534
v -0.469619 4.000000 -0.117633
v -0.474826 4.000000 -0.094448
v -0.478888 4.000000 -0.071035
v -0.481797 4.000000 -0.047452
v -0.483545 4.000000 -0.023755
v -0.484128 4.000000 0.000001
v -0.483545 4.000000 0.023756
v -0.481797 4.000000 0.047453
v -0.478888 4.000000 0.071036
v -0.474825 4.000000 0.094450
v -0.469619 4.000000 0.117635
v -0.463281 4.000000 0.140535
v -0.455828 4.000000 0.163097
v -0.447276 4.000000 0.185267
v -0.437646 4.000000 0.206992
v -0.426962 4.000000 0.228217
v -0.415250 4.000000 0.248891
v -0.402537 4.000000 0.268967
v -0.388854 4.000000 0.288395
v -0.374235 4.000000 0.307127
v -0.358714 4.000000 0.325120
v -0.342330 4.000000 0.342329
v -0.325120 4.000000 0.358714
v -0.307127 4.000000 0.374235
v -0.288394 4.000000 0.388854
v -0.268967 4.000000 0.402536
v -0.248891 4.000000 0.415249
v -0.228216 4.000000 0.426961
v -0.206992 4.000000 0.437644
v -0.185268 4.000000 0.447274
v -0.163097 4.000000 0.455826
v -0.140535 4.000000 0.463280
v -0.117634 4.000000 0.469617
v -0.094449 4.000000 0.474823
v -0.071038 4.000000 0.478885
v -0.047453 4.000000 0.481794
v -0.023756 4.000000 0.483542
v -0.000002 4.000000 0.484125
v 0.023753 4.000000 0.483542
v 0.047451 4.000000 0.481794
v 0.071035 4.000000 0.478885
v 0.094447 4.000000 0.474823
v 0.117631 4.000000 0.469617
v 0.140533 4.000000 0.463279
v 0.163095 4.000000 0.455825
v 0.185265 4.000000 0.447273
v 0.206989 4.000000 0.437644
v 0.228213 4.000000 0.426960
v 0.248888 4.000000 0.415248
v 0.268964 4.000000 0.402535
v 0.288392 4.000000 0.388853
v 0.307124 4.000000 0.374234
v 0.325116 4.000000 0.358713
v 0.342327 4.000000 0.342328
v 0.358711 4.000000 0.325119
v 0.374232 4.000000 0.307126
v 0.388851 4.000000 0.288393
v 0.402533 4.000000 0.268966
v 0.415246 4.000000 0.248890
v 0.426958 4.000000 0.228215
v 0.437642 4.000000 0.206990
v 0.447272 4.000000 0.185266
v 0.455823 4.000000 0.163097
v 0.463277 4.000000 0.140535
v 0.469614 4.000000 0.117633
v 0.474821 4.000000 0.094448
v 0.478883 4.000000 0.071036
v 0.481792 4.000000 0.047452
v 0.483540 4.000000 0.023755
v 0.484123 4.000000 0.000001
v 0.483540 4.000000 -0.023755
v 0.481792 4.000000 -0.047452
v 0.478883 4.000000 -0.071036
v 0.474821 4.000000 -0.094448
v 0.469615 4.000000 -0.117633
v 0.463277 4.000000 -0.140535
v 0.455823 4.000000 -0.163097
v 0.447272 4.000000 -0.185266
v 0.437642 4.000000 -0.206990
v 0.426958 4.000000 -0.228215
v 0.415246 4.000000 -0.248891
v 0.402533 4.000000 -0.268966
v 0.388851 4.000000 -0.288393
v 0.374232 4.000000 -0.307126
v 0.358711 4.000000 -0.325119
v 0.342326 4.000000 -0.342328
v 0.325117 4.000000 -0.358713
v 0.307124 4.000000 -0.374234
v 0.288391 4.000000 -0.388853
v 0.268963 4.000000 -0.402536
v 0.248888 4.000000 -0.415249
v 0.228213 4.000000 -0.426961
v 0.206988 4.000000 -0.437644
v 0.185265 4.000000 -0.447274
v 0.163095 4.000000 -0.455826
v 0.140532 4.000000 -0.463279
v 0.117631 4.000000 -0.469617
v 0.094446 4.000000 -0.474823
v 0.071034 4.000000 -0.478886
v 0.343933 31.288340 0.908670
v 0.571420 33.384823 0.000000
v 0.343983 31.288340 -0.908669
v 0.017331 31.175047 -1.156676
v 0.025797 35.449383 -1.123461
v -0.571418 33.384823 0.000000
v -0.343929 31.288340 -0.908670
v -0.017329 31.175047 1.156676
v -0.025795 35.449383 1.123462
v -0.343984 31.288340 0.908670
v 0.298387 36.833134 -0.845746
v 0.397481 38.903324 0.000001
v 0.017384 36.915981 -1.149575
v 0.020386 39.796238 -1.130791
v -0.397479 38.903324 0.000000
v -0.298385 36.833134 -0.845747
v 0.298387 36.833134 0.845747
v -0.017382 36.915985 1.149576
v -0.020384 39.796238 1.130792
v -0.298386 36.833134 0.845747
v 0.000001 36.110748 0.000000
v 0.542706 36.525333 0.394294
v -0.207290 36.525333 0.637987
v -0.670819 36.525337 0.000000
v -0.207290 36.525333 -0.637987
v 0.542706 36.525333 -0.394294
v 0.207292 37.196163 0.637987
v -0.542705 37.196163 0.394294
v -0.542705 37.196163 -0.394294
v 0.207292 37.196163 -0.637987
v 0.670821 37.196159 0.000000
v 0.000001 37.610748 0.000000
v -0.121841 36.222755 0.374997
v 0.318993 36.222755 0.231759
v 0.197153 36.466446 0.606759
v 0.637987 36.466446 0.000000
v 0.318993 36.222755 -0.231758
v -0.394296 36.222759 0.000000
v -0.516141 36.466446 0.374998
v -0.121841 36.222755 -0.374996
v -0.516141 36.466446 -0.374997
v 0.197153 36.466446 -0.606758
v 0.713294 36.860748 0.231760
v 0.713294 36.860748 -0.231759
v 0.000001 36.860748 0.750000
v 0.440840 36.860748 0.606763
v -0.713292 36.860748 0.231760
v -0.440838 36.860748 0.606763
v -0.440838 36.860748 -0.606762
v -0.713292 36.860748 -0.231759
v 0.440840 36.860748 -0.606762
v 0.000001 36.860748 -0.750000
v 0.516143 37.255051 0.374998
v -0.197151 37.255051 0.606759
v -0.637985 37.255051 0.000000
v -0.197151 37.255051 -0.606758
v 0.516143 37.255051 -0.374997
v 0.121843 37.498737 0.374997
v 0.394298 37.498734 0.000000
v -0.318991 37.498737 0.231759
v -0.318991 37.498737 -0.231758
v 0.121843 37.498737 -0.374996
v 0.000001 47.400002 0.000000
vt 1.000000 0.500000
vt 1.000000 1.000000
vt 0.992188 1.000000
vt 0.992188 0.500000
vt 0.984375 1.000000
vt 0.984375 0.500000
vt 0.976562 1.000000
vt 0.976562 0.500000
vt 0.968750 1.000000
vt 0.968750 0.500000
vt 0.960938 1.000000
vt 0.960938 0.500000
vt 0.953125 1.000000
vt 0.953125 0.500000
vt 0.945312 1.000000
vt 0.945312 0.500000
vt 0.937500 1.000000
vt 0.937500 0.500000
vt 0.929688 1.000000
vt 0.929688 0.500000
vt 0.921875 1.000000
vt 0.921875 0.500000
vt 0.914062 1.000000
vt 0.914062 0.500000
vt 0.906250 1.000000
vt 0.906250 0.500000
vt 0.898438 1.000000
vt 0.898438 0.500000
vt 0.890625 1.000000
vt 0.890625 0.500000
vt 0.882812 1.000000
vt 0.882812 0.500000
vt 0.875000 1.000000
vt 0.875000 0.500000
vt 0.867188 1.000000
vt 0.867188 0.500000
vt 0.859375 1.000000
vt 0.859375 0.500000
vt 0.851562 1.000000
vt 0.851562 0.500000
vt 0.843750 1.000000
vt 0.843750 0.500000
vt 0.835938 1.000000
vt 0.835938 0.500000
vt 0.828125 1.000000
vt 0.828125 0.500000
vt 0.820312 1.000000
vt 0.820312 0.500000
vt 0.812500 1.000000
vt 0.812500 0.500000
vt 0.804688 1.000000
vt 0.804688 0.500000
vt 0.796875 1.000000
vt 0.796875 0.500000
vt 0.789062 1.000000
vt 0.789062 0.500000
vt 0.781250 1.000000
vt 0.781250 0.500000
vt 0.773438 1.000000
vt 0.773438 0.500000
vt 0.765625 1.000000
vt 0.765625 0.500000
vt 0.757812 1.000000
vt 0.757812 0.500000
vt 0.750000 1.000000
vt 0.750000 0.500000
vt 0.742188 1.000000
vt 0.742188 0.500000
vt 0.734375 1.000000
vt 0.734375 0.500000
vt 0.726562 1.000000
vt 0.726562 0.500000
vt 0.718750 1.000000
vt 0.718750 0.500000
vt 0.710938 1.000000
vt 0.710938 0.500000
vt 0.703125 1.000000
vt 0.703125 0.500000
vt 0.695312 1.000000
vt 0.695312 0.500000
vt 0.687500 1.000000
vt 0.687500 0.500000
vt 0.679688 1.000000
vt 0.679688 0.500000
vt 0.671875 1.000000
vt 0.671875 0.500000
vt 0.664062 1.000000
vt 0.664062 0.500000
vt 0.656250 1.000000
vt 0.656250 0.500000
vt 0.648438 1.000000
vt 0.648438 0.500000
vt 0.640625 1.000000
vt 0.640625 0.500000
vt 0.632812 1.000000
vt 0.632812 0.500000
vt 0.625000 1.000000
vt 0.625000 0.500000
vt 0.617188 1.000000
vt 0.617188 0.500000
vt 0.609375 1.000000
vt 0.609375 0.500000
vt 0.601562 1.000000
vt 0.601562 0.500000
vt 0.593750 1.000000
vt 0.593750 0.500000
vt 0.585938 1.000000
vt 0.585938 0.500000
vt 0.578125 1.000000
vt 0.578125 0.500000
vt 0.570312 1.000000
vt 0.570312 0.500000
vt 0.562500 1.000000
vt 0.562500 0.500000
vt 0.554688 1.000000
vt 0.554688 0.500000
vt 0.546875 1.000000
vt 0.546875 0.500000
vt 0.539062 1.000000
vt 0.539062 0.500000
vt 0.531250 1.000000
vt 0.531250 0.500000
vt 0.523438 1.000000
vt 0.523438 0.500000
vt 0.515625 1.000000
vt 0.515625 0.500000
vt 0.507812 1.000000
vt 0.507812 0.500000
vt 0.500000 1.000000
vt 0.500000 0.500000
vt 0.492188 1.000000
vt 0.492188 0.500000
vt 0.484375 1.000000
vt 0.484375 0.500000
vt 0.476562 1.000000
vt 0.476562 0.500000
vt 0.468750 1.000000
vt 0.468750 0.500000
vt 0.460938 1.000000
vt 0.460938 0.500000
vt 0.453125 1.000000
vt 0.453125 0.500000
vt 0.445312 1.000000
vt 0.445312 0.500000
vt 0.437500 1.000000
vt 0.437500 0.500000
vt 0.429688 1.000000
vt 0.429688 0.500000
vt 0.421875 1.000000
vt 0.421875 0.500000
vt 0.414062 1.000000
vt 0.414062 0.500000
vt 0.406250 1.000000
vt 0.406250 0.500000
vt 0.398438 1.000000
vt 0.398438 0.500000
vt 0.390625 1.000000
vt 0.390625 0.500000
vt 0.382812 1.000000
vt 0.382812 0.500000
vt 0.375000 1.000000
vt 0.375000 0.500000
vt 0.367188 1.000000
vt 0.367188 0.500000
vt 0.359375 1.000000
vt 0.359375 0.500000
vt 0.351562 1.000000
vt 0.351562 0.500000
vt 0.343750 1.000000
vt 0.343750 0.500000
vt 0.335938 1.000000
vt 0.335938 0.500000
vt 0.328125 1.000000
vt 0.328125 0.500000
vt 0.320312 1.000000
vt 0.320312 0.500000
vt 0.312500 1.000000
vt 0.312500 0.500000
vt 0.304688 1.000000
vt 0.304688 0.500000
vt 0.296875 1.000000
vt 0.296875 0.500000
vt 0.289062 1.000000
vt 0.289062 0.500000
vt 0.281250 1.000000
vt 0.281250 0.500000
vt 0.273438 1.000000
vt 0.273438 0.500000
vt 0.265625 1.000000
vt 0.265625 0.500000
vt 0.257812 1.000000
vt 0.257812 0.500000
vt 0.250000 1.000000
vt 0.250000 0.500000
vt 0.242188 1.000000
vt 0.242188 0.500000
vt 0.234375 1.000000
vt 0.234375 0.500000
vt 0.226562 1.000000
vt 0.226562 0.500000
vt 0.218750 1.000000
vt 0.218750 0.500000
vt 0.210938 1.000000
vt 0.210938 0.500000
vt 0.203125 1.000000
vt 0.203125 0.500000
vt 0.195312 1.000000
vt 0.195312 0.500000
vt 0.187500 1.000000
vt 0.187500 0.500000
vt 0.179688 1.000000
vt 0.179688 0.500000
vt 0.171875 1.000000
vt 0.171875 0.500000
vt 0.164062 1.000000
vt 0.164062 0.500000
vt 0.156250 1.000000
vt 0.156250 0.500000
vt 0.148438 1.000000
vt 0.148438 0.500000
vt 0.140625 1.000000
vt 0.140625 0.500000
vt 0.132812 1.000000
vt 0.132812 0.500000
vt 0.125000 1.000000
vt 0.125000 0.500000
vt 0.117188 1.000000
vt 0.117188 0.500000
vt 0.109375 1.000000
vt 0.109375 0.500000
vt 0.101562 1.000000
vt 0.101562 0.500000
vt 0.093750 1.000000
vt 0.093750 0.500000
vt 0.085938 1.000000
vt 0.085938 0.500000
vt 0.078125 1.000000
vt 0.078125 0.500000
vt 0.070312 1.000000
vt 0.070312 0.500000
vt 0.062500 1.000000
vt 0.062500 0.500000
vt 0.054688 1.000000
vt 0.054688 0.500000
vt 0.046875 1.000000
vt 0.046875 0.500000
vt 0.039062 1.000000
vt 0.039062 0.500000
vt 0.031250 1.000000
vt 0.031250 0.500000
vt 0.023438 1.000000
vt 0.023438 0.500000
vt 0.015625 1.000000
vt 0.015625 0.500000
vt 0.122733 0.122733
vt 0.129132 0.116641
vt 0.129132 0.116641
vt 0.122733 0.122733
vt 0.007812 1.000000
vt 0.007812 0.500000
vt 0.000000 1.000000
vt 0.000000 0.500000
vt 0.673048 0.412702
vt 0.681125 0.416282
vt 0.681125 0.416282
vt 0.673048 0.412702
vt 0.750000 0.490000
vt 0.761776 0.489711
vt 0.758831 0.429765
vt 0.750000 0.429982
vt 0.773524 0.488844
vt 0.767640 0.429115
vt 0.785215 0.487402
vt 0.776410 0.428033
vt 0.796822 0.485388
vt 0.785112 0.426524
vt 0.808315 0.482808
vt 0.793732 0.424587
vt 0.819668 0.479666
vt 0.802246 0.422231
vt 0.830854 0.475971
vt 0.810634 0.419461
vt 0.841844 0.471731
vt 0.818876 0.416282
vt 0.852613 0.466957
vt 0.826952 0.412702
vt 0.863135 0.461661
vt 0.834844 0.408730
vt 0.873385 0.455855
vt 0.842530 0.404375
vt 0.883337 0.449553
vt 0.849993 0.399651
vt 0.892968 0.442770
vt 0.857214 0.394564
vt 0.902254 0.435522
vt 0.864180 0.389128
vt 0.911174 0.427828
vt 0.870870 0.383358
vt 0.919706 0.419706
vt 0.877268 0.377268
vt 0.927828 0.411174
vt 0.883359 0.370868
vt 0.935523 0.402254
vt 0.889128 0.364180
vt 0.942770 0.392968
vt 0.894564 0.357216
vt 0.949553 0.383337
vt 0.899649 0.349992
vt 0.955855 0.373385
vt 0.904375 0.342530
vt 0.961661 0.363135
vt 0.908730 0.334843
vt 0.966957 0.352613
vt 0.912703 0.326953
vt 0.971731 0.341844
vt 0.916282 0.318877
vt 0.975971 0.330853
vt 0.919461 0.310634
vt 0.979666 0.319668
vt 0.922233 0.302245
vt 0.982808 0.308315
vt 0.924588 0.293732
vt 0.985389 0.296822
vt 0.926524 0.285113
vt 0.987402 0.285215
vt 0.928034 0.276409
vt 0.988844 0.273524
vt 0.929115 0.267641
vt 0.989711 0.261776
vt 0.929764 0.258831
vt 0.990000 0.250000
vt 0.929983 0.250000
vt 0.989711 0.238224
vt 0.929765 0.241168
vt 0.988844 0.226476
vt 0.929116 0.232359
vt 0.987402 0.214785
vt 0.928033 0.223590
vt 0.985388 0.203178
vt 0.926524 0.214888
vt 0.982807 0.191685
vt 0.924588 0.206267
vt 0.979666 0.180332
vt 0.922233 0.197755
vt 0.975971 0.169146
vt 0.919460 0.189367
vt 0.971731 0.158156
vt 0.916281 0.181123
vt 0.966957 0.147387
vt 0.912702 0.173048
vt 0.961661 0.136865
vt 0.908730 0.165157
vt 0.955855 0.126615
vt 0.904375 0.157471
vt 0.949553 0.116663
vt 0.899649 0.150008
vt 0.942770 0.107032
vt 0.894564 0.142785
vt 0.935522 0.097746
vt 0.889129 0.135820
vt 0.927828 0.088826
vt 0.883358 0.129133
vt 0.919706 0.080294
vt 0.877266 0.122733
vt 0.911174 0.072172
vt 0.870868 0.116642
vt 0.902254 0.064478
vt 0.864180 0.110872
vt 0.892968 0.057230
vt 0.857217 0.105438
vt 0.883337 0.050447
vt 0.849994 0.100349
vt 0.873385 0.044145
vt 0.842529 0.095624
vt 0.863135 0.038339
vt 0.834844 0.091271
vt 0.852613 0.033043
vt 0.826951 0.087298
vt 0.841844 0.028269
vt 0.818876 0.083718
vt 0.830854 0.024030
vt 0.810634 0.080539
vt 0.819669 0.020334
vt 0.802246 0.077769
vt 0.808316 0.017193
vt 0.793734 0.075412
vt 0.796822 0.014612
vt 0.785113 0.073476
vt 0.785216 0.012598
vt 0.776409 0.071966
vt 0.773525 0.011156
vt 0.767641 0.070885
vt 0.761777 0.010289
vt 0.758831 0.070235
vt 0.750000 0.010000
vt 0.750001 0.070018
vt 0.738224 0.010289
vt 0.741170 0.070235
vt 0.726476 0.011156
vt 0.732359 0.070884
vt 0.714785 0.012598
vt 0.723593 0.071966
vt 0.703179 0.014611
vt 0.714888 0.073475
vt 0.691685 0.017192
vt 0.706268 0.075411
vt 0.680332 0.020334
vt 0.697755 0.077769
vt 0.669147 0.024029
vt 0.689366 0.080540
vt 0.658157 0.028269
vt 0.681124 0.083718
vt 0.647387 0.033042
vt 0.673047 0.087297
vt 0.636865 0.038339
vt 0.665158 0.091269
vt 0.626616 0.044145
vt 0.657472 0.095624
vt 0.616664 0.050447
vt 0.650007 0.100350
vt 0.607033 0.057230
vt 0.642786 0.105436
vt 0.597746 0.064477
vt 0.635820 0.110872
vt 0.588826 0.072171
vt 0.629131 0.116641
vt 0.580295 0.080294
vt 0.622733 0.122733
vt 0.572172 0.088825
vt 0.616642 0.129131
vt 0.564478 0.097745
vt 0.610873 0.135821
vt 0.557231 0.107032
vt 0.605438 0.142784
vt 0.550448 0.116663
vt 0.600351 0.150006
vt 0.544145 0.126615
vt 0.595626 0.157471
vt 0.538339 0.136864
vt 0.591270 0.165156
vt 0.533043 0.147386
vt 0.587298 0.173047
vt 0.528269 0.158155
vt 0.583717 0.181124
vt 0.524030 0.169146
vt 0.580539 0.189366
vt 0.520334 0.180331
vt 0.577767 0.197754
vt 0.517193 0.191684
vt 0.575412 0.206267
vt 0.514612 0.203178
vt 0.573478 0.214888
vt 0.512598 0.214784
vt 0.571966 0.223591
vt 0.511156 0.226475
vt 0.570885 0.232358
vt 0.510289 0.238223
vt 0.570235 0.241169
vt 0.510000 0.250000
vt 0.570019 0.250000
vt 0.510289 0.261776
vt 0.570235 0.258831
vt 0.511156 0.273524
vt 0.570885 0.267641
vt 0.512598 0.285215
vt 0.571966 0.276408
vt 0.514611 0.296821
vt 0.573476 0.285113
vt 0.517192 0.308315
vt 0.575411 0.293731
vt 0.520334 0.319668
vt 0.577768 0.302245
vt 0.524029 0.330853
vt 0.580539 0.310633
vt 0.528269 0.341844
vt 0.583719 0.318877
vt 0.533043 0.352613
vt 0.587298 0.326952
vt 0.538339 0.363135
vt 0.591270 0.334843
vt 0.544145 0.373385
vt 0.595625 0.342530
vt 0.550447 0.383337
vt 0.600351 0.349993
vt 0.557230 0.392968
vt 0.605436 0.357215
vt 0.564478 0.402254
vt 0.610872 0.364180
vt 0.572172 0.411174
vt 0.616642 0.370869
vt 0.580294 0.419706
vt 0.622734 0.377267
vt 0.588826 0.427828
vt 0.629131 0.383359
vt 0.597746 0.435523
vt 0.635820 0.389128
vt 0.607032 0.442770
vt 0.642785 0.394562
vt 0.616663 0.449553
vt 0.650007 0.399650
vt 0.626616 0.455855
vt 0.657471 0.404376
vt 0.636865 0.461661
vt 0.665157 0.408729
vt 0.647387 0.466958
vt 0.658156 0.471731
vt 0.669147 0.475971
vt 0.689365 0.419461
vt 0.680332 0.479666
vt 0.697754 0.422233
vt 0.691685 0.482808
vt 0.706268 0.424588
vt 0.703179 0.485389
vt 0.714887 0.426524
vt 0.714785 0.487402
vt 0.723591 0.428034
vt 0.726477 0.488844
vt 0.732358 0.429116
vt 0.738224 0.489711
vt 0.741169 0.429766
vt 0.689365 0.419461
vt 0.689365 0.419461
vt 0.681125 0.416282
vt 0.706268 0.075411
vt 0.714888 0.073475
vt 0.889128 0.364180
vt 0.883359 0.370868
vt 0.697755 0.077769
vt 0.894564 0.357216
vt 0.697754 0.422233
vt 0.689366 0.080540
vt 0.899649 0.349992
vt 0.706268 0.424588
vt 0.681124 0.083718
vt 0.904375 0.342530
vt 0.714887 0.426524
vt 0.673047 0.087297
vt 0.908730 0.334843
vt 0.723591 0.428034
vt 0.665158 0.091269
vt 0.912703 0.326953
vt 0.732358 0.429116
vt 0.657472 0.095624
vt 0.916282 0.318877
vt 0.741169 0.429766
vt 0.650007 0.100350
vt 0.919461 0.310634
vt 0.642786 0.105436
vt 0.922233 0.302245
vt 0.635820 0.110872
vt 0.924588 0.293732
vt 0.629131 0.116641
vt 0.926524 0.285113
vt 0.622733 0.122733
vt 0.928034 0.276409
vt 0.616642 0.129131
vt 0.929115 0.267641
vt 0.610873 0.135821
vt 0.929764 0.258831
vt 0.605438 0.142784
vt 0.929983 0.250000
vt 0.600351 0.150006
vt 0.929765 0.241168
vt 0.595626 0.157471
vt 0.929116 0.232359
vt 0.591270 0.165156
vt 0.928033 0.223590
vt 0.587298 0.173047
vt 0.926524 0.214888
vt 0.583717 0.181124
vt 0.924588 0.206267
vt 0.580539 0.189366
vt 0.922233 0.197755
vt 0.577767 0.197754
vt 0.919460 0.189367
vt 0.575412 0.206267
vt 0.916281 0.181123
vt 0.573478 0.214888
vt 0.912702 0.173048
vt 0.571966 0.223591
vt 0.908730 0.165157
vt 0.570885 0.232358
vt 0.904375 0.157471
vt 0.570235 0.241169
vt 0.899649 0.150008
vt 0.570019 0.250000
vt 0.894564 0.142785
vt 0.570235 0.258831
vt 0.889129 0.135820
vt 0.570885 0.267641
vt 0.883358 0.129133
vt 0.571966 0.276408
vt 0.877266 0.122733
vt 0.573476 0.285113
vt 0.870868 0.116642
vt 0.575411 0.293731
vt 0.864180 0.110872
vt 0.577768 0.302245
vt 0.857217 0.105438
vt 0.758831 0.429765
vt 0.750000 0.429982
vt 0.580539 0.310633
vt 0.849994 0.100349
vt 0.583719 0.318877
vt 0.842529 0.095624
vt 0.767640 0.429115
vt 0.587298 0.326952
vt 0.834844 0.091271
vt 0.776410 0.428033
vt 0.591270 0.334843
vt 0.826951 0.087298
vt 0.785112 0.426524
vt 0.595625 0.342530
vt 0.818876 0.083718
vt 0.793732 0.424587
vt 0.600351 0.349993
vt 0.810634 0.080539
vt 0.802246 0.422231
vt 0.605436 0.357215
vt 0.802246 0.077769
vt 0.810634 0.419461
vt 0.610872 0.364180
vt 0.793734 0.075412
vt 0.818876 0.416282
vt 0.616642 0.370869
vt 0.785113 0.073476
vt 0.826952 0.412702
vt 0.622734 0.377267
vt 0.776409 0.071966
vt 0.834844 0.408730
vt 0.629131 0.383359
vt 0.767641 0.070885
vt 0.842530 0.404375
vt 0.635820 0.389128
vt 0.758831 0.070235
vt 0.849993 0.399651
vt 0.642785 0.394562
vt 0.750001 0.070018
vt 0.857214 0.394564
vt 0.650007 0.399650
vt 0.741170 0.070235
vt 0.864180 0.389128
vt 0.657471 0.404376
vt 0.732359 0.070884
vt 0.870870 0.383358
vt 0.665157 0.408729
vt 0.723593 0.071966
vt 0.877268 0.377268
vt 0.857217 0.105438
vt 0.849994 0.100349
vt 0.849994 0.100349
vt 0.857217 0.105438
vt 0.697755 0.077769
vt 0.706268 0.075411
vt 0.894564 0.357216
vt 0.889128 0.364180
vt 0.697754 0.422233
vt 0.689366 0.080540
vt 0.899649 0.349992
vt 0.706268 0.424588
vt 0.681124 0.083718
vt 0.904375 0.342530
vt 0.714887 0.426524
vt 0.673047 0.087297
vt 0.908730 0.334843
vt 0.723591 0.428034
vt 0.665158 0.091269
vt 0.912703 0.326953
vt 0.732358 0.429116
vt 0.657472 0.095624
vt 0.916282 0.318877
vt 0.741169 0.429766
vt 0.650007 0.100350
vt 0.919461 0.310634
vt 0.642786 0.105436
vt 0.922233 0.302245
vt 0.635820 0.110872
vt 0.924588 0.293732
vt 0.629131 0.116641
vt 0.926524 0.285113
vt 0.622733 0.122733
vt 0.928034 0.276409
vt 0.616642 0.129131
vt 0.929115 0.267641
vt 0.610873 0.135821
vt 0.929764 0.258831
vt 0.605438 0.142784
vt 0.929983 0.250000
vt 0.600351 0.150006
vt 0.929765 0.241168
vt 0.595626 0.157471
vt 0.929116 0.232359
vt 0.591270 0.165156
vt 0.928033 0.223590
vt 0.587298 0.173047
vt 0.926524 0.214888
vt 0.583717 0.181124
vt 0.924588 0.206267
vt 0.580539 0.189366
vt 0.922233 0.197755
vt 0.577767 0.197754
vt 0.919460 0.189367
vt 0.575412 0.206267
vt 0.916281 0.181123
vt 0.573478 0.214888
vt 0.912702 0.173048
vt 0.571966 0.223591
vt 0.908730 0.165157
vt 0.570885 0.232358
vt 0.904375 0.157471
vt 0.570235 0.241169
vt 0.899649 0.150008
vt 0.570019 0.250000
vt 0.894564 0.142785
vt 0.570235 0.258831
vt 0.889129 0.135820
vt 0.570885 0.267641
vt 0.883358 0.129133
vt 0.571966 0.276408
vt 0.877266 0.122733
vt 0.573476 0.285113
vt 0.870868 0.116642
vt 0.575411 0.293731
vt 0.864180 0.110872
vt 0.577768 0.302245
vt 0.758831 0.429765
vt 0.750000 0.429982
vt 0.580539 0.310633
vt 0.583719 0.318877
vt 0.842529 0.095624
vt 0.767640 0.429115
vt 0.587298 0.326952
vt 0.834844 0.091271
vt 0.776410 0.428033
vt 0.591270 0.334843
vt 0.826951 0.087298
vt 0.785112 0.426524
vt 0.595625 0.342530
vt 0.818876 0.083718
vt 0.793732 0.424587
vt 0.600351 0.349993
vt 0.810634 0.080539
vt 0.802246 0.422231
vt 0.605436 0.357215
vt 0.802246 0.077769
vt 0.810634 0.419461
vt 0.610872 0.364180
vt 0.793734 0.075412
vt 0.818876 0.416282
vt 0.616642 0.370869
vt 0.785113 0.073476
vt 0.826952 0.412702
vt 0.622734 0.377267
vt 0.776409 0.071966
vt 0.834844 0.408730
vt 0.629131 0.383359
vt 0.767641 0.070885
vt 0.842530 0.404375
vt 0.635820 0.389128
vt 0.758831 0.070235
vt 0.849993 0.399651
vt 0.642785 0.394562
vt 0.750001 0.070018
vt 0.857214 0.394564
vt 0.650007 0.399650
vt 0.741170 0.070235
vt 0.864180 0.389128
vt 0.657471 0.404376
vt 0.732359 0.070884
vt 0.870870 0.383358
vt 0.665157 0.408729
vt 0.723593 0.071966
vt 0.877268 0.377268
vt 0.673048 0.412702
vt 0.714888 0.073475
vt 0.883359 0.370868
vt 0.717233 0.380815
vt 0.723691 0.382264
vt 0.723691 0.382264
vt 0.717233 0.380815
vt 0.750000 0.429982
vt 0.741169 0.429766
vt 0.583719 0.318877
vt 0.580539 0.310633
vt 0.842529 0.095624
vt 0.767640 0.429115
vt 0.758831 0.429765
vt 0.587298 0.326952
vt 0.834844 0.091271
vt 0.776410 0.428033
vt 0.591270 0.334843
vt 0.826951 0.087298
vt 0.785112 0.426524
vt 0.595625 0.342530
vt 0.818876 0.083718
vt 0.793732 0.424587
vt 0.600351 0.349993
vt 0.810634 0.080539
vt 0.802246 0.422231
vt 0.605436 0.357215
vt 0.802246 0.077769
vt 0.810634 0.419461
vt 0.610872 0.364180
vt 0.793734 0.075412
vt 0.818876 0.416282
vt 0.616642 0.370869
vt 0.785113 0.073476
vt 0.826952 0.412702
vt 0.622734 0.377267
vt 0.776409 0.071966
vt 0.834844 0.408730
vt 0.629131 0.383359
vt 0.767641 0.070885
vt 0.842530 0.404375
vt 0.635820 0.389128
vt 0.758831 0.070235
vt 0.849993 0.399651
vt 0.642785 0.394562
vt 0.750001 0.070018
vt 0.857214 0.394564
vt 0.650007 0.399650
vt 0.741170 0.070235
vt 0.864180 0.389128
vt 0.657471 0.404376
vt 0.732359 0.070884
vt 0.870870 0.383358
vt 0.665157 0.408729
vt 0.723593 0.071966
vt 0.877268 0.377268
vt 0.673048 0.412702
vt 0.714888 0.073475
vt 0.883359 0.370868
vt 0.681125 0.416282
vt 0.706268 0.075411
vt 0.889128 0.364180
vt 0.689365 0.419461
vt 0.697755 0.077769
vt 0.894564 0.357216
vt 0.697754 0.422233
vt 0.689366 0.080540
vt 0.899649 0.349992
vt 0.706268 0.424588
vt 0.681124 0.083718
vt 0.904375 0.342530
vt 0.714887 0.426524
vt 0.673047 0.087297
vt 0.908730 0.334843
vt 0.723591 0.428034
vt 0.665158 0.091269
vt 0.912703 0.326953
vt 0.732358 0.429116
vt 0.657472 0.095624
vt 0.916282 0.318877
vt 0.650007 0.100350
vt 0.919461 0.310634
vt 0.642786 0.105436
vt 0.922233 0.302245
vt 0.635820 0.110872
vt 0.924588 0.293732
vt 0.629131 0.116641
vt 0.926524 0.285113
vt 0.622733 0.122733
vt 0.928034 0.276409
vt 0.616642 0.129131
vt 0.929115 0.267641
vt 0.610873 0.135821
vt 0.929764 0.258831
vt 0.605438 0.142784
vt 0.929983 0.250000
vt 0.600351 0.150006
vt 0.929765 0.241168
vt 0.595626 0.157471
vt 0.929116 0.232359
vt 0.591270 0.165156
vt 0.928033 0.223590
vt 0.587298 0.173047
vt 0.926524 0.214888
vt 0.583717 0.181124
vt 0.924588 0.206267
vt 0.580539 0.189366
vt 0.922233 0.197755
vt 0.577767 0.197754
vt 0.919460 0.189367
vt 0.575412 0.206267
vt 0.916281 0.181123
vt 0.573478 0.214888
vt 0.912702 0.173048
vt 0.571966 0.223591
vt 0.908730 0.165157
vt 0.570885 0.232358
vt 0.904375 0.157471
vt 0.570235 0.241169
vt 0.899649 0.150008
vt 0.570019 0.250000
vt 0.894564 0.142785
vt 0.570235 0.258831
vt 0.889129 0.135820
vt 0.570885 0.267641
vt 0.883358 0.129133
vt 0.571966 0.276408
vt 0.877266 0.122733
vt 0.573476 0.285113
vt 0.870868 0.116642
vt 0.575411 0.293731
vt 0.864180 0.110872
vt 0.577768 0.302245
vt 0.756617 0.384693
vt 0.750000 0.384855
vt 0.763218 0.384207
vt 0.769787 0.383396
vt 0.776309 0.382265
vt 0.782768 0.380814
vt 0.789147 0.379048
vt 0.795431 0.376971
vt 0.801607 0.374590
vt 0.807658 0.371908
vt 0.813571 0.368932
vt 0.819330 0.365669
vt 0.824922 0.362129
vt 0.830333 0.358317
vt 0.835551 0.354245
vt 0.840564 0.349921
vt 0.845358 0.345358
vt 0.849922 0.340563
vt 0.854244 0.335552
vt 0.858316 0.330333
vt 0.862129 0.324921
vt 0.865671 0.319330
vt 0.868932 0.313571
vt 0.871908 0.307659
vt 0.874590 0.301607
vt 0.876973 0.295432
vt 0.879049 0.289146
vt 0.880814 0.282766
vt 0.882264 0.276309
vt 0.883396 0.269787
vt 0.884206 0.263218
vt 0.884694 0.256617
vt 0.884856 0.250000
vt 0.884693 0.243383
vt 0.884206 0.236782
vt 0.883396 0.230213
vt 0.882264 0.223691
vt 0.880814 0.217233
vt 0.879049 0.210853
vt 0.876972 0.204569
vt 0.874591 0.198393
vt 0.871907 0.192341
vt 0.868932 0.186429
vt 0.865669 0.180670
vt 0.862128 0.175078
vt 0.858317 0.169667
vt 0.854245 0.164448
vt 0.849923 0.159437
vt 0.845357 0.154643
vt 0.840565 0.150079
vt 0.835552 0.145755
vt 0.830334 0.141683
vt 0.824922 0.137872
vt 0.819330 0.134332
vt 0.813571 0.131068
vt 0.807659 0.128092
vt 0.801607 0.125410
vt 0.795432 0.123028
vt 0.789147 0.120951
vt 0.782767 0.119186
vt 0.776309 0.117736
vt 0.769788 0.116604
vt 0.763218 0.115794
vt 0.756617 0.115307
vt 0.750001 0.115145
vt 0.743383 0.115307
vt 0.736782 0.115795
vt 0.730212 0.116604
vt 0.723692 0.117736
vt 0.717235 0.119185
vt 0.710854 0.120952
vt 0.704569 0.123028
vt 0.698394 0.125409
vt 0.692342 0.128092
vt 0.686430 0.131068
vt 0.680671 0.134330
vt 0.675078 0.137871
vt 0.669667 0.141684
vt 0.664448 0.145754
vt 0.659437 0.150078
vt 0.654643 0.154642
vt 0.650079 0.159437
vt 0.645756 0.164447
vt 0.641682 0.169666
vt 0.637872 0.175078
vt 0.634330 0.180670
vt 0.631069 0.186428
vt 0.628093 0.192341
vt 0.625410 0.198393
vt 0.623029 0.204569
vt 0.620951 0.210854
vt 0.619186 0.217233
vt 0.617736 0.223691
vt 0.616605 0.230212
vt 0.615793 0.236781
vt 0.615307 0.243383
vt 0.615146 0.249999
vt 0.615307 0.256618
vt 0.615794 0.263217
vt 0.616604 0.269788
vt 0.617735 0.276309
vt 0.619187 0.282767
vt 0.620952 0.289146
vt 0.623027 0.295431
vt 0.625409 0.301607
vt 0.628091 0.307658
vt 0.631068 0.313570
vt 0.634329 0.319330
vt 0.637871 0.324922
vt 0.641683 0.330334
vt 0.645755 0.335552
vt 0.650079 0.340563
vt 0.654642 0.345357
vt 0.659436 0.349922
vt 0.664449 0.354245
vt 0.669667 0.358317
vt 0.675078 0.362129
vt 0.680670 0.365669
vt 0.686429 0.368933
vt 0.692342 0.371908
vt 0.698393 0.374591
vt 0.704569 0.376973
vt 0.710853 0.379049
vt 0.730214 0.383396
vt 0.736782 0.384206
vt 0.743383 0.384694
vt 0.849923 0.159437
vt 0.845357 0.154643
vt 0.845357 0.154643
vt 0.849923 0.159437
vt 0.692342 0.128092
vt 0.698394 0.125409
vt 0.868932 0.313571
vt 0.865671 0.319330
vt 0.730214 0.383396
vt 0.686430 0.131068
vt 0.871908 0.307659
vt 0.736782 0.384206
vt 0.680671 0.134330
vt 0.874590 0.301607
vt 0.743383 0.384694
vt 0.675078 0.137871
vt 0.876973 0.295432
vt 0.669667 0.141684
vt 0.879049 0.289146
vt 0.664448 0.145754
vt 0.880814 0.282766
vt 0.659437 0.150078
vt 0.882264 0.276309
vt 0.654643 0.154642
vt 0.883396 0.269787
vt 0.650079 0.159437
vt 0.884206 0.263218
vt 0.645756 0.164447
vt 0.884694 0.256617
vt 0.641682 0.169666
vt 0.884856 0.250000
vt 0.637872 0.175078
vt 0.884693 0.243383
vt 0.634330 0.180670
vt 0.884206 0.236782
vt 0.631069 0.186428
vt 0.883396 0.230213
vt 0.628093 0.192341
vt 0.882264 0.223691
vt 0.625410 0.198393
vt 0.880814 0.217233
vt 0.623029 0.204569
vt 0.879049 0.210853
vt 0.620951 0.210854
vt 0.876972 0.204569
vt 0.619186 0.217233
vt 0.874591 0.198393
vt 0.617736 0.223691
vt 0.871907 0.192341
vt 0.616605 0.230212
vt 0.868932 0.186429
vt 0.615793 0.236781
vt 0.865669 0.180670
vt 0.615307 0.243383
vt 0.862128 0.175078
vt 0.615146 0.249999
vt 0.858317 0.169667
vt 0.615307 0.256618
vt 0.854245 0.164448
vt 0.615794 0.263217
vt 0.616604 0.269788
vt 0.617735 0.276309
vt 0.840565 0.150079
vt 0.619187 0.282767
vt 0.835552 0.145755
vt 0.620952 0.289146
vt 0.830334 0.141683
vt 0.756617 0.384693
vt 0.750000 0.384855
vt 0.623027 0.295431
vt 0.824922 0.137872
vt 0.625409 0.301607
vt 0.819330 0.134332
vt 0.763218 0.384207
vt 0.628091 0.307658
vt 0.813571 0.131068
vt 0.769787 0.383396
vt 0.631068 0.313570
vt 0.807659 0.128092
vt 0.776309 0.382265
vt 0.634329 0.319330
vt 0.801607 0.125410
vt 0.782768 0.380814
vt 0.637871 0.324922
vt 0.795432 0.123028
vt 0.789147 0.379048
vt 0.641683 0.330334
vt 0.789147 0.120951
vt 0.795431 0.376971
vt 0.645755 0.335552
vt 0.782767 0.119186
vt 0.801607 0.374590
vt 0.650079 0.340563
vt 0.776309 0.117736
vt 0.807658 0.371908
vt 0.654642 0.345357
vt 0.769788 0.116604
vt 0.813571 0.368932
vt 0.659436 0.349922
vt 0.763218 0.115794
vt 0.819330 0.365669
vt 0.664449 0.354245
vt 0.756617 0.115307
vt 0.824922 0.362129
vt 0.669667 0.358317
vt 0.750001 0.115145
vt 0.830333 0.358317
vt 0.675078 0.362129
vt 0.743383 0.115307
vt 0.835551 0.354245
vt 0.680670 0.365669
vt 0.736782 0.115795
vt 0.840564 0.349921
vt 0.686429 0.368933
vt 0.730212 0.116604
vt 0.845358 0.345358
vt 0.692342 0.371908
vt 0.723692 0.117736
vt 0.849922 0.340563
vt 0.698393 0.374591
vt 0.717235 0.119185
vt 0.854244 0.335552
vt 0.704569 0.376973
vt 0.710854 0.120952
vt 0.858316 0.330333
vt 0.710853 0.379049
vt 0.704569 0.123028
vt 0.862129 0.324921
vt 0.840565 0.150079
vt 0.840565 0.150079
vt 0.845357 0.154643
vt 0.617735 0.276309
vt 0.616604 0.269788
vt 0.619187 0.282767
vt 0.835552 0.145755
vt 0.620952 0.289146
vt 0.830334 0.141683
vt 0.756617 0.384693
vt 0.750000 0.384855
vt 0.623027 0.295431
vt 0.824922 0.137872
vt 0.743383 0.384694
vt 0.625409 0.301607
vt 0.819330 0.134332
vt 0.763218 0.384207
vt 0.628091 0.307658
vt 0.813571 0.131068
vt 0.769787 0.383396
vt 0.631068 0.313570
vt 0.807659 0.128092
vt 0.776309 0.382265
vt 0.634329 0.319330
vt 0.801607 0.125410
vt 0.782768 0.380814
vt 0.637871 0.324922
vt 0.795432 0.123028
vt 0.789147 0.379048
vt 0.641683 0.330334
vt 0.789147 0.120951
vt 0.795431 0.376971
vt 0.645755 0.335552
vt 0.782767 0.119186
vt 0.801607 0.374590
vt 0.650079 0.340563
vt 0.776309 0.117736
vt 0.807658 0.371908
vt 0.654642 0.345357
vt 0.769788 0.116604
vt 0.813571 0.368932
vt 0.659436 0.349922
vt 0.763218 0.115794
vt 0.819330 0.365669
vt 0.664449 0.354245
vt 0.756617 0.115307
vt 0.824922 0.362129
vt 0.669667 0.358317
vt 0.750001 0.115145
vt 0.830333 0.358317
vt 0.675078 0.362129
vt 0.743383 0.115307
vt 0.835551 0.354245
vt 0.680670 0.365669
vt 0.736782 0.115795
vt 0.840564 0.349921
vt 0.686429 0.368933
vt 0.730212 0.116604
vt 0.845358 0.345358
vt 0.692342 0.371908
vt 0.723692 0.117736
vt 0.849922 0.340563
vt 0.698393 0.374591
vt 0.717235 0.119185
vt 0.854244 0.335552
vt 0.704569 0.376973
vt 0.710854 0.120952
vt 0.858316 0.330333
vt 0.710853 0.379049
vt 0.704569 0.123028
vt 0.862129 0.324921
vt 0.717233 0.380815
vt 0.698394 0.125409
vt 0.865671 0.319330
vt 0.723691 0.382264
vt 0.692342 0.128092
vt 0.868932 0.313571
vt 0.730214 0.383396
vt 0.686430 0.131068
vt 0.871908 0.307659
vt 0.736782 0.384206
vt 0.680671 0.134330
vt 0.874590 0.301607
vt 0.675078 0.137871
vt 0.876973 0.295432
vt 0.669667 0.141684
vt 0.879049 0.289146
vt 0.664448 0.145754
vt 0.880814 0.282766
vt 0.659437 0.150078
vt 0.882264 0.276309
vt 0.654643 0.154642
vt 0.883396 0.269787
vt 0.650079 0.159437
vt 0.884206 0.263218
vt 0.645756 0.164447
vt 0.884694 0.256617
vt 0.641682 0.169666
vt 0.884856 0.250000
vt 0.637872 0.175078
vt 0.884693 0.243383
vt 0.634330 0.180670
vt 0.884206 0.236782
vt 0.631069 0.186428
vt 0.883396 0.230213
vt 0.628093 0.192341
vt 0.882264 0.223691
vt 0.625410 0.198393
vt 0.880814 0.217233
vt 0.623029 0.204569
vt 0.879049 0.210853
vt 0.620951 0.210854
vt 0.876972 0.204569
vt 0.619186 0.217233
vt 0.874591 0.198393
vt 0.617736 0.223691
vt 0.871907 0.192341
vt 0.616605 0.230212
vt 0.868932 0.186429
vt 0.615793 0.236781
vt 0.865669 0.180670
vt 0.615307 0.243383
vt 0.862128 0.175078
vt 0.615146 0.249999
vt 0.858317 0.169667
vt 0.615307 0.256618
vt 0.854245 0.164448
vt 0.615794 0.263217
vt 0.725478 0.152099
vt 0.720703 0.153420
vt 0.720703 0.153420
vt 0.725478 0.152099
vt 0.619187 0.282767
vt 0.617735 0.276309
vt 0.835552 0.145755
vt 0.620952 0.289146
vt 0.830334 0.141683
vt 0.756617 0.384693
vt 0.750000 0.384855
vt 0.623027 0.295431
vt 0.824922 0.137872
vt 0.743383 0.384694
vt 0.625409 0.301607
vt 0.819330 0.134332
vt 0.763218 0.384207
vt 0.628091 0.307658
vt 0.813571 0.131068
vt 0.769787 0.383396
vt 0.631068 0.313570
vt 0.807659 0.128092
vt 0.776309 0.382265
vt 0.634329 0.319330
vt 0.801607 0.125410
vt 0.782768 0.380814
vt 0.637871 0.324922
vt 0.795432 0.123028
vt 0.789147 0.379048
vt 0.641683 0.330334
vt 0.789147 0.120951
vt 0.795431 0.376971
vt 0.645755 0.335552
vt 0.782767 0.119186
vt 0.801607 0.374590
vt 0.650079 0.340563
vt 0.776309 0.117736
vt 0.807658 0.371908
vt 0.654642 0.345357
vt 0.769788 0.116604
vt 0.813571 0.368932
vt 0.659436 0.349922
vt 0.763218 0.115794
vt 0.819330 0.365669
vt 0.664449 0.354245
vt 0.756617 0.115307
vt 0.824922 0.362129
vt 0.669667 0.358317
vt 0.750001 0.115145
vt 0.830333 0.358317
vt 0.675078 0.362129
vt 0.743383 0.115307
vt 0.835551 0.354245
vt 0.680670 0.365669
vt 0.736782 0.115795
vt 0.840564 0.349921
vt 0.686429 0.368933
vt 0.730212 0.116604
vt 0.845358 0.345358
vt 0.692342 0.371908
vt 0.723692 0.117736
vt 0.849922 0.340563
vt 0.698393 0.374591
vt 0.717235 0.119185
vt 0.854244 0.335552
vt 0.704569 0.376973
vt 0.710854 0.120952
vt 0.858316 0.330333
vt 0.710853 0.379049
vt 0.704569 0.123028
vt 0.862129 0.324921
vt 0.717233 0.380815
vt 0.698394 0.125409
vt 0.865671 0.319330
vt 0.723691 0.382264
vt 0.692342 0.128092
vt 0.868932 0.313571
vt 0.730214 0.383396
vt 0.686430 0.131068
vt 0.871908 0.307659
vt 0.736782 0.384206
vt 0.680671 0.134330
vt 0.874590 0.301607
vt 0.675078 0.137871
vt 0.876973 0.295432
vt 0.669667 0.141684
vt 0.879049 0.289146
vt 0.664448 0.145754
vt 0.880814 0.282766
vt 0.659437 0.150078
vt 0.882264 0.276309
vt 0.654643 0.154642
vt 0.883396 0.269787
vt 0.650079 0.159437
vt 0.884206 0.263218
vt 0.645756 0.164447
vt 0.884694 0.256617
vt 0.641682 0.169666
vt 0.884856 0.250000
vt 0.637872 0.175078
vt 0.884693 0.243383
vt 0.634330 0.180670
vt 0.884206 0.236782
vt 0.631069 0.186428
vt 0.883396 0.230213
vt 0.628093 0.192341
vt 0.882264 0.223691
vt 0.625410 0.198393
vt 0.880814 0.217233
vt 0.623029 0.204569
vt 0.879049 0.210853
vt 0.620951 0.210854
vt 0.876972 0.204569
vt 0.619186 0.217233
vt 0.874591 0.198393
vt 0.617736 0.223691
vt 0.871907 0.192341
vt 0.616605 0.230212
vt 0.868932 0.186429
vt 0.615793 0.236781
vt 0.865669 0.180670
vt 0.615307 0.243383
vt 0.862128 0.175078
vt 0.615146 0.249999
vt 0.858317 0.169667
vt 0.615307 0.256618
vt 0.854245 0.164448
vt 0.615794 0.263217
vt 0.849923 0.159437
vt 0.616604 0.269788
vt 0.754952 0.350804
vt 0.750000 0.350926
vt 0.759892 0.350439
vt 0.764809 0.349834
vt 0.769689 0.348987
vt 0.774522 0.347901
vt 0.779297 0.346580
vt 0.784001 0.345025
vt 0.788623 0.343243
vt 0.793153 0.341236
vt 0.797576 0.339008
vt 0.801887 0.336567
vt 0.806071 0.333917
vt 0.810121 0.331064
vt 0.814027 0.328017
vt 0.817778 0.324781
vt 0.821365 0.321365
vt 0.824781 0.317778
vt 0.828017 0.314027
vt 0.831064 0.310121
vt 0.833917 0.306072
vt 0.836567 0.301886
vt 0.839009 0.297576
vt 0.841236 0.293151
vt 0.843243 0.288623
vt 0.845027 0.284001
vt 0.846581 0.279298
vt 0.847902 0.274523
vt 0.848987 0.269690
vt 0.849833 0.264808
vt 0.850440 0.259892
vt 0.850804 0.254951
vt 0.850926 0.250000
vt 0.850803 0.245048
vt 0.850440 0.240108
vt 0.849834 0.235191
vt 0.848987 0.230310
vt 0.847901 0.225476
vt 0.846580 0.220703
vt 0.845027 0.215999
vt 0.843243 0.211377
vt 0.841236 0.206849
vt 0.839009 0.202424
vt 0.836568 0.198113
vt 0.833917 0.193929
vt 0.831065 0.189878
vt 0.828017 0.185974
vt 0.824782 0.182222
vt 0.821366 0.178635
vt 0.817778 0.175219
vt 0.814028 0.171983
vt 0.810122 0.168935
vt 0.806071 0.166083
vt 0.801886 0.163432
vt 0.797576 0.160991
vt 0.793151 0.158764
vt 0.788623 0.156757
vt 0.784000 0.154974
vt 0.779298 0.153420
vt 0.774523 0.152099
vt 0.769690 0.151013
vt 0.764810 0.150167
vt 0.759893 0.149561
vt 0.754952 0.149195
vt 0.750000 0.149075
vt 0.745048 0.149196
vt 0.740108 0.149560
vt 0.735192 0.150166
vt 0.730311 0.151014
vt 0.715999 0.154974
vt 0.711378 0.156756
vt 0.706849 0.158764
vt 0.702425 0.160991
vt 0.698114 0.163433
vt 0.693929 0.166082
vt 0.689879 0.168936
vt 0.685974 0.171983
vt 0.682223 0.175219
vt 0.678635 0.178634
vt 0.675219 0.182221
vt 0.671982 0.185973
vt 0.668935 0.189878
vt 0.666083 0.193928
vt 0.663434 0.198113
vt 0.660991 0.202423
vt 0.658764 0.206848
vt 0.656757 0.211377
vt 0.654974 0.215999
vt 0.653420 0.220703
vt 0.652099 0.225477
vt 0.651013 0.230310
vt 0.650167 0.235191
vt 0.649560 0.240107
vt 0.649196 0.245049
vt 0.649074 0.250000
vt 0.649195 0.254952
vt 0.649560 0.259893
vt 0.650167 0.264809
vt 0.651014 0.269689
vt 0.652099 0.274523
vt 0.653419 0.279298
vt 0.654974 0.284000
vt 0.656756 0.288623
vt 0.658764 0.293152
vt 0.660991 0.297576
vt 0.663433 0.301886
vt 0.666083 0.306072
vt 0.668935 0.310122
vt 0.671983 0.314027
vt 0.675219 0.317778
vt 0.678634 0.321366
vt 0.682222 0.324782
vt 0.685974 0.328017
vt 0.689878 0.331064
vt 0.693929 0.333917
vt 0.698114 0.336566
vt 0.702425 0.339008
vt 0.706848 0.341236
vt 0.711377 0.343244
vt 0.715999 0.345026
vt 0.720703 0.346581
vt 0.725477 0.347902
vt 0.730310 0.348987
vt 0.735191 0.349834
vt 0.740108 0.350441
vt 0.745048 0.350805
vt 0.715999 0.154974
vt 0.715999 0.154974
vt 0.720703 0.153420
vt 0.831064 0.310121
vt 0.828017 0.314027
vt 0.720703 0.346581
vt 0.715999 0.345026
vt 0.833917 0.306072
vt 0.725477 0.347902
vt 0.711378 0.156756
vt 0.836567 0.301886
vt 0.730310 0.348987
vt 0.706849 0.158764
vt 0.839009 0.297576
vt 0.735191 0.349834
vt 0.702425 0.160991
vt 0.841236 0.293151
vt 0.740108 0.350441
vt 0.698114 0.163433
vt 0.843243 0.288623
vt 0.745048 0.350805
vt 0.693929 0.166082
vt 0.845027 0.284001
vt 0.689879 0.168936
vt 0.846581 0.279298
vt 0.685974 0.171983
vt 0.847902 0.274523
vt 0.682223 0.175219
vt 0.848987 0.269690
vt 0.678635 0.178634
vt 0.849833 0.264808
vt 0.675219 0.182221
vt 0.850440 0.259892
vt 0.671982 0.185973
vt 0.850804 0.254951
vt 0.668935 0.189878
vt 0.850926 0.250000
vt 0.666083 0.193928
vt 0.850803 0.245048
vt 0.663434 0.198113
vt 0.850440 0.240108
vt 0.660991 0.202423
vt 0.849834 0.235191
vt 0.658764 0.206848
vt 0.848987 0.230310
vt 0.656757 0.211377
vt 0.847901 0.225476
vt 0.654974 0.215999
vt 0.846580 0.220703
vt 0.653420 0.220703
vt 0.845027 0.215999
vt 0.652099 0.225477
vt 0.843243 0.211377
vt 0.651013 0.230310
vt 0.841236 0.206849
vt 0.650167 0.235191
vt 0.839009 0.202424
vt 0.649560 0.240107
vt 0.836568 0.198113
vt 0.649196 0.245049
vt 0.833917 0.193929
vt 0.649074 0.250000
vt 0.831065 0.189878
vt 0.649195 0.254952
vt 0.828017 0.185974
vt 0.649560 0.259893
vt 0.824782 0.182222
vt 0.650167 0.264809
vt 0.821366 0.178635
vt 0.651014 0.269689
vt 0.817778 0.175219
vt 0.652099 0.274523
vt 0.814028 0.171983
vt 0.653419 0.279298
vt 0.810122 0.168935
vt 0.754952 0.350804
vt 0.750000 0.350926
vt 0.654974 0.284000
vt 0.806071 0.166083
vt 0.656756 0.288623
vt 0.801886 0.163432
vt 0.759892 0.350439
vt 0.658764 0.293152
vt 0.797576 0.160991
vt 0.764809 0.349834
vt 0.660991 0.297576
vt 0.793151 0.158764
vt 0.769689 0.348987
vt 0.663433 0.301886
vt 0.788623 0.156757
vt 0.774522 0.347901
vt 0.666083 0.306072
vt 0.784000 0.154974
vt 0.779297 0.346580
vt 0.668935 0.310122
vt 0.779298 0.153420
vt 0.784001 0.345025
vt 0.671983 0.314027
vt 0.774523 0.152099
vt 0.788623 0.343243
vt 0.675219 0.317778
vt 0.769690 0.151013
vt 0.793153 0.341236
vt 0.678634 0.321366
vt 0.764810 0.150167
vt 0.797576 0.339008
vt 0.682222 0.324782
vt 0.759893 0.149561
vt 0.801887 0.336567
vt 0.685974 0.328017
vt 0.754952 0.149195
vt 0.806071 0.333917
vt 0.689878 0.331064
vt 0.750000 0.149075
vt 0.810121 0.331064
vt 0.693929 0.333917
vt 0.745048 0.149196
vt 0.814027 0.328017
vt 0.698114 0.336566
vt 0.740108 0.149560
vt 0.817778 0.324781
vt 0.702425 0.339008
vt 0.735192 0.150166
vt 0.821365 0.321365
vt 0.706848 0.341236
vt 0.730311 0.151014
vt 0.824781 0.317778
vt 0.711377 0.343244
vt 0.711378 0.156756
vt 0.711378 0.156756
vt 0.715999 0.154974
vt 0.833917 0.306072
vt 0.831064 0.310121
vt 0.725477 0.347902
vt 0.720703 0.346581
vt 0.836567 0.301886
vt 0.730310 0.348987
vt 0.706849 0.158764
vt 0.839009 0.297576
vt 0.735191 0.349834
vt 0.702425 0.160991
vt 0.841236 0.293151
vt 0.740108 0.350441
vt 0.698114 0.163433
vt 0.843243 0.288623
vt 0.745048 0.350805
vt 0.693929 0.166082
vt 0.845027 0.284001
vt 0.689879 0.168936
vt 0.846581 0.279298
vt 0.685974 0.171983
vt 0.847902 0.274523
vt 0.682223 0.175219
vt 0.848987 0.269690
vt 0.678635 0.178634
vt 0.849833 0.264808
vt 0.675219 0.182221
vt 0.850440 0.259892
vt 0.671982 0.185973
vt 0.850804 0.254951
vt 0.668935 0.189878
vt 0.850926 0.250000
vt 0.666083 0.193928
vt 0.850803 0.245048
vt 0.663434 0.198113
vt 0.850440 0.240108
vt 0.660991 0.202423
vt 0.849834 0.235191
vt 0.658764 0.206848
vt 0.848987 0.230310
vt 0.656757 0.211377
vt 0.847901 0.225476
vt 0.654974 0.215999
vt 0.846580 0.220703
vt 0.653420 0.220703
vt 0.845027 0.215999
vt 0.652099 0.225477
vt 0.843243 0.211377
vt 0.651013 0.230310
vt 0.841236 0.206849
vt 0.650167 0.235191
vt 0.839009 0.202424
vt 0.649560 0.240107
vt 0.836568 0.198113
vt 0.649196 0.245049
vt 0.833917 0.193929
vt 0.649074 0.250000
vt 0.831065 0.189878
vt 0.649195 0.254952
vt 0.828017 0.185974
vt 0.649560 0.259893
vt 0.824782 0.182222
vt 0.650167 0.264809
vt 0.821366 0.178635
vt 0.651014 0.269689
vt 0.817778 0.175219
vt 0.652099 0.274523
vt 0.814028 0.171983
vt 0.653419 0.279298
vt 0.810122 0.168935
vt 0.754952 0.350804
vt 0.750000 0.350926
vt 0.654974 0.284000
vt 0.806071 0.166083
vt 0.656756 0.288623
vt 0.801886 0.163432
vt 0.759892 0.350439
vt 0.658764 0.293152
vt 0.797576 0.160991
vt 0.764809 0.349834
vt 0.660991 0.297576
vt 0.793151 0.158764
vt 0.769689 0.348987
vt 0.663433 0.301886
vt 0.788623 0.156757
vt 0.774522 0.347901
vt 0.666083 0.306072
vt 0.784000 0.154974
vt 0.779297 0.346580
vt 0.668935 0.310122
vt 0.779298 0.153420
vt 0.784001 0.345025
vt 0.671983 0.314027
vt 0.774523 0.152099
vt 0.788623 0.343243
vt 0.675219 0.317778
vt 0.769690 0.151013
vt 0.793153 0.341236
vt 0.678634 0.321366
vt 0.764810 0.150167
vt 0.797576 0.339008
vt 0.682222 0.324782
vt 0.759893 0.149561
vt 0.801887 0.336567
vt 0.685974 0.328017
vt 0.754952 0.149195
vt 0.806071 0.333917
vt 0.689878 0.331064
vt 0.750000 0.149075
vt 0.810121 0.331064
vt 0.693929 0.333917
vt 0.745048 0.149196
vt 0.814027 0.328017
vt 0.698114 0.336566
vt 0.740108 0.149560
vt 0.817778 0.324781
vt 0.702425 0.339008
vt 0.735192 0.150166
vt 0.821365 0.321365
vt 0.706848 0.341236
vt 0.730311 0.151014
vt 0.824781 0.317778
vt 0.711377 0.343244
vt 0.725478 0.152099
vt 0.828017 0.314027
vt 0.715999 0.345026
vt 0.675401 0.261066
vt 0.676034 0.264712
vt 0.676034 0.264712
vt 0.675401 0.261066
vt 0.836567 0.301886
vt 0.833917 0.306072
vt 0.730310 0.348987
vt 0.725477 0.347902
vt 0.706849 0.158764
vt 0.839009 0.297576
vt 0.735191 0.349834
vt 0.702425 0.160991
vt 0.841236 0.293151
vt 0.740108 0.350441
vt 0.698114 0.163433
vt 0.843243 0.288623
vt 0.745048 0.350805
vt 0.693929 0.166082
vt 0.845027 0.284001
vt 0.689879 0.168936
vt 0.846581 0.279298
vt 0.685974 0.171983
vt 0.847902 0.274523
vt 0.682223 0.175219
vt 0.848987 0.269690
vt 0.678635 0.178634
vt 0.849833 0.264808
vt 0.675219 0.182221
vt 0.850440 0.259892
vt 0.671982 0.185973
vt 0.850804 0.254951
vt 0.668935 0.189878
vt 0.850926 0.250000
vt 0.666083 0.193928
vt 0.850803 0.245048
vt 0.663434 0.198113
vt 0.850440 0.240108
vt 0.660991 0.202423
vt 0.849834 0.235191
vt 0.658764 0.206848
vt 0.848987 0.230310
vt 0.656757 0.211377
vt 0.847901 0.225476
vt 0.654974 0.215999
vt 0.846580 0.220703
vt 0.653420 0.220703
vt 0.845027 0.215999
vt 0.652099 0.225477
vt 0.843243 0.211377
vt 0.651013 0.230310
vt 0.841236 0.206849
vt 0.650167 0.235191
vt 0.839009 0.202424
vt 0.649560 0.240107
vt 0.836568 0.198113
vt 0.649196 0.245049
vt 0.833917 0.193929
vt 0.649074 0.250000
vt 0.831065 0.189878
vt 0.649195 0.254952
vt 0.828017 0.185974
vt 0.649560 0.259893
vt 0.824782 0.182222
vt 0.650167 0.264809
vt 0.821366 0.178635
vt 0.651014 0.269689
vt 0.817778 0.175219
vt 0.652099 0.274523
vt 0.814028 0.171983
vt 0.653419 0.279298
vt 0.810122 0.168935
vt 0.754952 0.350804
vt 0.750000 0.350926
vt 0.654974 0.284000
vt 0.806071 0.166083
vt 0.656756 0.288623
vt 0.801886 0.163432
vt 0.759892 0.350439
vt 0.658764 0.293152
vt 0.797576 0.160991
vt 0.764809 0.349834
vt 0.660991 0.297576
vt 0.793151 0.158764
vt 0.769689 0.348987
vt 0.663433 0.301886
vt 0.788623 0.156757
vt 0.774522 0.347901
vt 0.666083 0.306072
vt 0.784000 0.154974
vt 0.779297 0.346580
vt 0.668935 0.310122
vt 0.779298 0.153420
vt 0.784001 0.345025
vt 0.671983 0.314027
vt 0.774523 0.152099
vt 0.788623 0.343243
vt 0.675219 0.317778
vt 0.769690 0.151013
vt 0.793153 0.341236
vt 0.678634 0.321366
vt 0.764810 0.150167
vt 0.797576 0.339008
vt 0.682222 0.324782
vt 0.759893 0.149561
vt 0.801887 0.336567
vt 0.685974 0.328017
vt 0.754952 0.149195
vt 0.806071 0.333917
vt 0.689878 0.331064
vt 0.750000 0.149075
vt 0.810121 0.331064
vt 0.693929 0.333917
vt 0.745048 0.149196
vt 0.814027 0.328017
vt 0.698114 0.336566
vt 0.740108 0.149560
vt 0.817778 0.324781
vt 0.702425 0.339008
vt 0.735192 0.150166
vt 0.821365 0.321365
vt 0.706848 0.341236
vt 0.730311 0.151014
vt 0.824781 0.317778
vt 0.711377 0.343244
vt 0.725478 0.152099
vt 0.828017 0.314027
vt 0.715999 0.345026
vt 0.720703 0.153420
vt 0.831064 0.310121
vt 0.720703 0.346581
vt 0.753700 0.325324
vt 0.750000 0.325415
vt 0.757392 0.325052
vt 0.761066 0.324599
vt 0.764713 0.323966
vt 0.768324 0.323154
vt 0.771891 0.322167
vt 0.775407 0.321007
vt 0.778860 0.319674
vt 0.782244 0.318174
vt 0.785551 0.316510
vt 0.788771 0.314686
vt 0.791898 0.312705
vt 0.794925 0.310574
vt 0.797842 0.308297
vt 0.800645 0.305879
vt 0.803327 0.303326
vt 0.805879 0.300645
vt 0.808296 0.297843
vt 0.810574 0.294924
vt 0.812705 0.291899
vt 0.814685 0.288771
vt 0.816510 0.285551
vt 0.818175 0.282244
vt 0.819674 0.278859
vt 0.821007 0.275407
vt 0.822168 0.271892
vt 0.823155 0.268324
vt 0.823966 0.264712
vt 0.824599 0.261066
vt 0.825052 0.257392
vt 0.825324 0.253700
vt 0.825415 0.250000
vt 0.825323 0.246300
vt 0.825051 0.242608
vt 0.824599 0.238934
vt 0.823967 0.235287
vt 0.823156 0.231676
vt 0.822168 0.228108
vt 0.821007 0.224593
vt 0.819674 0.221140
vt 0.818174 0.217755
vt 0.816510 0.214449
vt 0.814686 0.211229
vt 0.812705 0.208102
vt 0.810574 0.205075
vt 0.808296 0.202157
vt 0.805879 0.199354
vt 0.803327 0.196673
vt 0.800646 0.194121
vt 0.797843 0.191703
vt 0.794925 0.189426
vt 0.791898 0.187295
vt 0.788771 0.185315
vt 0.785550 0.183490
vt 0.782245 0.181826
vt 0.778860 0.180326
vt 0.775406 0.178993
vt 0.771892 0.177832
vt 0.768325 0.176845
vt 0.764713 0.176034
vt 0.761066 0.175401
vt 0.757391 0.174948
vt 0.753701 0.174676
vt 0.750000 0.174585
vt 0.746300 0.174676
vt 0.742608 0.174948
vt 0.738935 0.175401
vt 0.735287 0.176034
vt 0.731676 0.176845
vt 0.728108 0.177833
vt 0.724594 0.178993
vt 0.721141 0.180326
vt 0.717756 0.181826
vt 0.714450 0.183490
vt 0.711229 0.185314
vt 0.708102 0.187294
vt 0.705076 0.189426
vt 0.702157 0.191703
vt 0.699354 0.194121
vt 0.696674 0.196674
vt 0.694121 0.199354
vt 0.691704 0.202157
vt 0.689427 0.205075
vt 0.687295 0.208101
vt 0.685315 0.211229
vt 0.683490 0.214450
vt 0.681826 0.217756
vt 0.680325 0.221140
vt 0.678994 0.224594
vt 0.677833 0.228108
vt 0.676845 0.231676
vt 0.676034 0.235287
vt 0.675402 0.238934
vt 0.674948 0.242609
vt 0.674676 0.246300
vt 0.674585 0.250000
vt 0.674676 0.253701
vt 0.674948 0.257392
vt 0.676845 0.268324
vt 0.677833 0.271892
vt 0.678994 0.275406
vt 0.680325 0.278861
vt 0.681825 0.282245
vt 0.683489 0.285550
vt 0.685314 0.288771
vt 0.687295 0.291899
vt 0.689426 0.294925
vt 0.691703 0.297843
vt 0.694121 0.300646
vt 0.696673 0.303326
vt 0.699354 0.305879
vt 0.702157 0.308297
vt 0.705075 0.310574
vt 0.708102 0.312705
vt 0.711229 0.314685
vt 0.714449 0.316510
vt 0.717756 0.318174
vt 0.721140 0.319675
vt 0.724593 0.321006
vt 0.728109 0.322168
vt 0.731676 0.323155
vt 0.735287 0.323966
vt 0.738935 0.324599
vt 0.742608 0.325052
vt 0.746300 0.325324
vt 0.676845 0.268324
vt 0.676845 0.268324
vt 0.676034 0.264712
vt 0.800646 0.194121
vt 0.803327 0.196673
vt 0.797843 0.191703
vt 0.677833 0.271892
vt 0.794925 0.189426
vt 0.753700 0.325324
vt 0.750000 0.325415
vt 0.678994 0.275406
vt 0.791898 0.187295
vt 0.746300 0.325324
vt 0.680325 0.278861
vt 0.788771 0.185315
vt 0.757392 0.325052
vt 0.681825 0.282245
vt 0.785550 0.183490
vt 0.761066 0.324599
vt 0.683489 0.285550
vt 0.782245 0.181826
vt 0.764713 0.323966
vt 0.685314 0.288771
vt 0.778860 0.180326
vt 0.768324 0.323154
vt 0.687295 0.291899
vt 0.775406 0.178993
vt 0.771891 0.322167
vt 0.689426 0.294925
vt 0.771892 0.177832
vt 0.775407 0.321007
vt 0.691703 0.297843
vt 0.768325 0.176845
vt 0.778860 0.319674
vt 0.694121 0.300646
vt 0.764713 0.176034
vt 0.782244 0.318174
vt 0.696673 0.303326
vt 0.761066 0.175401
vt 0.785551 0.316510
vt 0.699354 0.305879
vt 0.757391 0.174948
vt 0.788771 0.314686
vt 0.702157 0.308297
vt 0.753701 0.174676
vt 0.791898 0.312705
vt 0.705075 0.310574
vt 0.750000 0.174585
vt 0.794925 0.310574
vt 0.708102 0.312705
vt 0.746300 0.174676
vt 0.797842 0.308297
vt 0.711229 0.314685
vt 0.742608 0.174948
vt 0.800645 0.305879
vt 0.714449 0.316510
vt 0.738935 0.175401
vt 0.803327 0.303326
vt 0.717756 0.318174
vt 0.735287 0.176034
vt 0.805879 0.300645
vt 0.721140 0.319675
vt 0.731676 0.176845
vt 0.808296 0.297843
vt 0.724593 0.321006
vt 0.728108 0.177833
vt 0.810574 0.294924
vt 0.728109 0.322168
vt 0.724594 0.178993
vt 0.812705 0.291899
vt 0.731676 0.323155
vt 0.721141 0.180326
vt 0.814685 0.288771
vt 0.735287 0.323966
vt 0.717756 0.181826
vt 0.816510 0.285551
vt 0.738935 0.324599
vt 0.714450 0.183490
vt 0.818175 0.282244
vt 0.742608 0.325052
vt 0.711229 0.185314
vt 0.819674 0.278859
vt 0.708102 0.187294
vt 0.821007 0.275407
vt 0.705076 0.189426
vt 0.822168 0.271892
vt 0.702157 0.191703
vt 0.823155 0.268324
vt 0.699354 0.194121
vt 0.823966 0.264712
vt 0.696674 0.196674
vt 0.824599 0.261066
vt 0.694121 0.199354
vt 0.825052 0.257392
vt 0.691704 0.202157
vt 0.825324 0.253700
vt 0.689427 0.205075
vt 0.825415 0.250000
vt 0.687295 0.208101
vt 0.825323 0.246300
vt 0.685315 0.211229
vt 0.825051 0.242608
vt 0.683490 0.214450
vt 0.824599 0.238934
vt 0.681826 0.217756
vt 0.823967 0.235287
vt 0.680325 0.221140
vt 0.823156 0.231676
vt 0.678994 0.224594
vt 0.822168 0.228108
vt 0.677833 0.228108
vt 0.821007 0.224593
vt 0.676845 0.231676
vt 0.819674 0.221140
vt 0.676034 0.235287
vt 0.818174 0.217755
vt 0.675402 0.238934
vt 0.816510 0.214449
vt 0.674948 0.242609
vt 0.814686 0.211229
vt 0.674676 0.246300
vt 0.812705 0.208102
vt 0.674585 0.250000
vt 0.810574 0.205075
vt 0.674676 0.253701
vt 0.808296 0.202157
vt 0.674948 0.257392
vt 0.805879 0.199354
vt 0.677833 0.271892
vt 0.677833 0.271892
vt 0.676845 0.268324
vt 0.797843 0.191703
vt 0.800646 0.194121
vt 0.794925 0.189426
vt 0.753700 0.325324
vt 0.750000 0.325415
vt 0.678994 0.275406
vt 0.791898 0.187295
vt 0.746300 0.325324
vt 0.680325 0.278861
vt 0.788771 0.185315
vt 0.757392 0.325052
vt 0.681825 0.282245
vt 0.785550 0.183490
vt 0.761066 0.324599
vt 0.683489 0.285550
vt 0.782245 0.181826
vt 0.764713 0.323966
vt 0.685314 0.288771
vt 0.778860 0.180326
vt 0.768324 0.323154
vt 0.687295 0.291899
vt 0.775406 0.178993
vt 0.771891 0.322167
vt 0.689426 0.294925
vt 0.771892 0.177832
vt 0.775407 0.321007
vt 0.691703 0.297843
vt 0.768325 0.176845
vt 0.778860 0.319674
vt 0.694121 0.300646
vt 0.764713 0.176034
vt 0.782244 0.318174
vt 0.696673 0.303326
vt 0.761066 0.175401
vt 0.785551 0.316510
vt 0.699354 0.305879
vt 0.757391 0.174948
vt 0.788771 0.314686
vt 0.702157 0.308297
vt 0.753701 0.174676
vt 0.791898 0.312705
vt 0.705075 0.310574
vt 0.750000 0.174585
vt 0.794925 0.310574
vt 0.708102 0.312705
vt 0.746300 0.174676
vt 0.797842 0.308297
vt 0.711229 0.314685
vt 0.742608 0.174948
vt 0.800645 0.305879
vt 0.714449 0.316510
vt 0.738935 0.175401
vt 0.803327 0.303326
vt 0.717756 0.318174
vt 0.735287 0.176034
vt 0.805879 0.300645
vt 0.721140 0.319675
vt 0.731676 0.176845
vt 0.808296 0.297843
vt 0.724593 0.321006
vt 0.728108 0.177833
vt 0.810574 0.294924
vt 0.728109 0.322168
vt 0.724594 0.178993
vt 0.812705 0.291899
vt 0.731676 0.323155
vt 0.721141 0.180326
vt 0.814685 0.288771
vt 0.735287 0.323966
vt 0.717756 0.181826
vt 0.816510 0.285551
vt 0.738935 0.324599
vt 0.714450 0.183490
vt 0.818175 0.282244
vt 0.742608 0.325052
vt 0.711229 0.185314
vt 0.819674 0.278859
vt 0.708102 0.187294
vt 0.821007 0.275407
vt 0.705076 0.189426
vt 0.822168 0.271892
vt 0.702157 0.191703
vt 0.823155 0.268324
vt 0.699354 0.194121
vt 0.823966 0.264712
vt 0.696674 0.196674
vt 0.824599 0.261066
vt 0.694121 0.199354
vt 0.825052 0.257392
vt 0.691704 0.202157
vt 0.825324 0.253700
vt 0.689427 0.205075
vt 0.825415 0.250000
vt 0.687295 0.208101
vt 0.825323 0.246300
vt 0.685315 0.211229
vt 0.825051 0.242608
vt 0.683490 0.214450
vt 0.824599 0.238934
vt 0.681826 0.217756
vt 0.823967 0.235287
vt 0.680325 0.221140
vt 0.823156 0.231676
vt 0.678994 0.224594
vt 0.822168 0.228108
vt 0.677833 0.228108
vt 0.821007 0.224593
vt 0.676845 0.231676
vt 0.819674 0.221140
vt 0.676034 0.235287
vt 0.818174 0.217755
vt 0.675402 0.238934
vt 0.816510 0.214449
vt 0.674948 0.242609
vt 0.814686 0.211229
vt 0.674676 0.246300
vt 0.812705 0.208102
vt 0.674585 0.250000
vt 0.810574 0.205075
vt 0.674676 0.253701
vt 0.808296 0.202157
vt 0.674948 0.257392
vt 0.805879 0.199354
vt 0.675401 0.261066
vt 0.803327 0.196673
vt 0.733677 0.196187
vt 0.731055 0.197053
vt 0.731055 0.197053
vt 0.733677 0.196187
vt 0.794925 0.189426
vt 0.797843 0.191703
vt 0.753700 0.325324
vt 0.750000 0.325415
vt 0.678994 0.275406
vt 0.791898 0.187295
vt 0.746300 0.325324
vt 0.680325 0.278861
vt 0.788771 0.185315
vt 0.757392 0.325052
vt 0.681825 0.282245
vt 0.785550 0.183490
vt 0.761066 0.324599
vt 0.683489 0.285550
vt 0.782245 0.181826
vt 0.764713 0.323966
vt 0.685314 0.288771
vt 0.778860 0.180326
vt 0.768324 0.323154
vt 0.687295 0.291899
vt 0.775406 0.178993
vt 0.771891 0.322167
vt 0.689426 0.294925
vt 0.771892 0.177832
vt 0.775407 0.321007
vt 0.691703 0.297843
vt 0.768325 0.176845
vt 0.778860 0.319674
vt 0.694121 0.300646
vt 0.764713 0.176034
vt 0.782244 0.318174
vt 0.696673 0.303326
vt 0.761066 0.175401
vt 0.785551 0.316510
vt 0.699354 0.305879
vt 0.757391 0.174948
vt 0.788771 0.314686
vt 0.702157 0.308297
vt 0.753701 0.174676
vt 0.791898 0.312705
vt 0.705075 0.310574
vt 0.750000 0.174585
vt 0.794925 0.310574
vt 0.708102 0.312705
vt 0.746300 0.174676
vt 0.797842 0.308297
vt 0.711229 0.314685
vt 0.742608 0.174948
vt 0.800645 0.305879
vt 0.714449 0.316510
vt 0.738935 0.175401
vt 0.803327 0.303326
vt 0.717756 0.318174
vt 0.735287 0.176034
vt 0.805879 0.300645
vt 0.721140 0.319675
vt 0.731676 0.176845
vt 0.808296 0.297843
vt 0.724593 0.321006
vt 0.728108 0.177833
vt 0.810574 0.294924
vt 0.728109 0.322168
vt 0.724594 0.178993
vt 0.812705 0.291899
vt 0.731676 0.323155
vt 0.721141 0.180326
vt 0.814685 0.288771
vt 0.735287 0.323966
vt 0.717756 0.181826
vt 0.816510 0.285551
vt 0.738935 0.324599
vt 0.714450 0.183490
vt 0.818175 0.282244
vt 0.742608 0.325052
vt 0.711229 0.185314
vt 0.819674 0.278859
vt 0.708102 0.187294
vt 0.821007 0.275407
vt 0.705076 0.189426
vt 0.822168 0.271892
vt 0.702157 0.191703
vt 0.823155 0.268324
vt 0.699354 0.194121
vt 0.823966 0.264712
vt 0.696674 0.196674
vt 0.824599 0.261066
vt 0.694121 0.199354
vt 0.825052 0.257392
vt 0.691704 0.202157
vt 0.825324 0.253700
vt 0.689427 0.205075
vt 0.825415 0.250000
vt 0.687295 0.208101
vt 0.825323 0.246300
vt 0.685315 0.211229
vt 0.825051 0.242608
vt 0.683490 0.214450
vt 0.824599 0.238934
vt 0.681826 0.217756
vt 0.823967 0.235287
vt 0.680325 0.221140
vt 0.823156 0.231676
vt 0.678994 0.224594
vt 0.822168 0.228108
vt 0.677833 0.228108
vt 0.821007 0.224593
vt 0.676845 0.231676
vt 0.819674 0.221140
vt 0.676034 0.235287
vt 0.818174 0.217755
vt 0.675402 0.238934
vt 0.816510 0.214449
vt 0.674948 0.242609
vt 0.814686 0.211229
vt 0.674676 0.246300
vt 0.812705 0.208102
vt 0.674585 0.250000
vt 0.810574 0.205075
vt 0.674676 0.253701
vt 0.808296 0.202157
vt 0.674948 0.257392
vt 0.805879 0.199354
vt 0.675401 0.261066
vt 0.803327 0.196673
vt 0.676034 0.264712
vt 0.800646 0.194121
vt 0.752759 0.306165
vt 0.750000 0.306233
vt 0.755512 0.305962
vt 0.758251 0.305625
vt 0.760971 0.305153
vt 0.763664 0.304549
vt 0.766324 0.303812
vt 0.768944 0.302946
vt 0.771520 0.301953
vt 0.774043 0.300835
vt 0.776509 0.299594
vt 0.778910 0.298233
vt 0.781241 0.296756
vt 0.783498 0.295167
vt 0.785674 0.293469
vt 0.787764 0.291667
vt 0.789764 0.289763
vt 0.791667 0.287764
vt 0.793469 0.285674
vt 0.795168 0.283498
vt 0.796757 0.281242
vt 0.798233 0.278910
vt 0.799594 0.276509
vt 0.800835 0.274043
vt 0.801953 0.271519
vt 0.802947 0.268945
vt 0.803813 0.266324
vt 0.804549 0.263663
vt 0.805154 0.260971
vt 0.805625 0.258251
vt 0.805963 0.255512
vt 0.806166 0.252760
vt 0.806233 0.250000
vt 0.806167 0.247241
vt 0.805963 0.244488
vt 0.805625 0.241748
vt 0.805154 0.239029
vt 0.804549 0.236336
vt 0.803812 0.233676
vt 0.802946 0.231055
vt 0.801953 0.228480
vt 0.800834 0.225957
vt 0.799594 0.223491
vt 0.798233 0.221090
vt 0.796757 0.218758
vt 0.795167 0.216501
vt 0.793470 0.214325
vt 0.791666 0.212236
vt 0.789764 0.210237
vt 0.787764 0.208334
vt 0.785674 0.206530
vt 0.783498 0.204833
vt 0.781242 0.203243
vt 0.778910 0.201767
vt 0.776509 0.200406
vt 0.774043 0.199165
vt 0.771519 0.198047
vt 0.768944 0.197053
vt 0.766325 0.196188
vt 0.763664 0.195451
vt 0.760970 0.194847
vt 0.758252 0.194375
vt 0.755512 0.194037
vt 0.752759 0.193834
vt 0.750000 0.193766
vt 0.747240 0.193834
vt 0.744489 0.194037
vt 0.741749 0.194375
vt 0.739030 0.194847
vt 0.736337 0.195451
vt 0.728480 0.198047
vt 0.725957 0.199165
vt 0.723492 0.200406
vt 0.721091 0.201767
vt 0.718758 0.203243
vt 0.716502 0.204832
vt 0.714326 0.206531
vt 0.712236 0.208333
vt 0.710237 0.210237
vt 0.708334 0.212236
vt 0.706531 0.214326
vt 0.704833 0.216502
vt 0.703243 0.218758
vt 0.701767 0.221090
vt 0.700406 0.223491
vt 0.699165 0.225957
vt 0.698047 0.228480
vt 0.697054 0.231056
vt 0.696187 0.233676
vt 0.695451 0.236336
vt 0.694847 0.239029
vt 0.694375 0.241749
vt 0.694037 0.244488
vt 0.693834 0.247241
vt 0.693766 0.250000
vt 0.693834 0.252759
vt 0.694037 0.255512
vt 0.694375 0.258251
vt 0.694846 0.260971
vt 0.695452 0.263664
vt 0.696188 0.266324
vt 0.697053 0.268945
vt 0.698046 0.271520
vt 0.699165 0.274043
vt 0.700406 0.276508
vt 0.701766 0.278910
vt 0.703243 0.281242
vt 0.704833 0.283499
vt 0.706531 0.285674
vt 0.708333 0.287765
vt 0.710236 0.289763
vt 0.712236 0.291666
vt 0.714326 0.293469
vt 0.716501 0.295167
vt 0.718759 0.296757
vt 0.721090 0.298234
vt 0.723492 0.299594
vt 0.725957 0.300835
vt 0.728481 0.301953
vt 0.731055 0.302946
vt 0.733676 0.303812
vt 0.736337 0.304549
vt 0.739029 0.305153
vt 0.741748 0.305625
vt 0.744488 0.305963
vt 0.747241 0.306166
vt 0.728480 0.198047
vt 0.728480 0.198047
vt 0.731055 0.197053
vt 0.796757 0.281242
vt 0.795168 0.283498
vt 0.736337 0.304549
vt 0.733676 0.303812
vt 0.798233 0.278910
vt 0.739029 0.305153
vt 0.725957 0.199165
vt 0.799594 0.276509
vt 0.741748 0.305625
vt 0.723492 0.200406
vt 0.800835 0.274043
vt 0.744488 0.305963
vt 0.721091 0.201767
vt 0.801953 0.271519
vt 0.747241 0.306166
vt 0.718758 0.203243
vt 0.802947 0.268945
vt 0.716502 0.204832
vt 0.803813 0.266324
vt 0.714326 0.206531
vt 0.804549 0.263663
vt 0.712236 0.208333
vt 0.805154 0.260971
vt 0.710237 0.210237
vt 0.805625 0.258251
vt 0.708334 0.212236
vt 0.805963 0.255512
vt 0.706531 0.214326
vt 0.806166 0.252760
vt 0.704833 0.216502
vt 0.806233 0.250000
vt 0.703243 0.218758
vt 0.806167 0.247241
vt 0.701767 0.221090
vt 0.805963 0.244488
vt 0.700406 0.223491
vt 0.805625 0.241748
vt 0.699165 0.225957
vt 0.805154 0.239029
vt 0.698047 0.228480
vt 0.804549 0.236336
vt 0.697054 0.231056
vt 0.803812 0.233676
vt 0.696187 0.233676
vt 0.802946 0.231055
vt 0.695451 0.236336
vt 0.801953 0.228480
vt 0.694847 0.239029
vt 0.800834 0.225957
vt 0.694375 0.241749
vt 0.799594 0.223491
vt 0.694037 0.244488
vt 0.798233 0.221090
vt 0.693834 0.247241
vt 0.796757 0.218758
vt 0.693766 0.250000
vt 0.795167 0.216501
vt 0.693834 0.252759
vt 0.793470 0.214325
vt 0.694037 0.255512
vt 0.791666 0.212236
vt 0.694375 0.258251
vt 0.789764 0.210237
vt 0.694846 0.260971
vt 0.787764 0.208334
vt 0.695452 0.263664
vt 0.785674 0.206530
vt 0.696188 0.266324
vt 0.783498 0.204833
vt 0.752759 0.306165
vt 0.750000 0.306233
vt 0.697053 0.268945
vt 0.781242 0.203243
vt 0.698046 0.271520
vt 0.778910 0.201767
vt 0.755512 0.305962
vt 0.699165 0.274043
vt 0.776509 0.200406
vt 0.758251 0.305625
vt 0.700406 0.276508
vt 0.774043 0.199165
vt 0.760971 0.305153
vt 0.701766 0.278910
vt 0.771519 0.198047
vt 0.763664 0.304549
vt 0.703243 0.281242
vt 0.768944 0.197053
vt 0.766324 0.303812
vt 0.704833 0.283499
vt 0.766325 0.196188
vt 0.768944 0.302946
vt 0.706531 0.285674
vt 0.763664 0.195451
vt 0.771520 0.301953
vt 0.708333 0.287765
vt 0.760970 0.194847
vt 0.774043 0.300835
vt 0.710236 0.289763
vt 0.758252 0.194375
vt 0.776509 0.299594
vt 0.712236 0.291666
vt 0.755512 0.194037
vt 0.778910 0.298233
vt 0.714326 0.293469
vt 0.752759 0.193834
vt 0.781241 0.296756
vt 0.716501 0.295167
vt 0.750000 0.193766
vt 0.783498 0.295167
vt 0.718759 0.296757
vt 0.747240 0.193834
vt 0.785674 0.293469
vt 0.721090 0.298234
vt 0.744489 0.194037
vt 0.787764 0.291667
vt 0.723492 0.299594
vt 0.741749 0.194375
vt 0.789764 0.289763
vt 0.725957 0.300835
vt 0.739030 0.194847
vt 0.791667 0.287764
vt 0.728481 0.301953
vt 0.736337 0.195451
vt 0.793469 0.285674
vt 0.731055 0.302946
vt 0.805963 0.255512
vt 0.806166 0.252760
vt 0.806166 0.252760
vt 0.805963 0.255512
vt 0.798233 0.278910
vt 0.796757 0.281242
vt 0.739029 0.305153
vt 0.736337 0.304549
vt 0.725957 0.199165
vt 0.799594 0.276509
vt 0.741748 0.305625
vt 0.723492 0.200406
vt 0.800835 0.274043
vt 0.744488 0.305963
vt 0.721091 0.201767
vt 0.801953 0.271519
vt 0.747241 0.306166
vt 0.718758 0.203243
vt 0.802947 0.268945
vt 0.716502 0.204832
vt 0.803813 0.266324
vt 0.714326 0.206531
vt 0.804549 0.263663
vt 0.712236 0.208333
vt 0.805154 0.260971
vt 0.710237 0.210237
vt 0.805625 0.258251
vt 0.708334 0.212236
vt 0.706531 0.214326
vt 0.704833 0.216502
vt 0.806233 0.250000
vt 0.703243 0.218758
vt 0.806167 0.247241
vt 0.701767 0.221090
vt 0.805963 0.244488
vt 0.700406 0.223491
vt 0.805625 0.241748
vt 0.699165 0.225957
vt 0.805154 0.239029
vt 0.698047 0.228480
vt 0.804549 0.236336
vt 0.697054 0.231056
vt 0.803812 0.233676
vt 0.696187 0.233676
vt 0.802946 0.231055
vt 0.695451 0.236336
vt 0.801953 0.228480
vt 0.694847 0.239029
vt 0.800834 0.225957
vt 0.694375 0.241749
vt 0.799594 0.223491
vt 0.694037 0.244488
vt 0.798233 0.221090
vt 0.693834 0.247241
vt 0.796757 0.218758
vt 0.693766 0.250000
vt 0.795167 0.216501
vt 0.693834 0.252759
vt 0.793470 0.214325
vt 0.694037 0.255512
vt 0.791666 0.212236
vt 0.694375 0.258251
vt 0.789764 0.210237
vt 0.694846 0.260971
vt 0.787764 0.208334
vt 0.695452 0.263664
vt 0.785674 0.206530
vt 0.696188 0.266324
vt 0.783498 0.204833
vt 0.752759 0.306165
vt 0.750000 0.306233
vt 0.697053 0.268945
vt 0.781242 0.203243
vt 0.698046 0.271520
vt 0.778910 0.201767
vt 0.755512 0.305962
vt 0.699165 0.274043
vt 0.776509 0.200406
vt 0.758251 0.305625
vt 0.700406 0.276508
vt 0.774043 0.199165
vt 0.760971 0.305153
vt 0.701766 0.278910
vt 0.771519 0.198047
vt 0.763664 0.304549
vt 0.703243 0.281242
vt 0.768944 0.197053
vt 0.766324 0.303812
vt 0.704833 0.283499
vt 0.766325 0.196188
vt 0.768944 0.302946
vt 0.706531 0.285674
vt 0.763664 0.195451
vt 0.771520 0.301953
vt 0.708333 0.287765
vt 0.760970 0.194847
vt 0.774043 0.300835
vt 0.710236 0.289763
vt 0.758252 0.194375
vt 0.776509 0.299594
vt 0.712236 0.291666
vt 0.755512 0.194037
vt 0.778910 0.298233
vt 0.714326 0.293469
vt 0.752759 0.193834
vt 0.781241 0.296756
vt 0.716501 0.295167
vt 0.750000 0.193766
vt 0.783498 0.295167
vt 0.718759 0.296757
vt 0.747240 0.193834
vt 0.785674 0.293469
vt 0.721090 0.298234
vt 0.744489 0.194037
vt 0.787764 0.291667
vt 0.723492 0.299594
vt 0.741749 0.194375
vt 0.789764 0.289763
vt 0.725957 0.300835
vt 0.739030 0.194847
vt 0.791667 0.287764
vt 0.728481 0.301953
vt 0.736337 0.195451
vt 0.793469 0.285674
vt 0.731055 0.302946
vt 0.733677 0.196187
vt 0.795168 0.283498
vt 0.733676 0.303812
vt 0.760160 0.290559
vt 0.762138 0.290012
vt 0.762138 0.290012
vt 0.760160 0.290559
vt 0.704833 0.216502
vt 0.706531 0.214326
vt 0.806233 0.250000
vt 0.703243 0.218758
vt 0.806167 0.247241
vt 0.701767 0.221090
vt 0.805963 0.244488
vt 0.700406 0.223491
vt 0.805625 0.241748
vt 0.699165 0.225957
vt 0.805154 0.239029
vt 0.698047 0.228480
vt 0.804549 0.236336
vt 0.697054 0.231056
vt 0.803812 0.233676
vt 0.696187 0.233676
vt 0.802946 0.231055
vt 0.695451 0.236336
vt 0.801953 0.228480
vt 0.694847 0.239029
vt 0.800834 0.225957
vt 0.694375 0.241749
vt 0.799594 0.223491
vt 0.694037 0.244488
vt 0.798233 0.221090
vt 0.693834 0.247241
vt 0.796757 0.218758
vt 0.693766 0.250000
vt 0.795167 0.216501
vt 0.693834 0.252759
vt 0.793470 0.214325
vt 0.694037 0.255512
vt 0.791666 0.212236
vt 0.694375 0.258251
vt 0.789764 0.210237
vt 0.694846 0.260971
vt 0.787764 0.208334
vt 0.695452 0.263664
vt 0.785674 0.206530
vt 0.696188 0.266324
vt 0.783498 0.204833
vt 0.752759 0.306165
vt 0.750000 0.306233
vt 0.697053 0.268945
vt 0.781242 0.203243
vt 0.747241 0.306166
vt 0.698046 0.271520
vt 0.778910 0.201767
vt 0.755512 0.305962
vt 0.699165 0.274043
vt 0.776509 0.200406
vt 0.758251 0.305625
vt 0.700406 0.276508
vt 0.774043 0.199165
vt 0.760971 0.305153
vt 0.701766 0.278910
vt 0.771519 0.198047
vt 0.763664 0.304549
vt 0.703243 0.281242
vt 0.768944 0.197053
vt 0.766324 0.303812
vt 0.704833 0.283499
vt 0.766325 0.196188
vt 0.768944 0.302946
vt 0.706531 0.285674
vt 0.763664 0.195451
vt 0.771520 0.301953
vt 0.708333 0.287765
vt 0.760970 0.194847
vt 0.774043 0.300835
vt 0.710236 0.289763
vt 0.758252 0.194375
vt 0.776509 0.299594
vt 0.712236 0.291666
vt 0.755512 0.194037
vt 0.778910 0.298233
vt 0.714326 0.293469
vt 0.752759 0.193834
vt 0.781241 0.296756
vt 0.716501 0.295167
vt 0.750000 0.193766
vt 0.783498 0.295167
vt 0.718759 0.296757
vt 0.747240 0.193834
vt 0.785674 0.293469
vt 0.721090 0.298234
vt 0.744489 0.194037
vt 0.787764 0.291667
vt 0.723492 0.299594
vt 0.741749 0.194375
vt 0.789764 0.289763
vt 0.725957 0.300835
vt 0.739030 0.194847
vt 0.791667 0.287764
vt 0.728481 0.301953
vt 0.736337 0.195451
vt 0.793469 0.285674
vt 0.731055 0.302946
vt 0.733677 0.196187
vt 0.795168 0.283498
vt 0.733676 0.303812
vt 0.731055 0.197053
vt 0.796757 0.281242
vt 0.736337 0.304549
vt 0.728480 0.198047
vt 0.798233 0.278910
vt 0.739029 0.305153
vt 0.725957 0.199165
vt 0.799594 0.276509
vt 0.741748 0.305625
vt 0.723492 0.200406
vt 0.800835 0.274043
vt 0.744488 0.305963
vt 0.721091 0.201767
vt 0.801953 0.271519
vt 0.718758 0.203243
vt 0.802947 0.268945
vt 0.716502 0.204832
vt 0.803813 0.266324
vt 0.714326 0.206531
vt 0.804549 0.263663
vt 0.712236 0.208333
vt 0.805154 0.260971
vt 0.710237 0.210237
vt 0.805625 0.258251
vt 0.708334 0.212236
vt 0.752051 0.291761
vt 0.750000 0.291811
vt 0.754098 0.291611
vt 0.756135 0.291359
vt 0.758157 0.291008
vt 0.764086 0.289367
vt 0.766001 0.288629
vt 0.767877 0.287797
vt 0.769710 0.286874
vt 0.771495 0.285863
vt 0.773230 0.284766
vt 0.774907 0.283583
vt 0.776525 0.282321
vt 0.778079 0.280980
vt 0.779565 0.279565
vt 0.780981 0.278079
vt 0.782321 0.276525
vt 0.783584 0.274907
vt 0.784765 0.273229
vt 0.785863 0.271496
vt 0.786875 0.269710
vt 0.787798 0.267877
vt 0.788629 0.266000
vt 0.789368 0.264086
vt 0.790012 0.262138
vt 0.790559 0.260159
vt 0.791009 0.258157
vt 0.791359 0.256135
vt 0.791610 0.254098
vt 0.791762 0.252052
vt 0.791812 0.250000
vt 0.791761 0.247948
vt 0.791610 0.245902
vt 0.791359 0.243865
vt 0.791008 0.241843
vt 0.790559 0.239840
vt 0.790011 0.237862
vt 0.789369 0.235914
vt 0.788629 0.233999
vt 0.787798 0.232123
vt 0.786876 0.230290
vt 0.785863 0.228504
vt 0.784766 0.226770
vt 0.783583 0.225092
vt 0.782321 0.223475
vt 0.780981 0.221921
vt 0.779566 0.220434
vt 0.778079 0.219019
vt 0.776525 0.217679
vt 0.774908 0.216416
vt 0.773229 0.215235
vt 0.771496 0.214137
vt 0.769710 0.213125
vt 0.767877 0.212202
vt 0.766001 0.211371
vt 0.764086 0.210632
vt 0.762138 0.209988
vt 0.760159 0.209441
vt 0.758157 0.208992
vt 0.756135 0.208641
vt 0.754098 0.208389
vt 0.752052 0.208239
vt 0.750000 0.208188
vt 0.747948 0.208238
vt 0.745902 0.208390
vt 0.743864 0.208641
vt 0.741843 0.208991
vt 0.739841 0.209441
vt 0.737863 0.209988
vt 0.735914 0.210632
vt 0.733999 0.211371
vt 0.732123 0.212203
vt 0.730290 0.213125
vt 0.728504 0.214136
vt 0.726771 0.215235
vt 0.725093 0.216416
vt 0.723475 0.217679
vt 0.721920 0.219019
vt 0.720434 0.220434
vt 0.719019 0.221921
vt 0.717679 0.223474
vt 0.716416 0.225093
vt 0.715234 0.226771
vt 0.714137 0.228504
vt 0.713125 0.230290
vt 0.712203 0.232123
vt 0.711371 0.233999
vt 0.710632 0.235914
vt 0.709989 0.237862
vt 0.709441 0.239841
vt 0.708991 0.241843
vt 0.708641 0.243865
vt 0.708390 0.245902
vt 0.708238 0.247948
vt 0.708188 0.250000
vt 0.708238 0.252052
vt 0.708389 0.254098
vt 0.708641 0.256135
vt 0.708992 0.258157
vt 0.709441 0.260160
vt 0.709988 0.262138
vt 0.710632 0.264086
vt 0.711371 0.266001
vt 0.712202 0.267877
vt 0.713125 0.269710
vt 0.714137 0.271495
vt 0.715234 0.273229
vt 0.716416 0.274907
vt 0.717679 0.276525
vt 0.719019 0.278079
vt 0.720434 0.279565
vt 0.721921 0.280981
vt 0.723475 0.282321
vt 0.725093 0.283583
vt 0.726771 0.284765
vt 0.728505 0.285863
vt 0.730290 0.286875
vt 0.732123 0.287797
vt 0.733999 0.288629
vt 0.735914 0.289367
vt 0.737862 0.290011
vt 0.739841 0.290559
vt 0.741843 0.291008
vt 0.743865 0.291359
vt 0.745902 0.291610
vt 0.747949 0.291761
vt 0.764086 0.289367
vt 0.764086 0.289367
vt 0.762138 0.290012
vt 0.716416 0.274907
vt 0.715234 0.273229
vt 0.762138 0.209988
vt 0.764086 0.210632
vt 0.717679 0.276525
vt 0.760159 0.209441
vt 0.766001 0.288629
vt 0.719019 0.278079
vt 0.758157 0.208992
vt 0.767877 0.287797
vt 0.720434 0.279565
vt 0.756135 0.208641
vt 0.769710 0.286874
vt 0.721921 0.280981
vt 0.754098 0.208389
vt 0.771495 0.285863
vt 0.723475 0.282321
vt 0.752052 0.208239
vt 0.773230 0.284766
vt 0.725093 0.283583
vt 0.750000 0.208188
vt 0.774907 0.283583
vt 0.726771 0.284765
vt 0.747948 0.208238
vt 0.776525 0.282321
vt 0.728505 0.285863
vt 0.745902 0.208390
vt 0.778079 0.280980
vt 0.730290 0.286875
vt 0.743864 0.208641
vt 0.779565 0.279565
vt 0.732123 0.287797
vt 0.741843 0.208991
vt 0.780981 0.278079
vt 0.733999 0.288629
vt 0.739841 0.209441
vt 0.782321 0.276525
vt 0.735914 0.289367
vt 0.737863 0.209988
vt 0.783584 0.274907
vt 0.737862 0.290011
vt 0.735914 0.210632
vt 0.784765 0.273229
vt 0.739841 0.290559
vt 0.733999 0.211371
vt 0.785863 0.271496
vt 0.741843 0.291008
vt 0.732123 0.212203
vt 0.786875 0.269710
vt 0.743865 0.291359
vt 0.730290 0.213125
vt 0.787798 0.267877
vt 0.745902 0.291610
vt 0.728504 0.214136
vt 0.788629 0.266000
vt 0.747949 0.291761
vt 0.726771 0.215235
vt 0.789368 0.264086
vt 0.725093 0.216416
vt 0.790012 0.262138
vt 0.723475 0.217679
vt 0.790559 0.260159
vt 0.721920 0.219019
vt 0.791009 0.258157
vt 0.720434 0.220434
vt 0.791359 0.256135
vt 0.719019 0.221921
vt 0.791610 0.254098
vt 0.717679 0.223474
vt 0.791762 0.252052
vt 0.716416 0.225093
vt 0.791812 0.250000
vt 0.715234 0.226771
vt 0.791761 0.247948
vt 0.714137 0.228504
vt 0.791610 0.245902
vt 0.713125 0.230290
vt 0.791359 0.243865
vt 0.712203 0.232123
vt 0.791008 0.241843
vt 0.711371 0.233999
vt 0.790559 0.239840
vt 0.710632 0.235914
vt 0.790011 0.237862
vt 0.709989 0.237862
vt 0.789369 0.235914
vt 0.709441 0.239841
vt 0.788629 0.233999
vt 0.708991 0.241843
vt 0.787798 0.232123
vt 0.708641 0.243865
vt 0.786876 0.230290
vt 0.708390 0.245902
vt 0.785863 0.228504
vt 0.708238 0.247948
vt 0.784766 0.226770
vt 0.708188 0.250000
vt 0.783583 0.225092
vt 0.708238 0.252052
vt 0.782321 0.223475
vt 0.708389 0.254098
vt 0.780981 0.221921
vt 0.708641 0.256135
vt 0.779566 0.220434
vt 0.708992 0.258157
vt 0.778079 0.219019
vt 0.709441 0.260160
vt 0.776525 0.217679
vt 0.709988 0.262138
vt 0.774908 0.216416
vt 0.752051 0.291761
vt 0.750000 0.291811
vt 0.710632 0.264086
vt 0.773229 0.215235
vt 0.711371 0.266001
vt 0.771496 0.214137
vt 0.754098 0.291611
vt 0.712202 0.267877
vt 0.769710 0.213125
vt 0.756135 0.291359
vt 0.713125 0.269710
vt 0.767877 0.212202
vt 0.758157 0.291008
vt 0.714137 0.271495
vt 0.766001 0.211371
vt 0.732123 0.287797
vt 0.733999 0.288629
vt 0.733999 0.288629
vt 0.732123 0.287797
vt 0.717679 0.276525
vt 0.716416 0.274907
vt 0.760159 0.209441
vt 0.762138 0.209988
vt 0.766001 0.288629
vt 0.719019 0.278079
vt 0.758157 0.208992
vt 0.767877 0.287797
vt 0.720434 0.279565
vt 0.756135 0.208641
vt 0.769710 0.286874
vt 0.721921 0.280981
vt 0.754098 0.208389
vt 0.771495 0.285863
vt 0.723475 0.282321
vt 0.752052 0.208239
vt 0.773230 0.284766
vt 0.725093 0.283583
vt 0.750000 0.208188
vt 0.774907 0.283583
vt 0.726771 0.284765
vt 0.747948 0.208238
vt 0.776525 0.282321
vt 0.728505 0.285863
vt 0.745902 0.208390
vt 0.778079 0.280980
vt 0.730290 0.286875
vt 0.743864 0.208641
vt 0.779565 0.279565
vt 0.741843 0.208991
vt 0.780981 0.278079
vt 0.739841 0.209441
vt 0.782321 0.276525
vt 0.735914 0.289367
vt 0.737863 0.209988
vt 0.783584 0.274907
vt 0.737862 0.290011
vt 0.735914 0.210632
vt 0.784765 0.273229
vt 0.739841 0.290559
vt 0.733999 0.211371
vt 0.785863 0.271496
vt 0.741843 0.291008
vt 0.732123 0.212203
vt 0.786875 0.269710
vt 0.743865 0.291359
vt 0.730290 0.213125
vt 0.787798 0.267877
vt 0.745902 0.291610
vt 0.728504 0.214136
vt 0.788629 0.266000
vt 0.747949 0.291761
vt 0.726771 0.215235
vt 0.789368 0.264086
vt 0.725093 0.216416
vt 0.790012 0.262138
vt 0.723475 0.217679
vt 0.790559 0.260159
vt 0.721920 0.219019
vt 0.791009 0.258157
vt 0.720434 0.220434
vt 0.791359 0.256135
vt 0.719019 0.221921
vt 0.791610 0.254098
vt 0.717679 0.223474
vt 0.791762 0.252052
vt 0.716416 0.225093
vt 0.791812 0.250000
vt 0.715234 0.226771
vt 0.791761 0.247948
vt 0.714137 0.228504
vt 0.791610 0.245902
vt 0.713125 0.230290
vt 0.791359 0.243865
vt 0.712203 0.232123
vt 0.791008 0.241843
vt 0.711371 0.233999
vt 0.790559 0.239840
vt 0.710632 0.235914
vt 0.790011 0.237862
vt 0.709989 0.237862
vt 0.789369 0.235914
vt 0.709441 0.239841
vt 0.788629 0.233999
vt 0.708991 0.241843
vt 0.787798 0.232123
vt 0.708641 0.243865
vt 0.786876 0.230290
vt 0.708390 0.245902
vt 0.785863 0.228504
vt 0.708238 0.247948
vt 0.784766 0.226770
vt 0.708188 0.250000
vt 0.783583 0.225092
vt 0.708238 0.252052
vt 0.782321 0.223475
vt 0.708389 0.254098
vt 0.780981 0.221921
vt 0.708641 0.256135
vt 0.779566 0.220434
vt 0.708992 0.258157
vt 0.778079 0.219019
vt 0.709441 0.260160
vt 0.776525 0.217679
vt 0.709988 0.262138
vt 0.774908 0.216416
vt 0.752051 0.291761
vt 0.750000 0.291811
vt 0.710632 0.264086
vt 0.773229 0.215235
vt 0.711371 0.266001
vt 0.771496 0.214137
vt 0.754098 0.291611
vt 0.712202 0.267877
vt 0.769710 0.213125
vt 0.756135 0.291359
vt 0.713125 0.269710
vt 0.767877 0.212202
vt 0.758157 0.291008
vt 0.714137 0.271495
vt 0.766001 0.211371
vt 0.760160 0.290559
vt 0.715234 0.273229
vt 0.764086 0.210632
vt 0.775749 0.267205
vt 0.776562 0.265921
vt 0.776562 0.265921
vt 0.775749 0.267205
vt 0.739841 0.209441
vt 0.741843 0.208991
vt 0.782321 0.276525
vt 0.780981 0.278079
vt 0.735914 0.289367
vt 0.737863 0.209988
vt 0.783584 0.274907
vt 0.737862 0.290011
vt 0.735914 0.210632
vt 0.784765 0.273229
vt 0.739841 0.290559
vt 0.733999 0.211371
vt 0.785863 0.271496
vt 0.741843 0.291008
vt 0.732123 0.212203
vt 0.786875 0.269710
vt 0.743865 0.291359
vt 0.730290 0.213125
vt 0.787798 0.267877
vt 0.745902 0.291610
vt 0.728504 0.214136
vt 0.788629 0.266000
vt 0.747949 0.291761
vt 0.726771 0.215235
vt 0.789368 0.264086
vt 0.725093 0.216416
vt 0.790012 0.262138
vt 0.723475 0.217679
vt 0.790559 0.260159
vt 0.721920 0.219019
vt 0.791009 0.258157
vt 0.720434 0.220434
vt 0.791359 0.256135
vt 0.719019 0.221921
vt 0.791610 0.254098
vt 0.717679 0.223474
vt 0.791762 0.252052
vt 0.716416 0.225093
vt 0.791812 0.250000
vt 0.715234 0.226771
vt 0.791761 0.247948
vt 0.714137 0.228504
vt 0.791610 0.245902
vt 0.713125 0.230290
vt 0.791359 0.243865
vt 0.712203 0.232123
vt 0.791008 0.241843
vt 0.711371 0.233999
vt 0.790559 0.239840
vt 0.710632 0.235914
vt 0.790011 0.237862
vt 0.709989 0.237862
vt 0.789369 0.235914
vt 0.709441 0.239841
vt 0.788629 0.233999
vt 0.708991 0.241843
vt 0.787798 0.232123
vt 0.708641 0.243865
vt 0.786876 0.230290
vt 0.708390 0.245902
vt 0.785863 0.228504
vt 0.708238 0.247948
vt 0.784766 0.226770
vt 0.708188 0.250000
vt 0.783583 0.225092
vt 0.708238 0.252052
vt 0.782321 0.223475
vt 0.708389 0.254098
vt 0.780981 0.221921
vt 0.708641 0.256135
vt 0.779566 0.220434
vt 0.708992 0.258157
vt 0.778079 0.219019
vt 0.709441 0.260160
vt 0.776525 0.217679
vt 0.709988 0.262138
vt 0.774908 0.216416
vt 0.752051 0.291761
vt 0.750000 0.291811
vt 0.710632 0.264086
vt 0.773229 0.215235
vt 0.711371 0.266001
vt 0.771496 0.214137
vt 0.754098 0.291611
vt 0.712202 0.267877
vt 0.769710 0.213125
vt 0.756135 0.291359
vt 0.713125 0.269710
vt 0.767877 0.212202
vt 0.758157 0.291008
vt 0.714137 0.271495
vt 0.766001 0.211371
vt 0.760160 0.290559
vt 0.715234 0.273229
vt 0.764086 0.210632
vt 0.762138 0.290012
vt 0.716416 0.274907
vt 0.762138 0.209988
vt 0.764086 0.289367
vt 0.717679 0.276525
vt 0.760159 0.209441
vt 0.766001 0.288629
vt 0.719019 0.278079
vt 0.758157 0.208992
vt 0.767877 0.287797
vt 0.720434 0.279565
vt 0.756135 0.208641
vt 0.769710 0.286874
vt 0.721921 0.280981
vt 0.754098 0.208389
vt 0.771495 0.285863
vt 0.723475 0.282321
vt 0.752052 0.208239
vt 0.773230 0.284766
vt 0.725093 0.283583
vt 0.750000 0.208188
vt 0.774907 0.283583
vt 0.726771 0.284765
vt 0.747948 0.208238
vt 0.776525 0.282321
vt 0.728505 0.285863
vt 0.745902 0.208390
vt 0.778079 0.280980
vt 0.730290 0.286875
vt 0.743864 0.208641
vt 0.779565 0.279565
vt 0.751519 0.280930
vt 0.750000 0.280968
vt 0.753035 0.280819
vt 0.754544 0.280633
vt 0.756042 0.280373
vt 0.757525 0.280040
vt 0.758990 0.279635
vt 0.760433 0.279158
vt 0.761851 0.278611
vt 0.763240 0.277995
vt 0.764598 0.277311
vt 0.765921 0.276562
vt 0.767205 0.275749
vt 0.768448 0.274874
vt 0.769646 0.273939
vt 0.770797 0.272945
vt 0.771898 0.271898
vt 0.772946 0.270797
vt 0.773939 0.269646
vt 0.774874 0.268448
vt 0.777311 0.264598
vt 0.777995 0.263241
vt 0.778611 0.261850
vt 0.779158 0.260433
vt 0.779635 0.258990
vt 0.780040 0.257525
vt 0.780373 0.256041
vt 0.780633 0.254544
vt 0.780819 0.253035
vt 0.780931 0.251520
vt 0.780968 0.250000
vt 0.780931 0.248480
vt 0.780819 0.246965
vt 0.780634 0.245456
vt 0.780373 0.243958
vt 0.780040 0.242475
vt 0.779635 0.241010
vt 0.779158 0.239567
vt 0.778611 0.238149
vt 0.777995 0.236759
vt 0.777312 0.235401
vt 0.776562 0.234079
vt 0.775749 0.232795
vt 0.774874 0.231552
vt 0.773938 0.230354
vt 0.772947 0.229203
vt 0.771898 0.228102
vt 0.770797 0.227054
vt 0.769646 0.226061
vt 0.768448 0.225126
vt 0.767206 0.224251
vt 0.765921 0.223438
vt 0.764599 0.222688
vt 0.763241 0.222005
vt 0.761851 0.221389
vt 0.760433 0.220842
vt 0.758990 0.220365
vt 0.757525 0.219960
vt 0.756042 0.219627
vt 0.754544 0.219367
vt 0.753036 0.219181
vt 0.751519 0.219069
vt 0.750000 0.219031
vt 0.748481 0.219069
vt 0.746965 0.219181
vt 0.745456 0.219367
vt 0.743959 0.219626
vt 0.742475 0.219960
vt 0.741011 0.220365
vt 0.739567 0.220842
vt 0.738149 0.221389
vt 0.736760 0.222005
vt 0.735402 0.222688
vt 0.734079 0.223438
vt 0.732795 0.224251
vt 0.731552 0.225126
vt 0.730354 0.226061
vt 0.729203 0.227054
vt 0.728102 0.228102
vt 0.727054 0.229203
vt 0.726061 0.230354
vt 0.725126 0.231552
vt 0.724251 0.232795
vt 0.723438 0.234079
vt 0.722688 0.235401
vt 0.722005 0.236759
vt 0.721389 0.238149
vt 0.720842 0.239567
vt 0.720365 0.241010
vt 0.719960 0.242475
vt 0.719627 0.243959
vt 0.719367 0.245456
vt 0.719181 0.246964
vt 0.719069 0.248480
vt 0.719032 0.250000
vt 0.719069 0.251520
vt 0.719181 0.253035
vt 0.719367 0.254544
vt 0.719627 0.256042
vt 0.719960 0.257525
vt 0.720365 0.258990
vt 0.720842 0.260433
vt 0.721389 0.261851
vt 0.722005 0.263241
vt 0.722688 0.264598
vt 0.723438 0.265921
vt 0.724251 0.267205
vt 0.725126 0.268448
vt 0.726061 0.269646
vt 0.727054 0.270797
vt 0.728102 0.271898
vt 0.729203 0.272946
vt 0.730354 0.273939
vt 0.731552 0.274874
vt 0.732795 0.275749
vt 0.734079 0.276562
vt 0.735402 0.277311
vt 0.736760 0.277995
vt 0.738149 0.278611
vt 0.739567 0.279158
vt 0.741011 0.279635
vt 0.742476 0.280040
vt 0.743959 0.280373
vt 0.745456 0.280633
vt 0.746965 0.280819
vt 0.748480 0.280930
vt 0.754544 0.280633
vt 0.756042 0.280373
vt 0.756042 0.280373
vt 0.754544 0.280633
vt 0.738149 0.221389
vt 0.739567 0.220842
vt 0.743959 0.280373
vt 0.742476 0.280040
vt 0.777311 0.264598
vt 0.736760 0.222005
vt 0.745456 0.280633
vt 0.777995 0.263241
vt 0.735402 0.222688
vt 0.746965 0.280819
vt 0.734079 0.223438
vt 0.778611 0.261850
vt 0.748480 0.280930
vt 0.732795 0.224251
vt 0.779158 0.260433
vt 0.731552 0.225126
vt 0.779635 0.258990
vt 0.730354 0.226061
vt 0.780040 0.257525
vt 0.729203 0.227054
vt 0.780373 0.256041
vt 0.728102 0.228102
vt 0.780633 0.254544
vt 0.727054 0.229203
vt 0.780819 0.253035
vt 0.726061 0.230354
vt 0.780931 0.251520
vt 0.725126 0.231552
vt 0.780968 0.250000
vt 0.724251 0.232795
vt 0.780931 0.248480
vt 0.723438 0.234079
vt 0.780819 0.246965
vt 0.722688 0.235401
vt 0.780634 0.245456
vt 0.722005 0.236759
vt 0.780373 0.243958
vt 0.721389 0.238149
vt 0.780040 0.242475
vt 0.720842 0.239567
vt 0.779635 0.241010
vt 0.720365 0.241010
vt 0.779158 0.239567
vt 0.719960 0.242475
vt 0.778611 0.238149
vt 0.719627 0.243959
vt 0.777995 0.236759
vt 0.719367 0.245456
vt 0.777312 0.235401
vt 0.719181 0.246964
vt 0.776562 0.234079
vt 0.719069 0.248480
vt 0.775749 0.232795
vt 0.719032 0.250000
vt 0.774874 0.231552
vt 0.719069 0.251520
vt 0.773938 0.230354
vt 0.719181 0.253035
vt 0.772947 0.229203
vt 0.719367 0.254544
vt 0.771898 0.228102
vt 0.719627 0.256042
vt 0.770797 0.227054
vt 0.719960 0.257525
vt 0.769646 0.226061
vt 0.720365 0.258990
vt 0.751519 0.280930
vt 0.750000 0.280968
vt 0.768448 0.225126
vt 0.720842 0.260433
vt 0.767206 0.224251
vt 0.721389 0.261851
vt 0.753035 0.280819
vt 0.765921 0.223438
vt 0.722005 0.263241
vt 0.764599 0.222688
vt 0.722688 0.264598
vt 0.763241 0.222005
vt 0.723438 0.265921
vt 0.757525 0.280040
vt 0.761851 0.221389
vt 0.724251 0.267205
vt 0.758990 0.279635
vt 0.760433 0.220842
vt 0.725126 0.268448
vt 0.758990 0.220365
vt 0.760433 0.279158
vt 0.726061 0.269646
vt 0.761851 0.278611
vt 0.757525 0.219960
vt 0.727054 0.270797
vt 0.763240 0.277995
vt 0.756042 0.219627
vt 0.728102 0.271898
vt 0.764598 0.277311
vt 0.754544 0.219367
vt 0.729203 0.272946
vt 0.765921 0.276562
vt 0.753036 0.219181
vt 0.730354 0.273939
vt 0.767205 0.275749
vt 0.751519 0.219069
vt 0.731552 0.274874
vt 0.768448 0.274874
vt 0.750000 0.219031
vt 0.732795 0.275749
vt 0.769646 0.273939
vt 0.748481 0.219069
vt 0.734079 0.276562
vt 0.770797 0.272945
vt 0.746965 0.219181
vt 0.735402 0.277311
vt 0.771898 0.271898
vt 0.745456 0.219367
vt 0.736760 0.277995
vt 0.772946 0.270797
vt 0.743959 0.219626
vt 0.738149 0.278611
vt 0.773939 0.269646
vt 0.742475 0.219960
vt 0.739567 0.279158
vt 0.774874 0.268448
vt 0.741011 0.220365
vt 0.741011 0.279635
vt 0.750000 0.280968
vt 0.751519 0.280930
vt 0.753035 0.280819
vt 0.757525 0.280040
vt 0.758990 0.279635
vt 0.760433 0.279158
vt 0.761851 0.278611
vt 0.763240 0.277995
vt 0.764598 0.277311
vt 0.765921 0.276562
vt 0.767205 0.275749
vt 0.768448 0.274874
vt 0.769646 0.273939
vt 0.770797 0.272945
vt 0.771898 0.271898
vt 0.772946 0.270797
vt 0.773939 0.269646
vt 0.774874 0.268448
vt 0.775749 0.267205
vt 0.776562 0.265921
vt 0.777311 0.264598
vt 0.777995 0.263241
vt 0.778611 0.261850
vt 0.779158 0.260433
vt 0.779635 0.258990
vt 0.780040 0.257525
vt 0.780373 0.256041
vt 0.780633 0.254544
vt 0.780819 0.253035
vt 0.780931 0.251520
vt 0.780968 0.250000
vt 0.780931 0.248480
vt 0.780819 0.246965
vt 0.780634 0.245456
vt 0.780373 0.243958
vt 0.780040 0.242475
vt 0.779635 0.241010
vt 0.779158 0.239567
vt 0.778611 0.238149
vt 0.777995 0.236759
vt 0.777312 0.235401
vt 0.776562 0.234079
vt 0.775749 0.232795
vt 0.774874 0.231552
vt 0.773938 0.230354
vt 0.772947 0.229203
vt 0.771898 0.228102
vt 0.770797 0.227054
vt 0.769646 0.226061
vt 0.768448 0.225126
vt 0.767206 0.224251
vt 0.765921 0.223438
vt 0.764599 0.222688
vt 0.763241 0.222005
vt 0.761851 0.221389
vt 0.760433 0.220842
vt 0.758990 0.220365
vt 0.757525 0.219960
vt 0.756042 0.219627
vt 0.754544 0.219367
vt 0.753036 0.219181
vt 0.751519 0.219069
vt 0.750000 0.219031
vt 0.748481 0.219069
vt 0.746965 0.219181
vt 0.745456 0.219367
vt 0.743959 0.219626
vt 0.742475 0.219960
vt 0.741011 0.220365
vt 0.739567 0.220842
vt 0.738149 0.221389
vt 0.736760 0.222005
vt 0.735402 0.222688
vt 0.734079 0.223438
vt 0.732795 0.224251
vt 0.731552 0.225126
vt 0.730354 0.226061
vt 0.729203 0.227054
vt 0.728102 0.228102
vt 0.727054 0.229203
vt 0.726061 0.230354
vt 0.725126 0.231552
vt 0.724251 0.232795
vt 0.723438 0.234079
vt 0.722688 0.235401
vt 0.722005 0.236759
vt 0.721389 0.238149
vt 0.720842 0.239567
vt 0.720365 0.241010
vt 0.719960 0.242475
vt 0.719627 0.243959
vt 0.719367 0.245456
vt 0.719181 0.246964
vt 0.719069 0.248480
vt 0.719032 0.250000
vt 0.719069 0.251520
vt 0.719181 0.253035
vt 0.719367 0.254544
vt 0.719627 0.256042
vt 0.719960 0.257525
vt 0.720365 0.258990
vt 0.720842 0.260433
vt 0.721389 0.261851
vt 0.722005 0.263241
vt 0.722688 0.264598
vt 0.723438 0.265921
vt 0.724251 0.267205
vt 0.725126 0.268448
vt 0.726061 0.269646
vt 0.727054 0.270797
vt 0.728102 0.271898
vt 0.729203 0.272946
vt 0.730354 0.273939
vt 0.731552 0.274874
vt 0.732795 0.275749
vt 0.734079 0.276562
vt 0.735402 0.277311
vt 0.736760 0.277995
vt 0.738149 0.278611
vt 0.739567 0.279158
vt 0.741011 0.279635
vt 0.742476 0.280040
vt 0.743959 0.280373
vt 0.745456 0.280633
vt 0.746965 0.280819
vt 0.748480 0.280930
vt 0.261776 0.489711
vt 0.250000 0.490000
vt 0.250000 0.429982
vt 0.258831 0.429765
vt 0.238224 0.489711
vt 0.241169 0.429764
vt 0.226477 0.488844
vt 0.232358 0.429116
vt 0.214785 0.487402
vt 0.223591 0.428035
vt 0.203179 0.485389
vt 0.214887 0.426524
vt 0.191685 0.482808
vt 0.206268 0.424588
vt 0.180332 0.479666
vt 0.197754 0.422233
vt 0.169147 0.475971
vt 0.189365 0.419461
vt 0.158156 0.471731
vt 0.181124 0.416281
vt 0.147387 0.466958
vt 0.173048 0.412702
vt 0.136865 0.461661
vt 0.165157 0.408729
vt 0.126616 0.455855
vt 0.157471 0.404376
vt 0.116663 0.449553
vt 0.150007 0.399650
vt 0.107032 0.442770
vt 0.142785 0.394562
vt 0.097746 0.435523
vt 0.135820 0.389128
vt 0.088826 0.427828
vt 0.129131 0.383359
vt 0.080295 0.419706
vt 0.122734 0.377268
vt 0.072172 0.411174
vt 0.116642 0.370869
vt 0.064478 0.402254
vt 0.110872 0.364180
vt 0.057230 0.392968
vt 0.105437 0.357216
vt 0.050447 0.383337
vt 0.100351 0.349993
vt 0.044145 0.373385
vt 0.095625 0.342529
vt 0.038339 0.363135
vt 0.091271 0.334844
vt 0.033043 0.352613
vt 0.087298 0.326952
vt 0.028269 0.341844
vt 0.083718 0.318876
vt 0.024029 0.330853
vt 0.080539 0.310633
vt 0.020334 0.319668
vt 0.077768 0.302245
vt 0.017192 0.308315
vt 0.075411 0.293732
vt 0.014611 0.296821
vt 0.073476 0.285113
vt 0.012598 0.285215
vt 0.071966 0.276408
vt 0.011156 0.273524
vt 0.070885 0.267640
vt 0.010289 0.261776
vt 0.070235 0.258831
vt 0.010000 0.250000
vt 0.070019 0.250000
vt 0.010289 0.238223
vt 0.070235 0.241170
vt 0.011156 0.226475
vt 0.070885 0.232358
vt 0.012598 0.214784
vt 0.071966 0.223591
vt 0.014612 0.203178
vt 0.073478 0.214888
vt 0.017193 0.191684
vt 0.075411 0.206267
vt 0.020334 0.180331
vt 0.077767 0.197754
vt 0.024030 0.169146
vt 0.080539 0.189366
vt 0.028269 0.158155
vt 0.083718 0.181124
vt 0.033043 0.147386
vt 0.087298 0.173047
vt 0.038339 0.136864
vt 0.091270 0.165156
vt 0.044145 0.126615
vt 0.095626 0.157471
vt 0.050448 0.116663
vt 0.100351 0.150006
vt 0.057231 0.107032
vt 0.105438 0.142784
vt 0.064478 0.097745
vt 0.110874 0.135821
vt 0.072172 0.088825
vt 0.116642 0.129131
vt 0.080295 0.080294
vt 0.088826 0.072171
vt 0.097746 0.064477
vt 0.135820 0.110872
vt 0.107033 0.057230
vt 0.142786 0.105436
vt 0.116664 0.050447
vt 0.150007 0.100350
vt 0.126616 0.044145
vt 0.157471 0.095624
vt 0.136865 0.038339
vt 0.165158 0.091269
vt 0.147387 0.033042
vt 0.173047 0.087298
vt 0.158157 0.028269
vt 0.181125 0.083718
vt 0.169147 0.024029
vt 0.189366 0.080539
vt 0.180332 0.020334
vt 0.197755 0.077769
vt 0.191685 0.017192
vt 0.206268 0.075412
vt 0.203179 0.014611
vt 0.214888 0.073475
vt 0.214785 0.012598
vt 0.223591 0.071967
vt 0.226476 0.011156
vt 0.232359 0.070884
vt 0.238224 0.010289
vt 0.241169 0.070235
vt 0.250000 0.010000
vt 0.250001 0.070018
vt 0.261777 0.010289
vt 0.258832 0.070236
vt 0.273524 0.011156
vt 0.267641 0.070885
vt 0.285216 0.012598
vt 0.276409 0.071966
vt 0.296822 0.014612
vt 0.285113 0.073476
vt 0.308316 0.017193
vt 0.293733 0.075412
vt 0.319669 0.020334
vt 0.302246 0.077769
vt 0.330854 0.024030
vt 0.310634 0.080539
vt 0.341844 0.028269
vt 0.318875 0.083718
vt 0.352613 0.033043
vt 0.326951 0.087298
vt 0.363135 0.038339
vt 0.334842 0.091271
vt 0.373385 0.044145
vt 0.342529 0.095624
vt 0.383337 0.050447
vt 0.349992 0.100350
vt 0.392968 0.057230
vt 0.357217 0.105438
vt 0.402254 0.064478
vt 0.364179 0.110872
vt 0.411174 0.072172
vt 0.370868 0.116642
vt 0.419706 0.080294
vt 0.377266 0.122733
vt 0.427828 0.088826
vt 0.383358 0.129133
vt 0.435522 0.097746
vt 0.389129 0.135820
vt 0.442770 0.107032
vt 0.394564 0.142785
vt 0.449553 0.116663
vt 0.399649 0.150008
vt 0.455855 0.126615
vt 0.404375 0.157471
vt 0.461661 0.136865
vt 0.408729 0.165157
vt 0.466957 0.147387
vt 0.412702 0.173048
vt 0.471731 0.158156
vt 0.416281 0.181123
vt 0.475971 0.169146
vt 0.419460 0.189367
vt 0.479666 0.180332
vt 0.422232 0.197754
vt 0.482807 0.191685
vt 0.424588 0.206267
vt 0.485388 0.203178
vt 0.426523 0.214888
vt 0.487402 0.214785
vt 0.428034 0.223590
vt 0.488844 0.226476
vt 0.429116 0.232359
vt 0.489711 0.238224
vt 0.429766 0.241168
vt 0.490000 0.250000
vt 0.429983 0.250000
vt 0.489711 0.261776
vt 0.429764 0.258831
vt 0.488844 0.273524
vt 0.429114 0.267641
vt 0.487402 0.285215
vt 0.428034 0.276409
vt 0.485388 0.296822
vt 0.426524 0.285113
vt 0.482808 0.308315
vt 0.424588 0.293732
vt 0.479666 0.319668
vt 0.422233 0.302246
vt 0.475971 0.330853
vt 0.419461 0.310633
vt 0.471731 0.341844
vt 0.416281 0.318876
vt 0.466957 0.352613
vt 0.412702 0.326952
vt 0.461661 0.363135
vt 0.408730 0.334843
vt 0.455855 0.373385
vt 0.404375 0.342530
vt 0.449553 0.383337
vt 0.399649 0.349992
vt 0.442770 0.392968
vt 0.394564 0.357216
vt 0.435523 0.402254
vt 0.389127 0.364180
vt 0.427828 0.411174
vt 0.383357 0.370868
vt 0.419706 0.419706
vt 0.377268 0.377268
vt 0.411174 0.427828
vt 0.370868 0.383358
vt 0.402254 0.435522
vt 0.364181 0.389128
vt 0.392968 0.442770
vt 0.357215 0.394563
vt 0.383337 0.449553
vt 0.349993 0.399651
vt 0.373385 0.455855
vt 0.342530 0.404375
vt 0.363135 0.461661
vt 0.334844 0.408730
vt 0.352613 0.466957
vt 0.326952 0.412702
vt 0.341844 0.471731
vt 0.318876 0.416282
vt 0.330854 0.475971
vt 0.310634 0.419461
vt 0.319668 0.479666
vt 0.302245 0.422232
vt 0.308315 0.482808
vt 0.293733 0.424588
vt 0.296822 0.485388
vt 0.285113 0.426524
vt 0.285215 0.487402
vt 0.276410 0.428033
vt 0.273524 0.488844
vt 0.267640 0.429115
vt 0.135820 0.110872
vt 0.135820 0.110872
vt 0.129132 0.116641
vt 0.424588 0.293732
vt 0.426524 0.285113
vt 0.250000 0.429982
vt 0.258831 0.429765
vt 0.422233 0.302246
vt 0.142786 0.105436
vt 0.267640 0.429115
vt 0.419461 0.310633
vt 0.150007 0.100350
vt 0.241169 0.429764
vt 0.416281 0.318876
vt 0.157471 0.095624
vt 0.232358 0.429116
vt 0.412702 0.326952
vt 0.165158 0.091269
vt 0.223591 0.428035
vt 0.408730 0.334843
vt 0.173047 0.087298
vt 0.214887 0.426524
vt 0.404375 0.342530
vt 0.181125 0.083718
vt 0.206268 0.424588
vt 0.399649 0.349992
vt 0.189366 0.080539
vt 0.197754 0.422233
vt 0.394564 0.357216
vt 0.197755 0.077769
vt 0.189365 0.419461
vt 0.389127 0.364180
vt 0.206268 0.075412
vt 0.181124 0.416281
vt 0.383357 0.370868
vt 0.214888 0.073475
vt 0.173048 0.412702
vt 0.377268 0.377268
vt 0.223591 0.071967
vt 0.165157 0.408729
vt 0.370868 0.383358
vt 0.232359 0.070884
vt 0.157471 0.404376
vt 0.364181 0.389128
vt 0.241169 0.070235
vt 0.150007 0.399650
vt 0.357215 0.394563
vt 0.250001 0.070018
vt 0.142785 0.394562
vt 0.349993 0.399651
vt 0.258832 0.070236
vt 0.135820 0.389128
vt 0.342530 0.404375
vt 0.267641 0.070885
vt 0.129131 0.383359
vt 0.334844 0.408730
vt 0.276409 0.071966
vt 0.122734 0.377268
vt 0.326952 0.412702
vt 0.285113 0.073476
vt 0.116642 0.370869
vt 0.318876 0.416282
vt 0.293733 0.075412
vt 0.110872 0.364180
vt 0.310634 0.419461
vt 0.302246 0.077769
vt 0.105437 0.357216
vt 0.302245 0.422232
vt 0.310634 0.080539
vt 0.100351 0.349993
vt 0.293733 0.424588
vt 0.318875 0.083718
vt 0.095625 0.342529
vt 0.285113 0.426524
vt 0.326951 0.087298
vt 0.091271 0.334844
vt 0.276410 0.428033
vt 0.334842 0.091271
vt 0.087298 0.326952
vt 0.342529 0.095624
vt 0.083718 0.318876
vt 0.349992 0.100350
vt 0.080539 0.310633
vt 0.357217 0.105438
vt 0.077768 0.302245
vt 0.364179 0.110872
vt 0.075411 0.293732
vt 0.370868 0.116642
vt 0.073476 0.285113
vt 0.377266 0.122733
vt 0.071966 0.276408
vt 0.383358 0.129133
vt 0.070885 0.267640
vt 0.389129 0.135820
vt 0.070235 0.258831
vt 0.394564 0.142785
vt 0.070019 0.250000
vt 0.399649 0.150008
vt 0.070235 0.241170
vt 0.404375 0.157471
vt 0.070885 0.232358
vt 0.408729 0.165157
vt 0.071966 0.223591
vt 0.412702 0.173048
vt 0.073478 0.214888
vt 0.416281 0.181123
vt 0.075411 0.206267
vt 0.419460 0.189367
vt 0.077767 0.197754
vt 0.422232 0.197754
vt 0.080539 0.189366
vt 0.424588 0.206267
vt 0.083718 0.181124
vt 0.426523 0.214888
vt 0.087298 0.173047
vt 0.428034 0.223590
vt 0.091270 0.165156
vt 0.429116 0.232359
vt 0.095626 0.157471
vt 0.429766 0.241168
vt 0.100351 0.150006
vt 0.429983 0.250000
vt 0.105438 0.142784
vt 0.429764 0.258831
vt 0.110874 0.135821
vt 0.429114 0.267641
vt 0.116642 0.129131
vt 0.428034 0.276409
vt 0.142786 0.105436
vt 0.142786 0.105436
vt 0.135820 0.110872
vt 0.250000 0.429982
vt 0.258831 0.429765
vt 0.422233 0.302246
vt 0.424588 0.293732
vt 0.267640 0.429115
vt 0.419461 0.310633
vt 0.150007 0.100350
vt 0.241169 0.429764
vt 0.416281 0.318876
vt 0.157471 0.095624
vt 0.232358 0.429116
vt 0.412702 0.326952
vt 0.165158 0.091269
vt 0.223591 0.428035
vt 0.408730 0.334843
vt 0.173047 0.087298
vt 0.214887 0.426524
vt 0.404375 0.342530
vt 0.181125 0.083718
vt 0.206268 0.424588
vt 0.399649 0.349992
vt 0.189366 0.080539
vt 0.197754 0.422233
vt 0.394564 0.357216
vt 0.197755 0.077769
vt 0.189365 0.419461
vt 0.389127 0.364180
vt 0.206268 0.075412
vt 0.181124 0.416281
vt 0.383357 0.370868
vt 0.214888 0.073475
vt 0.173048 0.412702
vt 0.377268 0.377268
vt 0.223591 0.071967
vt 0.165157 0.408729
vt 0.370868 0.383358
vt 0.232359 0.070884
vt 0.157471 0.404376
vt 0.364181 0.389128
vt 0.241169 0.070235
vt 0.150007 0.399650
vt 0.357215 0.394563
vt 0.250001 0.070018
vt 0.142785 0.394562
vt 0.349993 0.399651
vt 0.258832 0.070236
vt 0.135820 0.389128
vt 0.342530 0.404375
vt 0.267641 0.070885
vt 0.129131 0.383359
vt 0.334844 0.408730
vt 0.276409 0.071966
vt 0.122734 0.377268
vt 0.326952 0.412702
vt 0.285113 0.073476
vt 0.116642 0.370869
vt 0.318876 0.416282
vt 0.293733 0.075412
vt 0.110872 0.364180
vt 0.310634 0.419461
vt 0.302246 0.077769
vt 0.105437 0.357216
vt 0.302245 0.422232
vt 0.310634 0.080539
vt 0.100351 0.349993
vt 0.293733 0.424588
vt 0.318875 0.083718
vt 0.095625 0.342529
vt 0.285113 0.426524
vt 0.326951 0.087298
vt 0.091271 0.334844
vt 0.276410 0.428033
vt 0.334842 0.091271
vt 0.087298 0.326952
vt 0.342529 0.095624
vt 0.083718 0.318876
vt 0.349992 0.100350
vt 0.080539 0.310633
vt 0.357217 0.105438
vt 0.077768 0.302245
vt 0.364179 0.110872
vt 0.075411 0.293732
vt 0.370868 0.116642
vt 0.073476 0.285113
vt 0.377266 0.122733
vt 0.071966 0.276408
vt 0.383358 0.129133
vt 0.070885 0.267640
vt 0.389129 0.135820
vt 0.070235 0.258831
vt 0.394564 0.142785
vt 0.070019 0.250000
vt 0.399649 0.150008
vt 0.070235 0.241170
vt 0.404375 0.157471
vt 0.070885 0.232358
vt 0.408729 0.165157
vt 0.071966 0.223591
vt 0.412702 0.173048
vt 0.073478 0.214888
vt 0.416281 0.181123
vt 0.075411 0.206267
vt 0.419460 0.189367
vt 0.077767 0.197754
vt 0.422232 0.197754
vt 0.080539 0.189366
vt 0.424588 0.206267
vt 0.083718 0.181124
vt 0.426523 0.214888
vt 0.087298 0.173047
vt 0.428034 0.223590
vt 0.091270 0.165156
vt 0.429116 0.232359
vt 0.095626 0.157471
vt 0.429766 0.241168
vt 0.100351 0.150006
vt 0.429983 0.250000
vt 0.105438 0.142784
vt 0.429764 0.258831
vt 0.110874 0.135821
vt 0.429114 0.267641
vt 0.116642 0.129131
vt 0.428034 0.276409
vt 0.122733 0.122733
vt 0.426524 0.285113
vt 0.150007 0.100350
vt 0.150007 0.100350
vt 0.142786 0.105436
vt 0.258831 0.429765
vt 0.267640 0.429115
vt 0.419461 0.310633
vt 0.422233 0.302246
vt 0.241169 0.429764
vt 0.250000 0.429982
vt 0.416281 0.318876
vt 0.157471 0.095624
vt 0.232358 0.429116
vt 0.412702 0.326952
vt 0.165158 0.091269
vt 0.223591 0.428035
vt 0.408730 0.334843
vt 0.173047 0.087298
vt 0.214887 0.426524
vt 0.404375 0.342530
vt 0.181125 0.083718
vt 0.206268 0.424588
vt 0.399649 0.349992
vt 0.189366 0.080539
vt 0.197754 0.422233
vt 0.394564 0.357216
vt 0.197755 0.077769
vt 0.189365 0.419461
vt 0.389127 0.364180
vt 0.206268 0.075412
vt 0.181124 0.416281
vt 0.383357 0.370868
vt 0.214888 0.073475
vt 0.173048 0.412702
vt 0.377268 0.377268
vt 0.223591 0.071967
vt 0.165157 0.408729
vt 0.370868 0.383358
vt 0.232359 0.070884
vt 0.157471 0.404376
vt 0.364181 0.389128
vt 0.241169 0.070235
vt 0.150007 0.399650
vt 0.357215 0.394563
vt 0.250001 0.070018
vt 0.142785 0.394562
vt 0.349993 0.399651
vt 0.258832 0.070236
vt 0.135820 0.389128
vt 0.342530 0.404375
vt 0.267641 0.070885
vt 0.129131 0.383359
vt 0.334844 0.408730
vt 0.276409 0.071966
vt 0.122734 0.377268
vt 0.326952 0.412702
vt 0.285113 0.073476
vt 0.116642 0.370869
vt 0.318876 0.416282
vt 0.293733 0.075412
vt 0.110872 0.364180
vt 0.310634 0.419461
vt 0.302246 0.077769
vt 0.105437 0.357216
vt 0.302245 0.422232
vt 0.310634 0.080539
vt 0.100351 0.349993
vt 0.293733 0.424588
vt 0.318875 0.083718
vt 0.095625 0.342529
vt 0.285113 0.426524
vt 0.326951 0.087298
vt 0.091271 0.334844
vt 0.276410 0.428033
vt 0.334842 0.091271
vt 0.087298 0.326952
vt 0.342529 0.095624
vt 0.083718 0.318876
vt 0.349992 0.100350
vt 0.080539 0.310633
vt 0.357217 0.105438
vt 0.077768 0.302245
vt 0.364179 0.110872
vt 0.075411 0.293732
vt 0.370868 0.116642
vt 0.073476 0.285113
vt 0.377266 0.122733
vt 0.071966 0.276408
vt 0.383358 0.129133
vt 0.070885 0.267640
vt 0.389129 0.135820
vt 0.070235 0.258831
vt 0.394564 0.142785
vt 0.070019 0.250000
vt 0.399649 0.150008
vt 0.070235 0.241170
vt 0.404375 0.157471
vt 0.070885 0.232358
vt 0.408729 0.165157
vt 0.071966 0.223591
vt 0.412702 0.173048
vt 0.073478 0.214888
vt 0.416281 0.181123
vt 0.075411 0.206267
vt 0.419460 0.189367
vt 0.077767 0.197754
vt 0.422232 0.197754
vt 0.080539 0.189366
vt 0.424588 0.206267
vt 0.083718 0.181124
vt 0.426523 0.214888
vt 0.087298 0.173047
vt 0.428034 0.223590
vt 0.091270 0.165156
vt 0.429116 0.232359
vt 0.095626 0.157471
vt 0.429766 0.241168
vt 0.100351 0.150006
vt 0.429983 0.250000
vt 0.105438 0.142784
vt 0.429764 0.258831
vt 0.110874 0.135821
vt 0.429114 0.267641
vt 0.116642 0.129131
vt 0.428034 0.276409
vt 0.122733 0.122733
vt 0.426524 0.285113
vt 0.129132 0.116641
vt 0.424588 0.293732
vt 0.168214 0.283877
vt 0.166649 0.279823
vt 0.166649 0.279823
vt 0.168214 0.283877
vt 0.241169 0.429764
vt 0.250000 0.429982
vt 0.416281 0.318876
vt 0.419461 0.310633
vt 0.157471 0.095624
vt 0.232358 0.429116
vt 0.412702 0.326952
vt 0.165158 0.091269
vt 0.223591 0.428035
vt 0.408730 0.334843
vt 0.173047 0.087298
vt 0.214887 0.426524
vt 0.404375 0.342530
vt 0.181125 0.083718
vt 0.206268 0.424588
vt 0.399649 0.349992
vt 0.189366 0.080539
vt 0.197754 0.422233
vt 0.394564 0.357216
vt 0.197755 0.077769
vt 0.189365 0.419461
vt 0.389127 0.364180
vt 0.206268 0.075412
vt 0.181124 0.416281
vt 0.383357 0.370868
vt 0.214888 0.073475
vt 0.173048 0.412702
vt 0.377268 0.377268
vt 0.223591 0.071967
vt 0.165157 0.408729
vt 0.370868 0.383358
vt 0.232359 0.070884
vt 0.157471 0.404376
vt 0.364181 0.389128
vt 0.241169 0.070235
vt 0.150007 0.399650
vt 0.357215 0.394563
vt 0.250001 0.070018
vt 0.142785 0.394562
vt 0.349993 0.399651
vt 0.258832 0.070236
vt 0.135820 0.389128
vt 0.342530 0.404375
vt 0.267641 0.070885
vt 0.129131 0.383359
vt 0.334844 0.408730
vt 0.276409 0.071966
vt 0.122734 0.377268
vt 0.326952 0.412702
vt 0.285113 0.073476
vt 0.116642 0.370869
vt 0.318876 0.416282
vt 0.293733 0.075412
vt 0.110872 0.364180
vt 0.310634 0.419461
vt 0.302246 0.077769
vt 0.105437 0.357216
vt 0.302245 0.422232
vt 0.310634 0.080539
vt 0.100351 0.349993
vt 0.293733 0.424588
vt 0.318875 0.083718
vt 0.095625 0.342529
vt 0.285113 0.426524
vt 0.326951 0.087298
vt 0.091271 0.334844
vt 0.334842 0.091271
vt 0.087298 0.326952
vt 0.276410 0.428033
vt 0.342529 0.095624
vt 0.083718 0.318876
vt 0.267640 0.429115
vt 0.349992 0.100350
vt 0.080539 0.310633
vt 0.357217 0.105438
vt 0.077768 0.302245
vt 0.364179 0.110872
vt 0.075411 0.293732
vt 0.370868 0.116642
vt 0.073476 0.285113
vt 0.377266 0.122733
vt 0.071966 0.276408
vt 0.383358 0.129133
vt 0.070885 0.267640
vt 0.389129 0.135820
vt 0.070235 0.258831
vt 0.394564 0.142785
vt 0.070019 0.250000
vt 0.399649 0.150008
vt 0.070235 0.241170
vt 0.404375 0.157471
vt 0.070885 0.232358
vt 0.408729 0.165157
vt 0.071966 0.223591
vt 0.412702 0.173048
vt 0.073478 0.214888
vt 0.416281 0.181123
vt 0.075411 0.206267
vt 0.419460 0.189367
vt 0.077767 0.197754
vt 0.422232 0.197754
vt 0.080539 0.189366
vt 0.424588 0.206267
vt 0.083718 0.181124
vt 0.426523 0.214888
vt 0.087298 0.173047
vt 0.428034 0.223590
vt 0.091270 0.165156
vt 0.429116 0.232359
vt 0.095626 0.157471
vt 0.429766 0.241168
vt 0.100351 0.150006
vt 0.429983 0.250000
vt 0.105438 0.142784
vt 0.429764 0.258831
vt 0.110874 0.135821
vt 0.429114 0.267641
vt 0.116642 0.129131
vt 0.428034 0.276409
vt 0.122733 0.122733
vt 0.426524 0.285113
vt 0.129132 0.116641
vt 0.424588 0.293732
vt 0.135820 0.110872
vt 0.258831 0.429765
vt 0.422233 0.302246
vt 1.000000 0.500000
vt 1.000000 1.000000
vt 0.833333 1.000000
vt 0.833333 0.500000
vt 0.666667 1.000000
vt 0.666667 0.500000
vt 0.500000 1.000000
vt 0.500000 0.500000
vt 0.333333 1.000000
vt 0.333333 0.500000
vt 0.500000 1.000000
vt 0.333333 1.000000
vt 0.166667 1.000000
vt 0.166667 0.500000
vt -0.000000 1.000000
vt -0.000000 0.500000
vt 0.750000 0.490000
vt 0.957846 0.370000
vt 0.957846 0.130000
vt 0.750000 0.010000
vt 0.542154 0.130000
vt 0.542154 0.370000
vt 0.527676 1.000000
vt 0.639004 1.000000
vt 0.628952 1.000000
vt 0.537730 1.000000
vt 0.666667 1.000000
vt 0.166667 1.000000
vt 0.833333 1.000000
vt 0.860996 1.000000
vt 0.972324 1.000000
vt 0.962270 1.000000
vt 0.871048 1.000000
vt -0.000000 1.000000
vt 0.166667 1.000000
vt -0.000000 1.000000
vt 0.360996 1.000000
vt 0.472324 1.000000
vt 0.462270 1.000000
vt 0.371048 1.000000
vt 0.027676 1.000000
vt 0.139004 1.000000
vt 0.128952 1.000000
vt 0.037730 1.000000
vt 0.154514 1.000000
vt 0.333333 1.000000
vt 0.215553 1.000000
vt 0.284447 1.000000
vt 0.278270 1.000000
vt 0.221730 1.000000
vt -0.000000 1.000000
vt 0.275957 1.000000
vt 0.724042 1.000000
vt 0.997201 1.000000
vt 1.000000 1.000000
vt 0.833333 1.000000
vt 0.224042 1.000000
vt 0.497201 1.000000
vt 0.500000 1.000000
vt 0.500000 1.000000
vt 0.775958 1.000000
vt 0.666667 1.000000
vt -0.000000 1.000000
vt 1.000000 1.000000
vt 0.778270 1.000000
vt 0.833333 1.000000
vt 0.784447 1.000000
vt 0.028813 1.000000
vt 0.022188 1.000000
vt -0.000000 1.000000
vt -0.000000 1.000000
vt 0.721730 1.000000
vt 0.666667 1.000000
vt 0.715553 1.000000
vt 0.500000 1.000000
vt 0.333333 1.000000
vt 0.166667 1.000000
vt -0.000000 1.000000
vt 1.000000 1.000000
vt 0.500000 0.500000
vt 0.520833 0.500000
vt 0.520833 0.583333
vt 0.500000 0.583333
vt 0.520833 0.666667
vt 0.500000 0.666667
vt 0.520833 0.750000
vt 0.500000 0.750000
vt 0.520833 0.833333
vt 0.500000 0.833333
vt 0.520833 0.916667
vt 0.500000 0.916667
vt 0.520833 1.000000
vt 0.500000 1.000000
vt 0.500000 0.000000
vt 0.520833 0.000000
vt 0.520833 0.083333
vt 0.500000 0.083333
vt 0.520833 0.166667
vt 0.500000 0.166667
vt 0.520833 0.250000
vt 0.500000 0.250000
vt 0.520833 0.333333
vt 0.500000 0.333333
vt 0.520833 0.416667
vt 0.500000 0.416667
vt 0.541667 0.500000
vt 0.541667 0.583333
vt 0.541667 0.666667
vt 0.541667 0.750000
vt 0.541667 0.833333
vt 0.541667 0.916667
vt 0.541667 1.000000
vt 0.541667 0.000000
vt 0.541667 0.083333
vt 0.541667 0.166667
vt 0.541667 0.250000
vt 0.541667 0.333333
vt 0.541667 0.416667
vt 0.562500 0.500000
vt 0.562500 0.583333
vt 0.562500 0.666667
vt 0.562500 0.750000
vt 0.562500 0.833333
vt 0.562500 0.916667
vt 0.562500 1.000000
vt 0.562500 0.000000
vt 0.562500 0.083333
vt 0.562500 0.166667
vt 0.562500 0.250000
vt 0.562500 0.333333
vt 0.562500 0.416667
vt 0.583333 0.500000
vt 0.583333 0.583333
vt 0.583333 0.666667
vt 0.583333 0.750000
vt 0.583333 0.833333
vt 0.583333 0.916667
vt 0.583333 1.000000
vt 0.583333 0.000000
vt 0.583333 0.083333
vt 0.583333 0.166667
vt 0.583333 0.250000
vt 0.583333 0.333333
vt 0.583333 0.416667
vt 0.604167 0.500000
vt 0.604167 0.583333
vt 0.604167 0.666667
vt 0.604167 0.750000
vt 0.604167 0.833333
vt 0.604167 0.916667
vt 0.604167 1.000000
vt 0.604167 0.000000
vt 0.604167 0.083333
vt 0.604167 0.166667
vt 0.604167 0.250000
vt 0.604167 0.333333
vt 0.604167 0.416667
vt 0.625000 0.500000
vt 0.625000 0.583333
vt 0.625000 0.666667
vt 0.625000 0.750000
vt 0.625000 0.833333
vt 0.625000 0.916667
vt 0.625000 1.000000
vt 0.625000 0.000000
vt 0.625000 0.083333
vt 0.625000 0.166667
vt 0.625000 0.250000
vt 0.625000 0.333333
vt 0.625000 0.416667
vt 0.645833 0.500000
vt 0.645833 0.583333
vt 0.645833 0.666667
vt 0.645833 0.750000
vt 0.645833 0.833333
vt 0.645833 0.916667
vt 0.645833 1.000000
vt 0.645833 0.000000
vt 0.645833 0.083333
vt 0.645833 0.166667
vt 0.645833 0.250000
vt 0.645833 0.333333
vt 0.645833 0.416667
vt 0.666667 0.500000
vt 0.666667 0.583333
vt 0.666667 0.666667
vt 0.666667 0.750000
vt 0.666667 0.833333
vt 0.666667 0.916667
vt 0.666667 1.000000
vt 0.666667 0.000000
vt 0.666667 0.083333
vt 0.666667 0.166667
vt 0.666667 0.250000
vt 0.666667 0.333333
vt 0.666667 0.416667
vt 0.687500 0.500000
vt 0.687500 0.583333
vt 0.687500 0.666667
vt 0.687500 0.750000
vt 0.687500 0.833333
vt 0.687500 0.916667
vt 0.687500 1.000000
vt 0.687500 0.000000
vt 0.687500 0.083333
vt 0.687500 0.166667
vt 0.687500 0.250000
vt 0.687500 0.333333
vt 0.687500 0.416667
vt 0.708333 0.500000
vt 0.708333 0.583333
vt 0.708333 0.666667
vt 0.708333 0.750000
vt 0.708333 0.833333
vt 0.708333 0.916667
vt 0.708333 1.000000
vt 0.708333 0.000000
vt 0.708333 0.083333
vt 0.708333 0.166667
vt 0.708333 0.250000
vt 0.708333 0.333333
vt 0.708333 0.416667
vt 0.729167 0.500000
vt 0.729167 0.583333
vt 0.729167 0.666667
vt 0.729167 0.750000
vt 0.729167 0.833333
vt 0.729167 0.916667
vt 0.729167 1.000000
vt 0.729167 0.000000
vt 0.729167 0.083333
vt 0.729167 0.166667
vt 0.729167 0.250000
vt 0.729167 0.333333
vt 0.729167 0.416667
vt 0.750000 0.500000
vt 0.750000 0.583333
vt 0.750000 0.666667
vt 0.750000 0.750000
vt 0.750000 0.833333
vt 0.750000 0.916667
vt 0.750000 1.000000
vt 0.750000 0.000000
vt 0.750000 0.083333
vt 0.750000 0.166667
vt 0.750000 0.250000
vt 0.750000 0.333333
vt 0.750000 0.416667
vt 0.770833 0.500000
vt 0.770833 0.583333
vt 0.770833 0.666667
vt 0.770833 0.750000
vt 0.770833 0.833333
vt 0.770833 0.916667
vt 0.770833 1.000000
vt 0.770833 0.000000
vt 0.770833 0.083333
vt 0.770833 0.166667
vt 0.770833 0.250000
vt 0.770833 0.333333
vt 0.770833 0.416667
vt 0.791667 0.500000
vt 0.791667 0.583333
vt 0.791667 0.666667
vt 0.791667 0.750000
vt 0.791667 0.833333
vt 0.791667 0.916667
vt 0.791667 1.000000
vt 0.791667 0.000000
vt 0.791667 0.083333
vt 0.791667 0.166667
vt 0.791667 0.250000
vt 0.791667 0.333333
vt 0.791667 0.416667
vt 0.812500 0.500000
vt 0.812500 0.583333
vt 0.812500 0.666667
vt 0.812500 0.750000
vt 0.812500 0.833333
vt 0.812500 0.916667
vt 0.812500 1.000000
vt 0.812500 0.000000
vt 0.812500 0.083333
vt 0.812500 0.166667
vt 0.812500 0.250000
vt 0.812500 0.333333
vt 0.812500 0.416667
vt 0.833333 0.500000
vt 0.833333 0.583333
vt 0.833333 0.666667
vt 0.833333 0.750000
vt 0.833333 0.833333
vt 0.833333 0.916667
vt 0.833333 1.000000
vt 0.833333 0.000000
vt 0.833333 0.083333
vt 0.833333 0.166667
vt 0.833333 0.250000
vt 0.833333 0.333333
vt 0.833333 0.416667
vt 0.854167 0.500000
vt 0.854167 0.583333
vt 0.854167 0.666667
vt 0.854167 0.750000
vt 0.854167 0.833333
vt 0.854167 0.916667
vt 0.854167 1.000000
vt 0.854167 0.000000
vt 0.854167 0.083333
vt 0.854167 0.166667
vt 0.854167 0.250000
vt 0.854167 0.333333
vt 0.854167 0.416667
vt 0.875000 0.500000
vt 0.875000 0.583333
vt 0.875000 0.666667
vt 0.875000 0.750000
vt 0.875000 0.833333
vt 0.875000 0.916667
vt 0.875000 1.000000
vt 0.875000 0.000000
vt 0.875000 0.083333
vt 0.875000 0.166667
vt 0.875000 0.250000
vt 0.875000 0.333333
vt 0.875000 0.416667
vt 0.895833 0.500000
vt 0.895833 0.583333
vt 0.895833 0.666667
vt 0.895833 0.750000
vt 0.895833 0.833333
vt 0.895833 0.916667
vt 0.895833 1.000000
vt 0.895833 0.000000
vt 0.895833 0.083333
vt 0.895833 0.166667
vt 0.895833 0.250000
vt 0.895833 0.333333
vt 0.895833 0.416667
vt 0.916667 0.500000
vt 0.916667 0.583333
vt 0.916667 0.666667
vt 0.916667 0.750000
vt 0.916667 0.833333
vt 0.916667 0.916667
vt 0.916667 1.000000
vt 0.916667 0.000000
vt 0.916667 0.083333
vt 0.916667 0.166667
vt 0.916667 0.250000
vt 0.916667 0.333333
vt 0.916667 0.416667
vt 0.937500 0.500000
vt 0.937500 0.583333
vt 0.937500 0.666667
vt 0.937500 0.750000
vt 0.937500 0.833333
vt 0.937500 0.916667
vt 0.937500 1.000000
vt 0.937500 0.000000
vt 0.937500 0.083333
vt 0.937500 0.166667
vt 0.937500 0.250000
vt 0.937500 0.333333
vt 0.937500 0.416667
vt 0.958333 0.500000
vt 0.958333 0.583333
vt 0.958333 0.666667
vt 0.958333 0.750000
vt 0.958333 0.833333
vt 0.958333 0.916667
vt 0.958333 1.000000
vt 0.958333 0.000000
vt 0.958333 0.083333
vt 0.958333 0.166667
vt 0.958333 0.250000
vt 0.958333 0.333333
vt 0.958333 0.416667
vt 0.979167 0.500000
vt 0.979167 0.583333
vt 0.979167 0.666667
vt 0.979167 0.750000
vt 0.979167 0.833333
vt 0.979167 0.916667
vt 0.979167 1.000000
vt 0.979167 0.000000
vt 0.979167 0.083333
vt 0.979167 0.166667
vt 0.979167 0.250000
vt 0.979167 0.333333
vt 0.979167 0.416667
vt 1.000000 0.500000
vt 1.000000 0.583333
vt 1.000000 0.666667
vt 1.000000 0.750000
vt 1.000000 0.833333
vt 1.000000 0.916667
vt 1.000000 1.000000
vt 1.000000 0.000000
vt 1.000000 0.083333
vt 1.000000 0.166667
vt 1.000000 0.250000
vt 1.000000 0.333333
vt 1.000000 0.416667
vt 0.000000 0.500000
vt 0.020833 0.500000
vt 0.020833 0.583333
vt 0.000000 0.583333
vt 0.020833 0.666667
vt 0.000000 0.666667
vt 0.020833 0.750000
vt 0.000000 0.750000
vt 0.020833 0.833333
vt 0.000000 0.833333
vt 0.020833 0.916667
vt 0.000000 0.916667
vt 0.020833 1.000000
vt 0.000000 1.000000
vt 0.000000 0.000000
vt 0.020833 0.000000
vt 0.020833 0.083333
vt 0.000000 0.083333
vt 0.020833 0.166667
vt 0.000000 0.166667
vt 0.020833 0.250000
vt 0.000000 0.250000
vt 0.020833 0.333333
vt 0.000000 0.333333
vt 0.020833 0.416667
vt 0.000000 0.416667
vt 0.041667 0.500000
vt 0.041667 0.583333
vt 0.041667 0.666667
vt 0.041667 0.750000
vt 0.041667 0.833333
vt 0.041667 0.916667
vt 0.041667 1.000000
vt 0.041667 0.000000
vt 0.041667 0.083333
vt 0.041667 0.166667
vt 0.041667 0.250000
vt 0.041667 0.333333
vt 0.041667 0.416667
vt 0.062500 0.500000
vt 0.062500 0.583333
vt 0.062500 0.666667
vt 0.062500 0.750000
vt 0.062500 0.833333
vt 0.062500 0.916667
vt 0.062500 1.000000
vt 0.062500 0.000000
vt 0.062500 0.083333
vt 0.062500 0.166667
vt 0.062500 0.250000
vt 0.062500 0.333333
vt 0.062500 0.416667
vt 0.083333 0.500000
vt 0.083333 0.583333
vt 0.083333 0.666667
vt 0.083333 0.750000
vt 0.083333 0.833333
vt 0.083333 0.916667
vt 0.083333 1.000000
vt 0.083333 0.000000
vt 0.083333 0.083333
vt 0.083333 0.166667
vt 0.083333 0.250000
vt 0.083333 0.333333
vt 0.083333 0.416667
vt 0.104167 0.500000
vt 0.104167 0.583333
vt 0.104167 0.666667
vt 0.104167 0.750000
vt 0.104167 0.833333
vt 0.104167 0.916667
vt 0.104167 1.000000
vt 0.104167 0.000000
vt 0.104167 0.083333
vt 0.104167 0.166667
vt 0.104167 0.250000
vt 0.104167 0.333333
vt 0.104167 0.416667
vt 0.125000 0.500000
vt 0.125000 0.583333
vt 0.125000 0.666667
vt 0.125000 0.750000
vt 0.125000 0.833333
vt 0.125000 0.916667
vt 0.125000 1.000000
vt 0.125000 0.000000
vt 0.125000 0.083333
vt 0.125000 0.166667
vt 0.125000 0.250000
vt 0.125000 0.333333
vt 0.125000 0.416667
vt 0.145833 0.500000
vt 0.145833 0.583333
vt 0.145833 0.666667
vt 0.145833 0.750000
vt 0.145833 0.833333
vt 0.145833 0.916667
vt 0.145833 1.000000
vt 0.145833 0.000000
vt 0.145833 0.083333
vt 0.145833 0.166667
vt 0.145833 0.250000
vt 0.145833 0.333333
vt 0.145833 0.416667
vt 0.166667 0.500000
vt 0.166667 0.583333
vt 0.166667 0.666667
vt 0.166667 0.750000
vt 0.166667 0.833333
vt 0.166667 0.916667
vt 0.166667 1.000000
vt 0.166667 0.000000
vt 0.166667 0.083333
vt 0.166667 0.166667
vt 0.166667 0.250000
vt 0.166667 0.333333
vt 0.166667 0.416667
vt 0.187500 0.500000
vt 0.187500 0.583333
vt 0.187500 0.666667
vt 0.187500 0.750000
vt 0.187500 0.833333
vt 0.187500 0.916667
vt 0.187500 1.000000
vt 0.187500 0.000000
vt 0.187500 0.083333
vt 0.187500 0.166667
vt 0.187500 0.250000
vt 0.187500 0.333333
vt 0.187500 0.416667
vt 0.208333 0.500000
vt 0.208333 0.583333
vt 0.208333 0.666667
vt 0.208333 0.750000
vt 0.208333 0.833333
vt 0.208333 0.916667
vt 0.208333 1.000000
vt 0.208333 0.000000
vt 0.208333 0.083333
vt 0.208333 0.166667
vt 0.208333 0.250000
vt 0.208333 0.333333
vt 0.208333 0.416667
vt 0.229167 0.500000
vt 0.229167 0.583333
vt 0.229167 0.666667
vt 0.229167 0.750000
vt 0.229167 0.833333
vt 0.229167 0.916667
vt 0.229167 1.000000
vt 0.229167 0.000000
vt 0.229167 0.083333
vt 0.229167 0.166667
vt 0.229167 0.250000
vt 0.229167 0.333333
vt 0.229167 0.416667
vt 0.250000 0.500000
vt 0.250000 0.583333
vt 0.250000 0.666667
vt 0.250000 0.750000
vt 0.250000 0.833333
vt 0.250000 0.916667
vt 0.250000 1.000000
vt 0.250000 0.000000
vt 0.250000 0.083333
vt 0.250000 0.166667
vt 0.250000 0.250000
vt 0.250000 0.333333
vt 0.250000 0.416667
vt 0.270833 0.500000
vt 0.270833 0.583333
vt 0.270833 0.666667
vt 0.270833 0.750000
vt 0.270833 0.833333
vt 0.270833 0.916667
vt 0.270833 1.000000
vt 0.270833 0.000000
vt 0.270833 0.083333
vt 0.270833 0.166667
vt 0.270833 0.250000
vt 0.270833 0.333333
vt 0.270833 0.416667
vt 0.291667 0.500000
vt 0.291667 0.583333
vt 0.291667 0.666667
vt 0.291667 0.750000
vt 0.291667 0.833333
vt 0.291667 0.916667
vt 0.291667 1.000000
vt 0.291667 0.000000
vt 0.291667 0.083333
vt 0.291667 0.166667
vt 0.291667 0.250000
vt 0.291667 0.333333
vt 0.291667 0.416667
vt 0.312500 0.500000
vt 0.312500 0.583333
vt 0.312500 0.666667
vt 0.312500 0.750000
vt 0.312500 0.833333
vt 0.312500 0.916667
vt 0.312500 1.000000
vt 0.312500 0.000000
vt 0.312500 0.083333
vt 0.312500 0.166667
vt 0.312500 0.250000
vt 0.312500 0.333333
vt 0.312500 0.416667
vt 0.333333 0.500000
vt 0.333333 0.583333
vt 0.333333 0.666667
vt 0.333333 0.750000
vt 0.333333 0.833333
vt 0.333333 0.916667
vt 0.333333 1.000000
vt 0.333333 0.000000
vt 0.333333 0.083333
vt 0.333333 0.166667
vt 0.333333 0.250000
vt 0.333333 0.333333
vt 0.333333 0.416667
vt 0.354167 0.500000
vt 0.354167 0.583333
vt 0.354167 0.666667
vt 0.354167 0.750000
vt 0.354167 0.833333
vt 0.354167 0.916667
vt 0.354167 1.000000
vt 0.354167 0.000000
vt 0.354167 0.083333
vt 0.354167 0.166667
vt 0.354167 0.250000
vt 0.354167 0.333333
vt 0.354167 0.416667
vt 0.375000 0.500000
vt 0.375000 0.583333
vt 0.375000 0.666667
vt 0.375000 0.750000
vt 0.375000 0.833333
vt 0.375000 0.916667
vt 0.375000 1.000000
vt 0.375000 0.000000
vt 0.375000 0.083333
vt 0.375000 0.166667
vt 0.375000 0.250000
vt 0.375000 0.333333
vt 0.375000 0.416667
vt 0.395833 0.500000
vt 0.395833 0.583333
vt 0.395833 0.666667
vt 0.395833 0.750000
vt 0.395833 0.833333
vt 0.395833 0.916667
vt 0.395833 1.000000
vt 0.395833 0.000000
vt 0.395833 0.083333
vt 0.395833 0.166667
vt 0.395833 0.250000
vt 0.395833 0.333333
vt 0.395833 0.416667
vt 0.416667 0.500000
vt 0.416667 0.583333
vt 0.416667 0.666667
vt 0.416667 0.750000
vt 0.416667 0.833333
vt 0.416667 0.916667
vt 0.416667 1.000000
vt 0.416667 0.000000
vt 0.416667 0.083333
vt 0.416667 0.166667
vt 0.416667 0.250000
vt 0.416667 0.333333
vt 0.416667 0.416667
vt 0.437500 0.500000
vt 0.437500 0.583333
vt 0.437500 0.666667
vt 0.437500 0.750000
vt 0.437500 0.833333
vt 0.437500 0.916667
vt 0.437500 1.000000
vt 0.437500 0.000000
vt 0.437500 0.083333
vt 0.437500 0.166667
vt 0.437500 0.250000
vt 0.437500 0.333333
vt 0.437500 0.416667
vt 0.458333 0.500000
vt 0.458333 0.583333
vt 0.458333 0.666667
vt 0.458333 0.750000
vt 0.458333 0.833333
vt 0.458333 0.916667
vt 0.458333 1.000000
vt 0.458333 0.000000
vt 0.458333 0.083333
vt 0.458333 0.166667
vt 0.458333 0.250000
vt 0.458333 0.333333
vt 0.458333 0.416667
vt 0.479167 0.500000
vt 0.479167 0.583333
vt 0.479167 0.666667
vt 0.479167 0.750000
vt 0.479167 0.833333
vt 0.479167 0.916667
vt 0.479167 1.000000
vt 0.479167 0.000000
vt 0.479167 0.083333
vt 0.479167 0.166667
vt 0.479167 0.250000
vt 0.479167 0.333333
vt 0.479167 0.416667
vt 0.818181 0.000000
vt 0.772726 0.078731
vt 0.863635 0.078731
vt 0.727272 0.157461
vt 0.681818 0.078731
vt 0.636363 0.157461
vt 0.090909 0.000000
vt 0.045454 0.078731
vt 0.136363 0.078731
vt 0.272727 0.000000
vt 0.227273 0.078731
vt 0.318182 0.078731
vt 0.454545 0.000000
vt 0.409090 0.078731
vt 0.500000 0.078731
vt 0.681818 0.236191
vt 0.909090 0.157461
vt 0.818181 0.157461
vt 0.863635 0.236191
vt 0.181818 0.157461
vt 0.090909 0.157461
vt 0.136363 0.236191
vt 0.363636 0.157461
vt 0.272727 0.157461
vt 0.318182 0.236191
vt 0.545454 0.157461
vt 0.454545 0.157461
vt 0.500000 0.236191
vt 0.772726 0.236191
vt 0.954545 0.236191
vt 0.227273 0.236191
vt 0.409090 0.236191
vt 0.590909 0.236191
vt 0.818181 0.314921
vt 0.727272 0.314921
vt 0.772726 0.393651
vt 1.000000 0.314921
vt 0.909091 0.314921
vt 0.954545 0.393651
vt 0.272727 0.314921
vt 0.181818 0.314921
vt 0.227273 0.393651
vt 0.454545 0.314921
vt 0.363636 0.314921
vt 0.409090 0.393651
vt 0.636363 0.314921
vt 0.545454 0.314921
vt 0.590909 0.393651
vt 0.500000 0.393651
vt 0.545454 0.472382
vt 0.318182 0.393651
vt 0.363636 0.472382
vt 0.136363 0.393651
vt 0.181818 0.472382
vt 0.090909 0.314921
vt 0.863635 0.393651
vt 0.909090 0.472382
vt 0.681818 0.393651
vt 0.727272 0.472382
vt 0.045454 0.236191
vt 0.000000 0.157461
vt 0.590909 0.078731
vt 0.636363 0.000000
vt -0.000000 0.500000
vt -0.000000 1.000000
vt -0.000000 1.000000
vt -0.000000 0.500000
vt 0.833333 0.500000
vt 0.833333 1.000000
vt 0.666667 1.000000
vt 0.666667 0.500000
vt 0.500000 1.000000
vt 0.500000 0.500000
vt 0.250000 0.010000
vt 0.042154 0.130000
vt 0.042154 0.130000
vt 0.250000 0.010000
vt 0.457846 0.370000
vt 0.250000 0.490000
vt 0.042154 0.370000
vt 0.457846 0.130000
vt 0.333333 0.500000
vt 0.333333 1.000000
vt 0.166667 1.000000
vt 0.166667 0.500000
vt 0.750000 0.490000
vt 0.957846 0.370000
vt 0.957846 0.130000
vt 0.750000 0.010000
vt 0.542154 0.130000
vt 0.542154 0.370000
vt -0.000000 1.000000
vt -0.000000 0.500000
vt 0.750000 0.490000
vt 0.957846 0.370000
vt 0.833333 0.500000
vt 0.833333 1.000000
vt 0.457846 0.370000
vt 0.250000 0.490000
vt 0.333333 1.000000
vt 0.333333 0.500000
vt 0.333333 0.500000
vt 0.333333 1.000000
vt 0.500000 1.000000
vt 0.500000 0.500000
vt 0.750000 0.010000
vt 0.542154 0.130000
vt 0.333333 0.500000
vt 0.333333 1.000000
vt 0.750000 0.010000
vt 0.542154 0.130000
vt 0.042154 0.130000
vt 0.250000 0.010000
vt 0.042154 0.130000
vt 0.500000 1.000000
vt 0.500000 0.500000
vt -0.000000 1.000000
vt -0.000000 0.500000
vt 0.750000 0.490000
vt 0.957846 0.370000
vt 0.833333 0.500000
vt 0.833333 1.000000
vt 0.833333 1.000000
vt -0.000000 1.000000
vt 0.957846 0.370000
vt 0.833333 0.500000
vt 0.833333 1.000000
vt 0.250000 0.490000
vt 0.457846 0.370000
vt 0.457846 0.370000
vt 0.250000 0.490000
vt 0.333333 1.000000
vt 0.542154 0.130000
vt 0.042154 0.130000
vt 0.250000 0.010000
vt 0.500000 1.000000
vt 0.500000 0.500000
vt 0.833333 1.000000
vt 0.250000 0.490000
vt 0.250000 0.010000
vt 0.500000 1.000000
vt 0.833333 0.500000
vt -0.000000 1.000000
vt -0.000000 1.000000
vt -0.000000 1.000000
vt 0.500000 0.500000
vt 0.500000 0.500000
vt 0.500000 0.500000
vt 0.333333 1.000000
vt 0.333333 1.000000
vt -0.000000 1.000000
vt 0.833333 1.000000
vt 0.833333 1.000000
vt 0.833333 1.000000
vt -0.000000 0.500000
vt 0.833333 0.500000
vt 0.833333 0.500000
vt 0.833333 0.500000
vt 0.833333 1.000000
vt -0.000000 1.000000
vt -0.000000 0.500000
vt -0.000000 0.500000
vt 0.833333 0.500000
vt -0.000000 0.500000
vt -0.000000 0.500000
vt -0.000000 1.000000
vt 0.833333 1.000000
vt 0.833333 0.500000
vt 0.500000 0.500000
vt 0.500000 0.500000
vt 0.500000 1.000000
vt 0.500000 1.000000
vt 0.500000 1.000000
vt 0.333333 1.000000
vt 0.333333 0.500000
vt 0.333333 0.500000
vt 0.333333 0.500000
vt 0.333333 1.000000
vt 0.333333 1.000000
vt 0.333333 1.000000
vt 0.500000 0.500000
vt 0.250000 0.010000
vt 0.250000 0.010000
vt 0.250000 0.010000
vt 0.500000 1.000000
vt 0.333333 0.500000
vt 0.042154 0.130000
vt 0.042154 0.130000
vt 0.042154 0.130000
vt 0.542154 0.130000
vt 0.542154 0.130000
vt 0.542154 0.130000
vt 0.542154 0.130000
vt 0.457846 0.370000
vt 0.833333 1.000000
vt 0.500000 1.000000
vt -0.000000 0.500000
vt 0.250000 0.490000
vt -0.000000 1.000000
vt 0.250000 0.010000
vt 0.333333 1.000000
vt 0.500000 1.000000
vt 0.333333 0.500000
vt 0.250000 0.338527
vt 0.254344 0.338420
vt 0.258677 0.338098
vt 0.245657 0.338419
vt 0.241323 0.338099
vt 0.237012 0.337567
vt 0.232731 0.336826
vt 0.228488 0.335873
vt 0.224303 0.334714
vt 0.220177 0.333350
vt 0.216122 0.331787
vt 0.212150 0.330027
vt 0.208269 0.328073
vt 0.204487 0.325931
vt 0.200818 0.323607
vt 0.197265 0.321104
vt 0.193840 0.318433
vt 0.190549 0.315594
vt 0.187403 0.312598
vt 0.184406 0.309450
vt 0.181569 0.306162
vt 0.178895 0.302736
vt 0.176394 0.299183
vt 0.174068 0.295511
vt 0.171929 0.291731
vt 0.169974 0.287850
vt 0.165286 0.275698
vt 0.164127 0.271510
vt 0.163174 0.267270
vt 0.162432 0.262989
vt 0.161901 0.258677
vt 0.161579 0.254343
vt 0.161473 0.249999
vt 0.161580 0.245655
vt 0.161901 0.241323
vt 0.162432 0.237010
vt 0.163176 0.232730
vt 0.164128 0.228490
vt 0.165286 0.224302
vt 0.166648 0.220176
vt 0.168212 0.216122
vt 0.169973 0.212150
vt 0.171926 0.208268
vt 0.174070 0.204489
vt 0.176393 0.200817
vt 0.178896 0.197265
vt 0.181569 0.193840
vt 0.184406 0.190549
vt 0.187403 0.187403
vt 0.190550 0.184407
vt 0.193840 0.181568
vt 0.197266 0.178896
vt 0.200818 0.176393
vt 0.204488 0.174069
vt 0.208269 0.171928
vt 0.212151 0.169973
vt 0.216123 0.168213
vt 0.220177 0.166648
vt 0.224303 0.165286
vt 0.228489 0.164127
vt 0.232729 0.163175
vt 0.237010 0.162433
vt 0.241323 0.161902
vt 0.245656 0.161581
vt 0.250001 0.161475
vt 0.254344 0.161579
vt 0.258677 0.161901
vt 0.262989 0.162432
vt 0.267270 0.163176
vt 0.271510 0.164128
vt 0.275698 0.165286
vt 0.279824 0.166650
vt 0.283877 0.168212
vt 0.287850 0.169974
vt 0.291730 0.171928
vt 0.295511 0.174068
vt 0.299182 0.176393
vt 0.302735 0.178896
vt 0.306161 0.181568
vt 0.309450 0.184407
vt 0.312597 0.187402
vt 0.315593 0.190549
vt 0.318431 0.193840
vt 0.321104 0.197265
vt 0.323607 0.200817
vt 0.325931 0.204489
vt 0.328072 0.208269
vt 0.330026 0.212150
vt 0.331787 0.216122
vt 0.333351 0.220177
vt 0.334714 0.224303
vt 0.335874 0.228490
vt 0.336824 0.232730
vt 0.337567 0.237010
vt 0.338099 0.241323
vt 0.338419 0.245655
vt 0.338526 0.250001
vt 0.338419 0.254344
vt 0.338098 0.258677
vt 0.337569 0.262990
vt 0.336825 0.267270
vt 0.335873 0.271509
vt 0.334715 0.275697
vt 0.333351 0.279824
vt 0.331786 0.283877
vt 0.330026 0.287849
vt 0.328071 0.291730
vt 0.325931 0.295510
vt 0.323608 0.299183
vt 0.321105 0.302735
vt 0.318433 0.306159
vt 0.315593 0.309450
vt 0.312597 0.312597
vt 0.309451 0.315593
vt 0.306160 0.318432
vt 0.302735 0.321105
vt 0.299183 0.323607
vt 0.295511 0.325931
vt 0.291731 0.328073
vt 0.287850 0.330026
vt 0.283879 0.331788
vt 0.279825 0.333351
vt 0.275698 0.334715
vt 0.271511 0.335873
vt 0.267271 0.336826
vt 0.262989 0.337568
vt 0.254344 0.338420
vt 0.250000 0.338527
vt 0.245657 0.338419
vt 0.241323 0.338099
vt 0.237012 0.337567
vt 0.232731 0.336826
vt 0.228488 0.335873
vt 0.224303 0.334714
vt 0.220177 0.333350
vt 0.216122 0.331787
vt 0.212150 0.330027
vt 0.208269 0.328073
vt 0.204487 0.325931
vt 0.200818 0.323607
vt 0.197265 0.321104
vt 0.193840 0.318433
vt 0.190549 0.315594
vt 0.187403 0.312598
vt 0.184406 0.309450
vt 0.181569 0.306162
vt 0.178895 0.302736
vt 0.176394 0.299183
vt 0.174068 0.295511
vt 0.171929 0.291731
vt 0.169974 0.287850
vt 0.165286 0.275698
vt 0.164127 0.271510
vt 0.163174 0.267270
vt 0.162432 0.262989
vt 0.161901 0.258677
vt 0.161579 0.254343
vt 0.161473 0.249999
vt 0.161580 0.245655
vt 0.161901 0.241323
vt 0.162432 0.237010
vt 0.163176 0.232730
vt 0.164128 0.228490
vt 0.165286 0.224302
vt 0.166648 0.220176
vt 0.168212 0.216122
vt 0.169973 0.212150
vt 0.171926 0.208268
vt 0.174070 0.204489
vt 0.176393 0.200817
vt 0.178896 0.197265
vt 0.181569 0.193840
vt 0.184406 0.190549
vt 0.187403 0.187403
vt 0.190550 0.184407
vt 0.193840 0.181568
vt 0.197266 0.178896
vt 0.200818 0.176393
vt 0.204488 0.174069
vt 0.208269 0.171928
vt 0.212151 0.169973
vt 0.216123 0.168213
vt 0.220177 0.166648
vt 0.224303 0.165286
vt 0.228489 0.164127
vt 0.232729 0.163175
vt 0.237010 0.162433
vt 0.241323 0.161902
vt 0.245656 0.161581
vt 0.250001 0.161475
vt 0.254344 0.161579
vt 0.258677 0.161901
vt 0.262989 0.162432
vt 0.267270 0.163176
vt 0.271510 0.164128
vt 0.275698 0.165286
vt 0.279824 0.166650
vt 0.283877 0.168212
vt 0.287850 0.169974
vt 0.291730 0.171928
vt 0.295511 0.174068
vt 0.299182 0.176393
vt 0.302735 0.178896
vt 0.306161 0.181568
vt 0.309450 0.184407
vt 0.312597 0.187402
vt 0.315593 0.190549
vt 0.318431 0.193840
vt 0.321104 0.197265
vt 0.323607 0.200817
vt 0.325931 0.204489
vt 0.328072 0.208269
vt 0.330026 0.212150
vt 0.331787 0.216122
vt 0.333351 0.220177
vt 0.334714 0.224303
vt 0.335874 0.228490
vt 0.336824 0.232730
vt 0.337567 0.237010
vt 0.338099 0.241323
vt 0.338419 0.245655
vt 0.338526 0.250001
vt 0.338419 0.254344
vt 0.338098 0.258677
vt 0.337569 0.262990
vt 0.336825 0.267270
vt 0.335873 0.271509
vt 0.334715 0.275697
vt 0.333351 0.279824
vt 0.331786 0.283877
vt 0.330026 0.287849
vt 0.328071 0.291730
vt 0.325931 0.295510
vt 0.323608 0.299183
vt 0.321105 0.302735
vt 0.318433 0.306159
vt 0.315593 0.309450
vt 0.312597 0.312597
vt 0.309451 0.315593
vt 0.306160 0.318432
vt 0.302735 0.321105
vt 0.299183 0.323607
vt 0.295511 0.325931
vt 0.291731 0.328073
vt 0.287850 0.330026
vt 0.283879 0.331788
vt 0.279825 0.333351
vt 0.275698 0.334715
vt 0.271511 0.335873
vt 0.267271 0.336826
vt 0.262989 0.337568
vt 0.258677 0.338098
vt 0.079973 1.000000
vt 0.482029 1.000000
vt 0.017970 1.000000
vt 0.202087 1.000000
vt 0.495445 1.000000
vt 0.500000 1.000000
vt 0.445386 1.000000
vt 0.579973 1.000000
vt 0.982029 1.000000
vt 0.517971 1.000000
vt 0.500000 1.000000
vt 0.797913 1.000000
vt 0.554614 1.000000
vt 0.496855 1.000000
vt 0.702087 1.000000
vt 0.995445 1.000000
vt 1.000000 1.000000
vt 0.945386 1.000000
vt -0.000000 1.000000
vt 0.297913 1.000000
vt 0.054614 1.000000
vt -0.003145 1.000000
vt 0.500000 1.000000
vt 0.473346 1.000000
vt 0.654514 1.000000
vt 0.526654 1.000000
vt 0.496056 1.000000
vt 1.000000 1.000000
vt 0.973346 1.000000
vt 0.026654 1.000000
vt -0.003944 1.000000
vt 0.999292 1.000000
vt 0.920027 1.000000
vt 0.500708 1.000000
vt 0.345486 1.000000
vt 0.845486 1.000000
vt 0.420027 1.000000
vt 0.000708 1.000000
vt 0.499292 1.000000
vt 0.818181 0.000000
vt 0.772726 0.078731
vt 0.863635 0.078731
vt 0.727272 0.157461
vt 0.681818 0.078731
vt 0.636363 0.157461
vt 0.090909 0.000000
vt 0.045454 0.078731
vt 0.136363 0.078731
vt 0.272727 0.000000
vt 0.227273 0.078731
vt 0.318182 0.078731
vt 0.454545 0.000000
vt 0.409090 0.078731
vt 0.500000 0.078731
vt 0.681818 0.236191
vt 0.909090 0.157461
vt 0.818181 0.157461
vt 0.863635 0.236191
vt 0.181818 0.157461
vt 0.090909 0.157461
vt 0.136363 0.236191
vt 0.363636 0.157461
vt 0.272727 0.157461
vt 0.318182 0.236191
vt 0.545454 0.157461
vt 0.454545 0.157461
vt 0.500000 0.236191
vt 0.772726 0.236191
vt 0.954545 0.236191
vt 0.227273 0.236191
vt 0.409090 0.236191
vt 0.590909 0.236191
vt 0.818181 0.314921
vt 0.727272 0.314921
vt 0.772726 0.393651
vt 1.000000 0.314921
vt 0.909091 0.314921
vt 0.954545 0.393651
vt 0.272727 0.314921
vt 0.181818 0.314921
vt 0.227273 0.393651
vt 0.454545 0.314921
vt 0.363636 0.314921
vt 0.409090 0.393651
vt 0.636363 0.314921
vt 0.545454 0.314921
vt 0.590909 0.393651
vt 0.500000 0.393651
vt 0.545454 0.472382
vt 0.318182 0.393651
vt 0.363636 0.472382
vt 0.136363 0.393651
vt 0.181818 0.472382
vt 0.090909 0.314921
vt 0.863635 0.393651
vt 0.909090 0.472382
vt 0.681818 0.393651
vt 0.727272 0.472382
vt 0.045454 0.236191
vt 0.000000 0.157461
vt 0.590909 0.078731
vt 0.636363 0.000000
vt 0.333333 1.000000
vt 0.666667 1.000000
vt 0.166667 1.000000
vt 0.500000 1.000000
vt 0.833333 1.000000
vn 0.0245 0.0000 -0.9997
vn 0.0736 0.0000 -0.9973
vn 0.1224 0.0000 -0.9925
vn 0.1710 0.0000 -0.9853
vn 0.2191 0.0000 -0.9757
vn 0.2667 0.0000 -0.9638
vn 0.3137 0.0000 -0.9495
vn 0.3599 0.0000 -0.9330
vn 0.4052 0.0000 -0.9142
vn 0.4496 0.0000 -0.8932
vn 0.4929 0.0000 -0.8701
vn 0.5350 0.0000 -0.8449
vn 0.5758 0.0000 -0.8176
vn 0.6152 0.0000 -0.7883
vn 0.6532 0.0000 -0.7572
vn 0.6895 0.0000 -0.7242
vn 0.7242 0.0000 -0.6895
vn 0.7572 0.0000 -0.6532
vn 0.7883 0.0000 -0.6152
vn 0.8176 0.0000 -0.5758
vn 0.8449 0.0000 -0.5350
vn 0.8701 0.0000 -0.4929
vn 0.8932 0.0000 -0.4496
vn 0.9142 0.0000 -0.4052
vn 0.9330 0.0000 -0.3599
vn 0.9495 0.0000 -0.3137
vn 0.9638 0.0000 -0.2667
vn 0.9757 0.0000 -0.2191
vn 0.9853 0.0000 -0.1710
vn 0.9925 0.0000 -0.1224
vn 0.9973 0.0000 -0.0736
vn 0.9997 0.0000 -0.0245
vn 0.9997 0.0000 0.0245
vn 0.9973 0.0000 0.0736
vn 0.9925 0.0000 0.1224
vn 0.9853 0.0000 0.1710
vn 0.9757 0.0000 0.2191
vn 0.9638 0.0000 0.2667
vn 0.9495 0.0000 0.3137
vn 0.9330 0.0000 0.3599
vn 0.9142 0.0000 0.4052
vn 0.8932 0.0000 0.4496
vn 0.8701 0.0000 0.4929
vn 0.8449 0.0000 0.5350
vn 0.8176 0.0000 0.5758
vn 0.7883 0.0000 0.6152
vn 0.7572 0.0000 0.6532
vn 0.7242 0.0000 0.6895
vn 0.6895 0.0000 0.7242
vn 0.6532 0.0000 0.7572
vn 0.6152 0.0000 0.7883
vn 0.5758 0.0000 0.8176
vn 0.5350 0.0000 0.8449
vn 0.4929 0.0000 0.8701
vn 0.4496 0.0000 0.8932
vn 0.4052 0.0000 0.9142
vn 0.3599 0.0000 0.9330
vn 0.3137 0.0000 0.9495
vn 0.2667 0.0000 0.9638
vn 0.2191 0.0000 0.9757
vn 0.1710 0.0000 0.9853
vn 0.1224 0.0000 0.9925
vn 0.0736 0.0000 0.9973
vn 0.0245 0.0000 0.9997
vn -0.0245 0.0000 0.9997
vn -0.0736 0.0000 0.9973
vn -0.1224 0.0000 0.9925
vn -0.1710 0.0000 0.9853
vn -0.2191 0.0000 0.9757
vn -0.2667 0.0000 0.9638
vn -0.3137 0.0000 0.9495
vn -0.3599 0.0000 0.9330
vn -0.4052 0.0000 0.9142
vn -0.4496 0.0000 0.8932
vn -0.4929 0.0000 0.8701
vn -0.5350 0.0000 0.8449
vn -0.5758 0.0000 0.8176
vn -0.6152 0.0000 0.7883
vn -0.6532 0.0000 0.7572
vn -0.6895 0.0000 0.7242
vn -0.7242 0.0000 0.6895
vn -0.7572 0.0000 0.6532
vn -0.7883 0.0000 0.6152
vn -0.8176 0.0000 0.5758
vn -0.8449 0.0000 0.5350
vn -0.8701 0.0000 0.4929
vn -0.8932 0.0000 0.4496
vn -0.9142 0.0000 0.4052
vn -0.9330 0.0000 0.3599
vn -0.9495 0.0000 0.3137
vn -0.9638 0.0000 0.2667
vn -0.9757 0.0000 0.2191
vn -0.9853 0.0000 0.1710
vn -0.9925 0.0000 0.1224
vn -0.9973 0.0000 0.0736
vn -0.9997 0.0000 0.0245
vn -0.9997 0.0000 -0.0245
vn -0.9973 0.0000 -0.0736
vn -0.9925 0.0000 -0.1224
vn -0.9853 0.0000 -0.1710
vn -0.9757 0.0000 -0.2191
vn -0.9638 0.0000 -0.2667
vn -0.9495 0.0000 -0.3137
vn -0.9330 0.0000 -0.3599
vn -0.9142 0.0000 -0.4052
vn -0.8932 0.0000 -0.4496
vn -0.8701 0.0000 -0.4929
vn -0.8449 0.0000 -0.5350
vn -0.8176 0.0000 -0.5758
vn -0.7883 0.0000 -0.6152
vn -0.7572 0.0000 -0.6532
vn -0.7242 0.0000 -0.6895
vn -0.6895 0.0000 -0.7242
vn -0.6532 0.0000 -0.7572
vn -0.6152 0.0000 -0.7883
vn -0.5758 0.0000 -0.8176
vn -0.5350 0.0000 -0.8449
vn -0.4929 0.0000 -0.8701
vn -0.4496 0.0000 -0.8932
vn -0.4052 0.0000 -0.9142
vn -0.3599 0.0000 -0.9330
vn -0.3137 0.0000 -0.9495
vn -0.2667 0.0000 -0.9638
vn -0.2191 0.0000 -0.9757
vn -0.1710 0.0000 -0.9853
vn -0.1224 0.0000 -0.9925
vn -0.6895 0.0000 0.7243
vn -0.0736 0.0000 -0.9973
vn -0.0245 0.0000 -0.9997
vn 0.0000 -1.0000 0.0000
vn 0.0000 1.0000 0.0000
vn -0.6895 -0.0000 -0.7243
vn -0.8448 -0.0000 0.5350
vn 0.1507 0.4721 -0.8686
vn -0.7670 0.4721 -0.4345
vn 0.3573 0.4721 0.8059
vn 0.1931 0.4721 -0.8601
vn -0.7448 0.4721 -0.4716
vn 0.3173 0.4721 0.8225
vn 0.2351 0.4721 -0.8496
vn -0.7208 0.4721 -0.5076
vn 0.2765 0.4721 0.8371
vn 0.2765 0.4721 -0.8371
vn -0.6950 0.4721 -0.5424
vn 0.2351 0.4721 0.8496
vn 0.3173 0.4721 -0.8225
vn -0.6675 0.4721 -0.5758
vn 0.1932 0.4721 0.8601
vn 0.3572 0.4721 -0.8059
vn -0.6385 0.4721 -0.6079
vn 0.1507 0.4721 0.8686
vn 0.3964 0.4721 -0.7874
vn -0.6079 0.4721 -0.6385
vn 0.1079 0.4721 0.8749
vn 0.4345 0.4721 -0.7670
vn -0.5758 0.4721 -0.6675
vn 0.0649 0.4721 0.8792
vn 0.4716 0.4721 -0.7448
vn -0.5424 0.4721 -0.6950
vn 0.0216 0.4721 0.8813
vn 0.5076 0.4721 -0.7208
vn -0.5076 0.4721 -0.7208
vn -0.0216 0.4721 0.8813
vn 0.5424 0.4721 -0.6950
vn -0.4716 0.4721 -0.7448
vn -0.0649 0.4721 0.8792
vn 0.5758 0.4721 -0.6675
vn -0.4345 0.4721 -0.7670
vn -0.1079 0.4721 0.8749
vn 0.6079 0.4721 -0.6385
vn -0.3964 0.4721 -0.7874
vn -0.1507 0.4721 0.8686
vn 0.6385 0.4721 -0.6079
vn -0.3572 0.4721 -0.8059
vn -0.1932 0.4721 0.8601
vn 0.6675 0.4721 -0.5758
vn -0.3173 0.4721 -0.8225
vn -0.2351 0.4721 0.8496
vn 0.6950 0.4721 -0.5424
vn -0.2765 0.4721 -0.8371
vn -0.2765 0.4721 0.8371
vn 0.7208 0.4721 -0.5076
vn -0.2351 0.4721 -0.8496
vn -0.3173 0.4721 0.8225
vn 0.7448 0.4721 -0.4716
vn -0.1932 0.4721 -0.8601
vn -0.3572 0.4721 0.8059
vn 0.7670 0.4721 -0.4345
vn -0.1507 0.4721 -0.8686
vn -0.3964 0.4721 0.7874
vn 0.7874 0.4721 -0.3964
vn -0.1079 0.4721 -0.8749
vn -0.4345 0.4721 0.7670
vn 0.8059 0.4721 -0.3572
vn -0.0648 0.4721 -0.8792
vn -0.4716 0.4721 0.7448
vn 0.8225 0.4721 -0.3173
vn -0.5076 0.4721 0.7208
vn 0.8371 0.4721 -0.2765
vn -0.5424 0.4721 0.6950
vn 0.8496 0.4721 -0.2351
vn -0.5758 0.4721 0.6675
vn 0.8601 0.4721 -0.1932
vn -0.6079 0.4721 0.6385
vn 0.8686 0.4721 -0.1507
vn -0.6385 0.4721 0.6079
vn 0.8749 0.4721 -0.1079
vn -0.6675 0.4721 0.5758
vn 0.8792 0.4721 -0.0648
vn -0.6950 0.4721 0.5424
vn 0.8813 0.4721 -0.0216
vn -0.7207 0.4721 0.5076
vn 0.8813 0.4721 0.0216
vn -0.7448 0.4721 0.4716
vn 0.8792 0.4721 0.0649
vn -0.7670 0.4721 0.4345
vn 0.8749 0.4721 0.1079
vn -0.7874 0.4721 0.3964
vn 0.8686 0.4721 0.1507
vn -0.8059 0.4721 0.3572
vn 0.8601 0.4721 0.1931
vn -0.8225 0.4721 0.3173
vn 0.8496 0.4721 0.2351
vn -0.8371 0.4721 0.2765
vn 0.8371 0.4721 0.2765
vn -0.8496 0.4721 0.2351
vn 0.8225 0.4721 0.3173
vn -0.8601 0.4721 0.1932
vn 0.8059 0.4721 0.3572
vn -0.8686 0.4721 0.1507
vn 0.7874 0.4721 0.3964
vn -0.8749 0.4721 0.1079
vn 0.7670 0.4721 0.4345
vn -0.8792 0.4721 0.0649
vn 0.7448 0.4721 0.4716
vn -0.8813 0.4721 0.0216
vn 0.7208 0.4721 0.5076
vn -0.8813 0.4721 -0.0216
vn 0.6950 0.4721 0.5424
vn -0.8792 0.4721 -0.0649
vn 0.6675 0.4721 0.5758
vn -0.8749 0.4721 -0.1079
vn 0.6385 0.4721 0.6079
vn -0.8686 0.4721 -0.1507
vn 0.6079 0.4721 0.6385
vn -0.8601 0.4721 -0.1932
vn 0.5758 0.4721 0.6675
vn -0.8496 0.4721 -0.2351
vn 0.5424 0.4721 0.6950
vn 0.0216 0.4721 -0.8813
vn -0.8371 0.4721 -0.2765
vn 0.5076 0.4721 0.7208
vn -0.0216 0.4721 -0.8813
vn -0.8225 0.4721 -0.3173
vn 0.4716 0.4721 0.7448
vn 0.0649 0.4721 -0.8792
vn -0.8059 0.4721 -0.3572
vn 0.4345 0.4721 0.7670
vn 0.1079 0.4721 -0.8749
vn -0.7874 0.4721 -0.3964
vn 0.3964 0.4721 0.7874
vn -0.5226 -0.5998 0.6059
vn 0.0196 -0.5998 -0.7999
vn 0.7711 -0.5998 -0.2134
vn -0.4923 -0.5998 0.6308
vn 0.0589 -0.5998 -0.7979
vn 0.7597 -0.5998 -0.2510
vn -0.4607 -0.5998 0.6542
vn -0.0196 -0.5998 -0.7999
vn 0.7465 -0.5998 -0.2880
vn -0.4281 -0.5998 0.6760
vn -0.0589 -0.5998 -0.7979
vn 0.7315 -0.5998 -0.3242
vn -0.3944 -0.5998 0.6962
vn -0.0979 -0.5998 -0.7941
vn 0.7147 -0.5998 -0.3597
vn -0.3597 -0.5998 0.7147
vn -0.1368 -0.5998 -0.7883
vn 0.6962 -0.5998 -0.3944
vn -0.3242 -0.5998 0.7315
vn -0.1753 -0.5998 -0.7807
vn 0.6760 -0.5998 -0.4281
vn -0.2880 -0.5998 0.7465
vn -0.2134 -0.5998 -0.7711
vn 0.6542 -0.5998 -0.4607
vn -0.2510 -0.5998 0.7597
vn -0.2510 -0.5998 -0.7597
vn 0.6308 -0.5998 -0.4923
vn -0.2134 -0.5998 0.7711
vn -0.2880 -0.5998 -0.7465
vn 0.6059 -0.5998 -0.5226
vn -0.1753 -0.5998 0.7807
vn -0.3242 -0.5998 -0.7315
vn 0.5795 -0.5998 -0.5517
vn -0.1368 -0.5998 0.7883
vn -0.3597 -0.5998 -0.7147
vn 0.5517 -0.5998 -0.5795
vn -0.0979 -0.5998 0.7941
vn -0.3944 -0.5998 -0.6962
vn 0.5226 -0.5998 -0.6059
vn -0.0589 -0.5998 0.7979
vn -0.4281 -0.5998 -0.6760
vn 0.4923 -0.5998 -0.6308
vn -0.0196 -0.5998 0.7999
vn -0.4607 -0.5998 -0.6542
vn 0.4607 -0.5998 -0.6542
vn 0.0196 -0.5998 0.7999
vn -0.4923 -0.5998 -0.6308
vn 0.4281 -0.5998 -0.6760
vn 0.0589 -0.5998 0.7979
vn -0.5226 -0.5998 -0.6059
vn 0.3944 -0.5998 -0.6962
vn 0.0979 -0.5998 0.7941
vn -0.5517 -0.5998 -0.5795
vn 0.3597 -0.5998 -0.7147
vn 0.1368 -0.5998 0.7883
vn -0.5795 -0.5998 -0.5517
vn 0.3242 -0.5998 -0.7315
vn 0.1753 -0.5998 0.7807
vn -0.6059 -0.5998 -0.5226
vn 0.2880 -0.5998 -0.7465
vn 0.2134 -0.5998 0.7711
vn -0.6308 -0.5998 -0.4923
vn 0.2510 -0.5998 -0.7597
vn 0.2510 -0.5998 0.7597
vn -0.6542 -0.5998 -0.4607
vn 0.2134 -0.5998 -0.7711
vn 0.2880 -0.5998 0.7465
vn -0.6760 -0.5998 -0.4281
vn 0.1753 -0.5998 -0.7807
vn 0.3242 -0.5998 0.7315
vn -0.6962 -0.5998 -0.3944
vn 0.1368 -0.5998 -0.7883
vn 0.3597 -0.5998 0.7147
vn -0.7147 -0.5998 -0.3597
vn 0.0979 -0.5998 -0.7941
vn 0.3944 -0.5998 0.6962
vn -0.7315 -0.5998 -0.3242
vn 0.4281 -0.5998 0.6760
vn -0.7465 -0.5998 -0.2880
vn 0.4607 -0.5998 0.6542
vn -0.7597 -0.5998 -0.2510
vn 0.4923 -0.5998 0.6308
vn -0.7711 -0.5998 -0.2134
vn 0.5226 -0.5998 0.6059
vn -0.7807 -0.5998 -0.1753
vn 0.5517 -0.5998 0.5795
vn -0.7883 -0.5998 -0.1368
vn 0.5795 -0.5998 0.5517
vn -0.7941 -0.5998 -0.0979
vn 0.6059 -0.5998 0.5226
vn -0.7979 -0.5998 -0.0589
vn 0.6308 -0.5998 0.4923
vn -0.7999 -0.5998 -0.0196
vn 0.6542 -0.5998 0.4607
vn -0.7999 -0.5998 0.0196
vn 0.6760 -0.5998 0.4281
vn -0.7979 -0.5998 0.0589
vn 0.6962 -0.5998 0.3944
vn -0.7941 -0.5998 0.0979
vn 0.7147 -0.5998 0.3597
vn -0.7883 -0.5998 0.1368
vn 0.7315 -0.5998 0.3242
vn -0.7807 -0.5998 0.1753
vn 0.7465 -0.5998 0.2880
vn -0.7711 -0.5998 0.2134
vn 0.7597 -0.5998 0.2510
vn -0.7597 -0.5998 0.2510
vn 0.7711 -0.5998 0.2134
vn -0.7465 -0.5998 0.2880
vn 0.7807 -0.5998 0.1753
vn -0.7315 -0.5998 0.3242
vn 0.7883 -0.5998 0.1368
vn -0.7147 -0.5998 0.3597
vn 0.7941 -0.5998 0.0979
vn -0.6962 -0.5998 0.3944
vn 0.7979 -0.5998 0.0589
vn -0.6760 -0.5998 0.4281
vn 0.7999 -0.5998 0.0196
vn -0.6542 -0.5998 0.4607
vn 0.7999 -0.5998 -0.0196
vn -0.6308 -0.5998 0.4923
vn 0.7979 -0.5998 -0.0589
vn -0.6059 -0.5998 0.5226
vn 0.7941 -0.5998 -0.0979
vn -0.5795 -0.5998 0.5517
vn 0.7883 -0.5998 -0.1368
vn -0.5517 -0.5998 0.5795
vn 0.7807 -0.5998 -0.1753
vn -0.5276 0.4007 0.7491
vn -0.0225 0.4007 -0.9159
vn 0.8548 0.4007 -0.3297
vn -0.4902 0.4007 0.7741
vn -0.0674 0.4007 -0.9137
vn 0.8376 0.4007 -0.3713
vn -0.4516 0.4007 0.7972
vn -0.1122 0.4007 -0.9093
vn 0.8184 0.4007 -0.4119
vn -0.4119 0.4007 0.8184
vn -0.1566 0.4007 -0.9027
vn 0.7972 0.4007 -0.4516
vn -0.3713 0.4007 0.8376
vn -0.2007 0.4007 -0.8940
vn 0.7741 0.4007 -0.4902
vn -0.3297 0.4007 0.8548
vn -0.2444 0.4007 -0.8830
vn 0.7491 0.4007 -0.5276
vn -0.2874 0.4007 0.8700
vn -0.2874 0.4007 -0.8700
vn 0.7223 0.4007 -0.5637
vn -0.2444 0.4007 0.8830
vn -0.3297 0.4007 -0.8548
vn 0.6938 0.4007 -0.5984
vn -0.2007 0.4007 0.8940
vn -0.3713 0.4007 -0.8376
vn 0.6636 0.4007 -0.6318
vn -0.1566 0.4007 0.9027
vn -0.4119 0.4007 -0.8184
vn 0.6318 0.4007 -0.6636
vn -0.1122 0.4007 0.9093
vn -0.4516 0.4007 -0.7972
vn 0.5984 0.4007 -0.6938
vn -0.0674 0.4007 0.9137
vn -0.4902 0.4007 -0.7741
vn 0.5637 0.4007 -0.7223
vn -0.0225 0.4007 0.9159
vn -0.5276 0.4007 -0.7491
vn 0.5276 0.4007 -0.7491
vn 0.0225 0.4007 0.9159
vn -0.5637 0.4007 -0.7223
vn 0.4902 0.4007 -0.7741
vn 0.0674 0.4007 0.9137
vn -0.5984 0.4007 -0.6938
vn 0.4516 0.4007 -0.7972
vn 0.1122 0.4007 0.9093
vn -0.6318 0.4007 -0.6636
vn 0.4119 0.4007 -0.8184
vn 0.1566 0.4007 0.9027
vn -0.6636 0.4007 -0.6318
vn 0.3713 0.4007 -0.8376
vn 0.2007 0.4007 0.8940
vn -0.6938 0.4007 -0.5984
vn 0.3297 0.4007 -0.8548
vn 0.2444 0.4007 0.8830
vn -0.7223 0.4007 -0.5637
vn 0.2874 0.4007 -0.8700
vn 0.2874 0.4007 0.8700
vn -0.7491 0.4007 -0.5276
vn 0.2444 0.4007 -0.8830
vn 0.3297 0.4007 0.8548
vn -0.7741 0.4007 -0.4902
vn 0.2007 0.4007 -0.8940
vn 0.3713 0.4007 0.8376
vn -0.7972 0.4007 -0.4516
vn 0.4119 0.4007 0.8184
vn -0.8184 0.4007 -0.4119
vn 0.1566 0.4007 -0.9027
vn 0.4516 0.4007 0.7972
vn -0.8376 0.4007 -0.3713
vn 0.1122 0.4007 -0.9093
vn 0.4902 0.4007 0.7741
vn -0.8548 0.4007 -0.3297
vn 0.5276 0.4007 0.7491
vn -0.8700 0.4007 -0.2874
vn 0.5637 0.4007 0.7223
vn -0.8830 0.4007 -0.2444
vn 0.5984 0.4007 0.6938
vn -0.8940 0.4007 -0.2007
vn 0.6318 0.4007 0.6636
vn -0.9027 0.4007 -0.1566
vn 0.6636 0.4007 0.6318
vn -0.9093 0.4007 -0.1122
vn 0.6938 0.4007 0.5984
vn -0.9137 0.4007 -0.0674
vn 0.7223 0.4007 0.5637
vn -0.9159 0.4007 -0.0225
vn 0.7491 0.4007 0.5276
vn -0.9159 0.4007 0.0225
vn 0.7741 0.4007 0.4902
vn -0.9137 0.4007 0.0674
vn 0.7972 0.4007 0.4516
vn -0.9093 0.4007 0.1122
vn 0.8184 0.4007 0.4119
vn -0.9027 0.4007 0.1566
vn 0.8376 0.4007 0.3713
vn -0.8940 0.4007 0.2007
vn 0.8548 0.4007 0.3297
vn -0.8830 0.4007 0.2444
vn 0.8700 0.4007 0.2874
vn -0.8700 0.4007 0.2874
vn 0.8830 0.4007 0.2444
vn -0.8548 0.4007 0.3297
vn 0.8940 0.4007 0.2007
vn -0.8376 0.4007 0.3713
vn 0.9027 0.4007 0.1566
vn -0.8184 0.4007 0.4119
vn 0.9093 0.4007 0.1122
vn -0.7972 0.4007 0.4516
vn 0.9137 0.4007 0.0674
vn -0.7741 0.4007 0.4902
vn 0.9159 0.4007 0.0225
vn -0.7491 0.4007 0.5276
vn 0.9159 0.4007 -0.0225
vn -0.7223 0.4007 0.5637
vn 0.9137 0.4007 -0.0674
vn -0.6938 0.4007 0.5985
vn 0.9093 0.4007 -0.1122
vn -0.6636 0.4007 0.6318
vn 0.9027 0.4007 -0.1566
vn -0.6318 0.4007 0.6636
vn 0.8940 0.4007 -0.2007
vn -0.5984 0.4007 0.6938
vn 0.0225 0.4007 -0.9159
vn 0.8830 0.4007 -0.2444
vn -0.5637 0.4007 0.7223
vn 0.0674 0.4007 -0.9137
vn 0.8700 0.4007 -0.2874
vn 0.8782 -0.2396 -0.4141
vn 0.9751 -0.2217 0.0000
vn 0.8782 -0.2396 0.4141
vn -0.8782 -0.2396 0.4141
vn -0.9227 0.1055 0.3709
vn -0.9751 -0.2217 0.0000
vn -0.8782 -0.2396 -0.4141
vn 0.8925 -0.1568 0.4229
vn 0.9227 0.1055 0.3709
vn -0.9931 0.1176 0.0000
vn 0.9931 0.1176 0.0000
vn 0.8925 -0.1568 -0.4229
vn -0.9529 0.0831 -0.2917
vn -0.8925 -0.1568 0.4229
vn -0.8925 -0.1568 -0.4229
vn -0.9995 0.0315 0.0000
vn -0.9901 -0.1403 -0.0000
vn -0.9463 0.0017 -0.3234
vn 0.9529 0.0074 -0.3033
vn -0.9529 0.0074 0.3033
vn 0.9463 0.0017 0.3234
vn -0.9227 0.1055 -0.3709
vn 0.9227 0.1055 -0.3709
vn 0.9822 -0.0042 -0.1877
vn 0.9504 0.2597 -0.1715
vn 0.0000 0.7465 -0.6654
vn 0.0000 0.3165 -0.9486
vn 0.9822 -0.0042 0.1877
vn 0.9503 0.2597 0.1715
vn 0.0000 0.3165 0.9486
vn -0.0000 0.7465 0.6654
vn -0.9822 -0.0042 0.1877
vn -0.9504 0.2597 0.1715
vn -0.9822 -0.0042 -0.1877
vn -0.9503 0.2597 -0.1715
vn 0.9735 -0.1360 -0.1837
vn 0.9339 0.0773 -0.3490
vn 0.0000 -0.2839 -0.9589
vn 0.8408 0.1822 -0.5098
vn 0.9735 -0.1360 0.1837
vn 0.9961 0.0884 0.0000
vn 1.0000 0.0099 0.0000
vn -0.0000 -0.2839 0.9589
vn 0.9339 0.0773 0.3490
vn 0.8408 0.1822 0.5098
vn -0.9735 -0.1360 0.1837
vn -0.9339 0.0773 0.3490
vn -0.8408 0.1822 0.5098
vn -0.9735 -0.1360 -0.1837
vn -0.9961 0.0884 -0.0000
vn -1.0000 0.0099 0.0000
vn -0.9339 0.0773 -0.3490
vn -0.8408 0.1822 -0.5098
vn 0.9901 -0.1403 0.0000
vn 0.9640 0.2583 -0.0632
vn 0.7063 0.7064 -0.0463
vn 0.2588 0.9658 -0.0170
vn -0.2588 0.9658 0.0170
vn -0.7063 0.7063 0.0463
vn -0.9640 0.2583 0.0632
vn -0.9640 -0.2583 0.0632
vn -0.7063 -0.7063 0.0463
vn -0.2588 -0.9658 0.0170
vn 0.2588 -0.9658 -0.0170
vn 0.7063 -0.7064 -0.0463
vn 0.9640 -0.2583 -0.0632
vn 0.9475 0.2583 -0.1885
vn 0.6943 0.7064 -0.1381
vn 0.2544 0.9658 -0.0506
vn -0.2544 0.9658 0.0506
vn -0.6943 0.7064 0.1381
vn -0.9475 0.2583 0.1885
vn -0.9475 -0.2583 0.1885
vn -0.6943 -0.7064 0.1381
vn -0.2544 -0.9658 0.0506
vn 0.2544 -0.9658 -0.0506
vn 0.6943 -0.7063 -0.1381
vn 0.9475 -0.2583 -0.1885
vn 0.9148 0.2583 -0.3105
vn 0.6703 0.7064 -0.2275
vn 0.2456 0.9658 -0.0834
vn -0.2456 0.9658 0.0834
vn -0.6703 0.7064 0.2275
vn -0.9148 0.2583 0.3105
vn -0.9148 -0.2583 0.3105
vn -0.6703 -0.7063 0.2275
vn -0.2456 -0.9658 0.0834
vn 0.2456 -0.9658 -0.0834
vn 0.6703 -0.7064 -0.2275
vn 0.9148 -0.2583 -0.3105
vn 0.8664 0.2583 -0.4273
vn 0.6349 0.7063 -0.3131
vn 0.2326 0.9658 -0.1147
vn -0.2326 0.9658 0.1147
vn -0.6349 0.7063 0.3131
vn -0.8664 0.2583 0.4273
vn -0.8664 -0.2583 0.4273
vn -0.6349 -0.7064 0.3131
vn -0.2326 -0.9658 0.1147
vn 0.2326 -0.9658 -0.1147
vn 0.6349 -0.7063 -0.3131
vn 0.8664 -0.2583 -0.4273
vn 0.8033 0.2583 -0.5367
vn 0.5886 0.7064 -0.3933
vn 0.2156 0.9658 -0.1441
vn -0.2156 0.9658 0.1441
vn -0.5886 0.7063 0.3933
vn -0.8033 0.2583 0.5367
vn -0.8033 -0.2583 0.5367
vn -0.5886 -0.7063 0.3933
vn -0.2156 -0.9658 0.1441
vn 0.2156 -0.9658 -0.1441
vn 0.5886 -0.7064 -0.3933
vn 0.8033 -0.2583 -0.5367
vn 0.7263 0.2583 -0.6370
vn 0.5322 0.7064 -0.4667
vn 0.1950 0.9658 -0.1710
vn -0.1950 0.9658 0.1710
vn -0.5322 0.7064 0.4667
vn -0.7263 0.2583 0.6370
vn -0.7263 -0.2583 0.6370
vn -0.5322 -0.7063 0.4667
vn -0.1950 -0.9658 0.1710
vn 0.1950 -0.9658 -0.1710
vn 0.5322 -0.7064 -0.4667
vn 0.7263 -0.2583 -0.6370
vn 0.6370 0.2583 -0.7263
vn 0.4667 0.7063 -0.5322
vn 0.1710 0.9658 -0.1950
vn -0.1710 0.9658 0.1950
vn -0.4667 0.7064 0.5322
vn -0.6370 0.2583 0.7263
vn -0.6370 -0.2583 0.7263
vn -0.4667 -0.7064 0.5322
vn -0.1710 -0.9658 0.1950
vn 0.1710 -0.9658 -0.1950
vn 0.4667 -0.7063 -0.5322
vn 0.6370 -0.2583 -0.7263
vn 0.5367 0.2583 -0.8033
vn 0.3933 0.7064 -0.5886
vn 0.1441 0.9658 -0.2156
vn -0.1441 0.9658 0.2156
vn -0.3933 0.7063 0.5886
vn -0.5367 0.2583 0.8033
vn -0.5367 -0.2583 0.8033
vn -0.3933 -0.7064 0.5886
vn -0.1441 -0.9658 0.2156
vn 0.1441 -0.9658 -0.2156
vn 0.3933 -0.7063 -0.5886
vn 0.5367 -0.2583 -0.8033
vn 0.4273 0.2583 -0.8664
vn 0.3131 0.7063 -0.6349
vn 0.1147 0.9658 -0.2326
vn -0.1147 0.9658 0.2326
vn -0.3131 0.7064 0.6349
vn -0.4273 0.2583 0.8664
vn -0.4273 -0.2583 0.8664
vn -0.3131 -0.7064 0.6349
vn -0.1147 -0.9658 0.2326
vn 0.1147 -0.9658 -0.2326
vn 0.3131 -0.7063 -0.6349
vn 0.4273 -0.2583 -0.8664
vn 0.3105 0.2583 -0.9148
vn 0.2275 0.7064 -0.6703
vn 0.0834 0.9658 -0.2456
vn -0.0834 0.9658 0.2456
vn -0.2275 0.7064 0.6703
vn -0.3105 0.2583 0.9148
vn -0.3105 -0.2583 0.9148
vn -0.2275 -0.7064 0.6703
vn -0.0834 -0.9658 0.2456
vn 0.0834 -0.9658 -0.2456
vn 0.2275 -0.7064 -0.6703
vn 0.3105 -0.2583 -0.9148
vn 0.1885 0.2583 -0.9475
vn 0.1381 0.7063 -0.6943
vn 0.0506 0.9658 -0.2544
vn -0.0506 0.9658 0.2544
vn -0.1381 0.7064 0.6943
vn -0.1885 0.2583 0.9475
vn -0.1885 -0.2583 0.9475
vn -0.1381 -0.7064 0.6943
vn -0.0506 -0.9658 0.2544
vn 0.0506 -0.9658 -0.2544
vn 0.1381 -0.7064 -0.6943
vn 0.1885 -0.2583 -0.9475
vn 0.0632 0.2583 -0.9640
vn 0.0463 0.7063 -0.7063
vn 0.0170 0.9658 -0.2588
vn -0.0170 0.9658 0.2588
vn -0.0463 0.7064 0.7063
vn -0.0632 0.2583 0.9640
vn -0.0632 -0.2583 0.9640
vn -0.0463 -0.7063 0.7063
vn -0.0170 -0.9658 0.2588
vn 0.0170 -0.9658 -0.2588
vn 0.0463 -0.7063 -0.7063
vn 0.0632 -0.2583 -0.9640
vn -0.0632 0.2583 -0.9640
vn -0.0463 0.7064 -0.7063
vn -0.0170 0.9658 -0.2588
vn 0.0170 0.9658 0.2588
vn 0.0463 0.7063 0.7064
vn 0.0632 0.2583 0.9640
vn 0.0632 -0.2583 0.9640
vn 0.0463 -0.7063 0.7063
vn 0.0170 -0.9658 0.2588
vn -0.0170 -0.9658 -0.2588
vn -0.0463 -0.7064 -0.7063
vn -0.0632 -0.2583 -0.9640
vn -0.1885 0.2583 -0.9475
vn -0.1381 0.7063 -0.6943
vn -0.0506 0.9658 -0.2544
vn 0.0506 0.9658 0.2544
vn 0.1381 0.7064 0.6943
vn 0.1885 0.2583 0.9475
vn 0.1885 -0.2583 0.9475
vn 0.1381 -0.7063 0.6943
vn 0.0506 -0.9658 0.2544
vn -0.0506 -0.9658 -0.2544
vn -0.1381 -0.7063 -0.6943
vn -0.1885 -0.2583 -0.9475
vn -0.3105 0.2583 -0.9148
vn -0.2275 0.7064 -0.6703
vn -0.0834 0.9658 -0.2456
vn 0.0834 0.9658 0.2456
vn 0.2275 0.7063 0.6703
vn 0.3105 0.2583 0.9148
vn 0.3105 -0.2583 0.9148
vn 0.2275 -0.7064 0.6703
vn 0.0834 -0.9658 0.2456
vn -0.0834 -0.9658 -0.2456
vn -0.2275 -0.7064 -0.6703
vn -0.3105 -0.2583 -0.9148
vn -0.4273 0.2583 -0.8664
vn -0.3131 0.7063 -0.6349
vn -0.1147 0.9658 -0.2326
vn 0.1147 0.9658 0.2326
vn 0.3131 0.7063 0.6349
vn 0.4273 0.2583 0.8664
vn 0.4273 -0.2583 0.8664
vn 0.3131 -0.7064 0.6349
vn 0.1147 -0.9658 0.2326
vn -0.1147 -0.9658 -0.2326
vn -0.3131 -0.7063 -0.6349
vn -0.4273 -0.2583 -0.8664
vn -0.5367 0.2583 -0.8033
vn -0.3933 0.7063 -0.5886
vn -0.1441 0.9658 -0.2156
vn 0.1441 0.9658 0.2156
vn 0.3933 0.7064 0.5886
vn 0.5367 0.2583 0.8033
vn 0.5367 -0.2583 0.8033
vn 0.3933 -0.7064 0.5886
vn 0.1441 -0.9658 0.2156
vn -0.1441 -0.9658 -0.2156
vn -0.3933 -0.7063 -0.5886
vn -0.5367 -0.2583 -0.8033
vn -0.6370 0.2583 -0.7263
vn -0.4667 0.7063 -0.5322
vn -0.1710 0.9658 -0.1950
vn 0.1710 0.9658 0.1950
vn 0.4667 0.7064 0.5322
vn 0.6370 0.2583 0.7263
vn 0.6370 -0.2583 0.7263
vn 0.4667 -0.7063 0.5322
vn 0.1710 -0.9658 0.1950
vn -0.1710 -0.9658 -0.1950
vn -0.4667 -0.7063 -0.5322
vn -0.6370 -0.2583 -0.7263
vn -0.7263 0.2583 -0.6370
vn -0.5322 0.7063 -0.4667
vn -0.1950 0.9658 -0.1710
vn 0.1950 0.9658 0.1710
vn 0.5322 0.7064 0.4667
vn 0.7263 0.2583 0.6370
vn 0.7263 -0.2583 0.6370
vn 0.5322 -0.7063 0.4667
vn 0.1950 -0.9658 0.1710
vn -0.1950 -0.9658 -0.1710
vn -0.5322 -0.7064 -0.4667
vn -0.7263 -0.2583 -0.6370
vn -0.8033 0.2583 -0.5367
vn -0.5886 0.7064 -0.3933
vn -0.2156 0.9658 -0.1441
vn 0.2156 0.9658 0.1441
vn 0.5886 0.7063 0.3933
vn 0.8033 0.2583 0.5367
vn 0.8033 -0.2583 0.5367
vn 0.5886 -0.7063 0.3933
vn 0.2156 -0.9658 0.1441
vn -0.2156 -0.9658 -0.1441
vn -0.5886 -0.7064 -0.3933
vn -0.8033 -0.2583 -0.5367
vn -0.8664 0.2583 -0.4273
vn -0.6349 0.7064 -0.3131
vn -0.2326 0.9658 -0.1147
vn 0.2326 0.9658 0.1147
vn 0.6349 0.7063 0.3131
vn 0.8664 0.2583 0.4273
vn 0.8664 -0.2583 0.4273
vn 0.6349 -0.7064 0.3131
vn 0.2326 -0.9658 0.1147
vn -0.2326 -0.9658 -0.1147
vn -0.6349 -0.7064 -0.3131
vn -0.8664 -0.2583 -0.4273
vn -0.9148 0.2583 -0.3105
vn -0.6703 0.7063 -0.2275
vn -0.2456 0.9658 -0.0834
vn 0.2456 0.9658 0.0834
vn 0.6703 0.7063 0.2275
vn 0.9148 0.2583 0.3105
vn 0.9148 -0.2583 0.3105
vn 0.6703 -0.7064 0.2275
vn 0.2456 -0.9658 0.0834
vn -0.2456 -0.9658 -0.0834
vn -0.6703 -0.7064 -0.2275
vn -0.9148 -0.2583 -0.3105
vn -0.9475 0.2583 -0.1885
vn -0.6943 0.7063 -0.1381
vn -0.2544 0.9658 -0.0506
vn 0.2544 0.9658 0.0506
vn 0.6943 0.7064 0.1381
vn 0.9475 0.2583 0.1885
vn 0.9475 -0.2583 0.1885
vn 0.6943 -0.7064 0.1381
vn 0.2544 -0.9658 0.0506
vn -0.2544 -0.9658 -0.0506
vn -0.6943 -0.7063 -0.1381
vn -0.9475 -0.2583 -0.1885
vn -0.9640 0.2583 -0.0632
vn -0.7063 0.7064 -0.0463
vn -0.2588 0.9658 -0.0170
vn 0.2588 0.9658 0.0170
vn 0.7063 0.7063 0.0463
vn 0.9640 0.2583 0.0632
vn 0.9640 -0.2583 0.0632
vn 0.7063 -0.7064 0.0463
vn 0.2588 -0.9658 0.0170
vn -0.2588 -0.9658 -0.0170
vn -0.7063 -0.7064 -0.0463
vn -0.9640 -0.2583 -0.0632
vn 0.7063 0.7063 -0.0463
vn 0.7063 -0.7063 -0.0463
vn -0.6943 0.7063 0.1381
vn 0.6943 -0.7064 -0.1381
vn 0.6703 0.7063 -0.2275
vn 0.6703 -0.7063 -0.2275
vn -0.6703 -0.7064 0.2275
vn 0.6349 0.7064 -0.3131
vn -0.6349 -0.7063 0.3131
vn -0.5886 0.7064 0.3933
vn 0.5886 0.7063 -0.3933
vn 0.5886 -0.7063 -0.3933
vn -0.5886 -0.7064 0.3933
vn -0.5322 0.7063 0.4667
vn 0.5322 0.7063 -0.4667
vn 0.5322 -0.7063 -0.4667
vn -0.5322 -0.7064 0.4667
vn -0.4667 0.7063 0.5322
vn 0.4667 0.7064 -0.5322
vn 0.4667 -0.7064 -0.5322
vn -0.4667 -0.7063 0.5322
vn 0.3933 0.7063 -0.5886
vn 0.3933 -0.7064 -0.5886
vn -0.3933 -0.7063 0.5886
vn -0.3131 0.7063 0.6349
vn 0.3131 0.7064 -0.6349
vn 0.3131 -0.7064 -0.6349
vn -0.3131 -0.7063 0.6349
vn -0.1381 0.7063 0.6943
vn 0.1381 -0.7063 -0.6943
vn 0.0506 -0.9658 -0.2543
vn -0.1381 -0.7063 0.6943
vn -0.0463 0.7063 0.7063
vn 0.0463 0.7064 -0.7063
vn 0.0463 -0.7064 -0.7063
vn 0.0463 0.7063 0.7063
vn 0.1381 0.7063 0.6943
vn -0.1381 0.7064 -0.6943
vn -0.2275 0.7063 -0.6703
vn 0.2275 -0.7063 0.6703
vn 0.3131 -0.7063 0.6349
vn 0.3933 0.7063 0.5886
vn 0.3933 -0.7063 0.5886
vn -0.4667 -0.7064 -0.5322
vn 0.5322 0.7063 0.4667
vn -0.5322 0.7064 -0.4667
vn -0.5322 -0.7063 -0.4667
vn 0.5886 0.7064 0.3933
vn -0.5886 0.7063 -0.3933
vn -0.5886 -0.7063 -0.3933
vn 0.5886 -0.7064 0.3933
vn 0.6349 0.7064 0.3131
vn -0.6349 0.7063 -0.3131
vn -0.6349 -0.7063 -0.3131
vn 0.6703 0.7064 0.2275
vn -0.6703 0.7064 -0.2275
vn 0.6943 0.7063 0.1381
vn -0.6943 0.7064 -0.1381
vn -0.6943 -0.7064 -0.1381
vn 0.6943 -0.7063 0.1381
vn 0.7063 0.7064 0.0463
vn -0.7063 0.7063 -0.0463
vn -0.7063 -0.7063 -0.0463
vn 0.1024 -0.9435 0.3151
vn 0.7002 -0.6617 0.2680
vn -0.2680 -0.9435 0.1947
vn -0.2680 -0.9435 -0.1947
vn 0.1024 -0.9435 -0.3151
vn 0.9050 -0.3304 0.2680
vn 0.0247 -0.3304 0.9435
vn -0.8897 -0.3304 0.3151
vn -0.5746 -0.3304 -0.7488
vn 0.5346 -0.3304 -0.7779
vn 0.8026 -0.1256 0.5831
vn -0.3066 -0.1256 0.9435
vn -0.9921 -0.1256 0.0000
vn -0.3066 -0.1256 -0.9435
vn 0.8026 -0.1256 -0.5831
vn 0.4089 0.6617 0.6284
vn -0.4713 0.6617 0.5831
vn -0.7002 0.6617 -0.2680
vn 0.0385 0.6617 -0.7488
vn 0.7240 0.6617 -0.1947
vn 0.2680 0.9435 -0.1947
vn 0.4911 0.7947 -0.3568
vn 0.4089 0.6617 -0.6284
vn -0.1024 0.9435 -0.3151
vn -0.1876 0.7947 -0.5773
vn -0.4713 0.6617 -0.5831
vn -0.3313 0.9435 0.0000
vn -0.6071 0.7947 0.0000
vn -0.7002 0.6617 0.2680
vn -0.1024 0.9435 0.3151
vn -0.1876 0.7947 0.5773
vn 0.0385 0.6617 0.7488
vn 0.2680 0.9435 0.1947
vn 0.4911 0.7947 0.3568
vn 0.7240 0.6617 0.1947
vn 0.8897 0.3304 -0.3151
vn 0.7947 0.1876 -0.5773
vn 0.5746 0.3304 -0.7488
vn -0.0247 0.3304 -0.9435
vn -0.3035 0.1876 -0.9342
vn -0.5346 0.3304 -0.7779
vn -0.9050 0.3304 -0.2680
vn -0.9822 0.1876 0.0000
vn -0.9050 0.3304 0.2680
vn -0.5346 0.3304 0.7779
vn -0.3035 0.1876 0.9342
vn -0.0247 0.3304 0.9435
vn 0.5746 0.3304 0.7488
vn 0.7947 0.1876 0.5773
vn 0.8897 0.3304 0.3151
vn 0.3066 0.1256 -0.9435
vn 0.3035 -0.1876 -0.9342
vn 0.0247 -0.3304 -0.9435
vn -0.8026 0.1256 -0.5831
vn -0.7947 -0.1876 -0.5773
vn -0.8897 -0.3304 -0.3151
vn -0.8026 0.1256 0.5831
vn -0.7947 -0.1876 0.5773
vn -0.5746 -0.3304 0.7488
vn 0.3066 0.1256 0.9435
vn 0.3035 -0.1876 0.9342
vn 0.5346 -0.3304 0.7779
vn 0.9921 0.1256 0.0000
vn 0.9822 -0.1876 0.0000
vn 0.9050 -0.3304 -0.2680
vn 0.4713 -0.6617 -0.5831
vn 0.1876 -0.7947 -0.5773
vn -0.0385 -0.6617 -0.7488
vn -0.4089 -0.6617 -0.6284
vn -0.4911 -0.7947 -0.3568
vn -0.7240 -0.6617 -0.1947
vn -0.7240 -0.6617 0.1947
vn -0.4911 -0.7947 0.3568
vn -0.4089 -0.6617 0.6284
vn 0.7002 -0.6617 -0.2680
vn 0.6071 -0.7947 0.0000
vn 0.3313 -0.9435 0.0000
vn -0.0385 -0.6617 0.7488
vn 0.1876 -0.7947 0.5773
vn 0.4713 -0.6617 0.5831
vn -0.9960 -0.0193 0.0871
vn 0.8192 0.0000 -0.5736
vn 0.9063 0.0000 0.4226
vn 0.0353 0.9778 0.2063
vn -0.8192 0.0000 0.5736
vn -0.9063 0.0000 -0.4226
vn -0.9993 0.0157 -0.0336
vn 0.0123 -0.9972 -0.0739
vn 0.9960 0.0193 -0.0871
vn -0.0353 0.9778 -0.2063
vn -0.9777 0.0888 0.1904
vn 0.9960 -0.0193 -0.0871
vn -0.9960 0.0193 0.0871
vn -0.0123 -0.9972 0.0739
vn -0.9713 -0.0904 0.2198
vn 0.0150 -0.8202 0.5719
vn 0.0454 0.9929 0.1102
vn 0.9993 0.0157 0.0336
vn -0.9845 -0.1628 -0.0647
vn -0.0150 -0.8202 -0.5719
vn 0.9777 0.0888 -0.1904
vn 0.7059 0.7075 0.0341
vn -0.9591 -0.0614 -0.2764
vn 0.0309 -0.9967 -0.0756
vn 0.9713 -0.0904 -0.2198
vn 0.0349 0.6616 0.7491
vn -0.9055 0.0075 0.4243
vn -0.0309 -0.9967 0.0756
vn -0.0349 0.6616 -0.7491
vn 0.9845 -0.1628 0.0647
vn 0.9055 0.0075 -0.4243
vn 0.0272 0.7299 0.6830
vn -0.0272 0.7299 -0.6830
vn 0.9591 -0.0614 0.2764
vn -0.9962 -0.0368 0.0790
vn 0.5876 0.7418 -0.3231
vn 0.9386 -0.0953 0.3316
vn -0.5444 0.7694 -0.3342
vn 0.4410 0.8323 0.3360
vn 0.8837 0.3476 -0.3134
vn 0.6071 0.0843 0.7901
vn -0.8129 -0.3902 -0.4324
vn -0.5711 -0.7665 -0.2936
vn -0.6836 0.6953 -0.2221
vn -0.9450 0.2810 -0.1676
vn 0.0768 0.1253 0.9891
vn 0.0708 0.1251 0.9896
vn -0.3577 -0.8509 0.3846
vn 0.8837 0.0158 -0.4679
vn 0.7610 -0.3322 -0.5572
vn 0.4753 -0.8202 0.3185
vn -0.9451 -0.0515 -0.3228
vn -0.4187 -0.8660 -0.2733
vn -0.5094 0.7081 0.4890
vn -0.4801 0.0440 0.8761
vn 0.4330 -0.8347 -0.3403
vn 0.5265 0.7462 0.4074
vn 0.8832 0.1982 -0.4250
vn -0.9512 0.1304 -0.2796
vn -0.5725 -0.7243 0.3843
vn -0.6014 0.7272 0.3308
vn -0.0711 0.1255 -0.9895
vn 0.8264 -0.3710 0.4235
vn 0.4425 0.7996 -0.4061
vn -0.7744 -0.3119 0.5505
vn 0.3615 -0.8564 -0.3686
vn 0.4148 -0.8467 0.3333
vn -0.5642 0.0847 -0.8213
vn 0.5400 0.7293 -0.4202
vn -0.0765 0.1257 -0.9891
vn 0.9386 0.3153 0.1402
vn 0.9512 0.1304 0.2796
vn -0.8832 0.1982 0.4250
vn 0.6977 0.6792 0.2278
vn -0.8791 0.3825 0.2843
vn 0.4326 0.0479 -0.9003
vn -0.4182 -0.8159 0.3993
vn -0.4769 -0.8254 -0.3022
vn -0.8791 -0.0281 0.4757
vn -0.9962 0.0368 0.0790
vn -0.0454 0.9929 -0.1102
vn -0.4425 0.7996 0.4061
vn 0.9725 0.0984 -0.2110
vn 0.7418 0.6539 -0.1489
vn 0.5725 -0.7243 -0.3843
vn -0.9982 0.0255 -0.0548
vn 0.0175 0.8034 0.5952
vn -0.7418 0.6539 0.1489
vn -0.0175 0.8034 -0.5952
vn -0.7059 0.7075 -0.0341
vn -0.4410 0.8323 -0.3360
vn 0.9982 0.0255 0.0548
vn 0.5711 -0.7665 0.2936
vn -0.9725 0.0984 0.2110
vn -0.9969 0.0789 -0.0000
vn -0.8287 -0.0514 0.5573
vn 0.9969 0.0789 0.0000
vn 0.7937 -0.0646 0.6048
vn 0.8287 -0.0514 -0.5573
vn -0.7937 -0.0646 -0.6048
vn -0.5900 -0.0012 0.8074
vn 0.9995 0.0315 0.0000
vn 0.5814 -0.0009 0.8136
vn 0.5900 -0.0012 -0.8074
vn -0.5814 -0.0009 -0.8136
vn 0.9994 0.0356 0.0000
vn -0.8684 0.0409 0.4941
vn 0.8497 0.0484 0.5250
vn 0.8684 0.0409 -0.4941
vn -0.8497 0.0484 -0.5250
vn -0.9989 -0.0478 -0.0000
vn -0.9200 0.0489 0.3888
vn 0.9040 0.0565 0.4239
vn 0.9989 -0.0478 0.0000
vn 0.9200 0.0489 -0.3888
vn -0.9040 0.0565 -0.4239
vn -0.9994 0.0356 -0.0000
vn -0.7947 -0.1876 0.5774
vn 0.1876 -0.7947 -0.5774
vn -0.9529 0.0831 0.2917
vn 0.9980 0.0638 0.0000
vn -0.9980 0.0638 0.0000
vn 0.9529 0.0831 0.2917
vn 0.9529 0.0831 -0.2917
usemtl None
s off
f 1/1/1 2/2/1 4/3/1 3/4/1
f 3/4/2 4/3/2 6/5/2 5/6/2
f 5/6/3 6/5/3 8/7/3 7/8/3
f 7/8/4 8/7/4 10/9/4 9/10/4
f 9/10/5 10/9/5 12/11/5 11/12/5
f 11/12/6 12/11/6 14/13/6 13/14/6
f 13/14/7 14/13/7 16/15/7 15/16/7
f 15/16/8 16/15/8 18/17/8 17/18/8
f 17/18/9 18/17/9 20/19/9 19/20/9
f 19/20/10 20/19/10 22/21/10 21/22/10
f 21/22/11 22/21/11 24/23/11 23/24/11
f 23/24/12 24/23/12 26/25/12 25/26/12
f 25/26/13 26/25/13 28/27/13 27/28/13
f 27/28/14 28/27/14 30/29/14 29/30/14
f 29/30/15 30/29/15 32/31/15 31/32/15
f 31/32/16 32/31/16 34/33/16 33/34/16
f 33/34/17 34/33/17 36/35/17 35/36/17
f 35/36/18 36/35/18 38/37/18 37/38/18
f 37/38/19 38/37/19 40/39/19 39/40/19
f 39/40/20 40/39/20 42/41/20 41/42/20
f 41/42/21 42/41/21 44/43/21 43/44/21
f 43/44/22 44/43/22 46/45/22 45/46/22
f 45/46/23 46/45/23 48/47/23 47/48/23
f 47/48/24 48/47/24 50/49/24 49/50/24
f 49/50/25 50/49/25 52/51/25 51/52/25
f 51/52/26 52/51/26 54/53/26 53/54/26
f 53/54/27 54/53/27 56/55/27 55/56/27
f 55/56/28 56/55/28 58/57/28 57/58/28
f 57/58/29 58/57/29 60/59/29 59/60/29
f 59/60/30 60/59/30 62/61/30 61/62/30
f 61/62/31 62/61/31 64/63/31 63/64/31
f 63/64/32 64/63/32 66/65/32 65/66/32
f 65/66/33 66/65/33 68/67/33 67/68/33
f 67/68/34 68/67/34 70/69/34 69/70/34
f 69/70/35 70/69/35 72/71/35 71/72/35
f 71/72/36 72/71/36 74/73/36 73/74/36
f 73/74/37 74/73/37 76/75/37 75/76/37
f 75/76/38 76/75/38 78/77/38 77/78/38
f 77/78/39 78/77/39 80/79/39 79/80/39
f 79/80/40 80/79/40 82/81/40 81/82/40
f 81/82/41 82/81/41 84/83/41 83/84/41
f 83/84/42 84/83/42 86/85/42 85/86/42
f 85/86/43 86/85/43 88/87/43 87/88/43
f 87/88/44 88/87/44 90/89/44 89/90/44
f 89/90/45 90/89/45 92/91/45 91/92/45
f 91/92/46 92/91/46 94/93/46 93/94/46
f 93/94/47 94/93/47 96/95/47 95/96/47
f 95/96/48 96/95/48 98/97/48 97/98/48
f 97/98/49 98/97/49 100/99/49 99/100/49
f 99/100/50 100/99/50 102/101/50 101/102/50
f 101/102/51 102/101/51 104/103/51 103/104/51
f 103/104/52 104/103/52 106/105/52 105/106/52
f 105/106/53 106/105/53 108/107/53 107/108/53
f 107/108/54 108/107/54 110/109/54 109/110/54
f 109/110/55 110/109/55 112/111/55 111/112/55
f 111/112/56 112/111/56 114/113/56 113/114/56
f 113/114/57 114/113/57 116/115/57 115/116/57
f 115/116/58 116/115/58 118/117/58 117/118/58
f 117/118/59 118/117/59 120/119/59 119/120/59
f 119/120/60 120/119/60 122/121/60 121/122/60
f 121/122/61 122/121/61 124/123/61 123/124/61
f 123/124/62 124/123/62 126/125/62 125/126/62
f 125/126/63 126/125/63 128/127/63 127/128/63
f 127/128/64 128/127/64 130/129/64 129/130/64
f 129/130/65 130/129/65 132/131/65 131/132/65
f 131/132/66 132/131/66 134/133/66 133/134/66
f 133/134/67 134/133/67 136/135/67 135/136/67
f 135/136/68 136/135/68 138/137/68 137/138/68
f 137/138/69 138/137/69 140/139/69 139/140/69
f 139/140/70 140/139/70 142/141/70 141/142/70
f 141/142/71 142/141/71 144/143/71 143/144/71
f 143/144/72 144/143/72 146/145/72 145/146/72
f 145/146/73 146/145/73 148/147/73 147/148/73
f 147/148/74 148/147/74 150/149/74 149/150/74
f 149/150/75 150/149/75 152/151/75 151/152/75
f 151/152/76 152/151/76 154/153/76 153/154/76
f 153/154/77 154/153/77 156/155/77 155/156/77
f 155/156/78 156/155/78 158/157/78 157/158/78
f 157/158/79 158/157/79 160/159/79 159/160/79
f 159/160/80 160/159/80 162/161/80 161/162/80
f 161/162/81 162/161/81 164/163/81 163/164/81
f 163/164/82 164/163/82 166/165/82 165/166/82
f 165/166/83 166/165/83 168/167/83 167/168/83
f 167/168/84 168/167/84 170/169/84 169/170/84
f 169/170/85 170/169/85 172/171/85 171/172/85
f 171/172/86 172/171/86 174/173/86 173/174/86
f 173/174/87 174/173/87 176/175/87 175/176/87
f 175/176/88 176/175/88 178/177/88 177/178/88
f 177/178/89 178/177/89 180/179/89 179/180/89
f 179/180/90 180/179/90 182/181/90 181/182/90
f 181/182/91 182/181/91 184/183/91 183/184/91
f 183/184/92 184/183/92 186/185/92 185/186/92
f 185/186/93 186/185/93 188/187/93 187/188/93
f 187/188/94 188/187/94 190/189/94 189/190/94
f 189/190/95 190/189/95 192/191/95 191/192/95
f 191/192/96 192/191/96 194/193/96 193/194/96
f 193/194/97 194/193/97 196/195/97 195/196/97
f 195/196/98 196/195/98 198/197/98 197/198/98
f 197/198/99 198/197/99 200/199/99 199/200/99
f 199/200/100 200/199/100 202/201/100 201/202/100
f 201/202/101 202/201/101 204/203/101 203/204/101
f 203/204/102 204/203/102 206/205/102 205/206/102
f 205/206/103 206/205/103 208/207/103 207/208/103
f 207/208/104 208/207/104 210/209/104 209/210/104
f 209/210/105 210/209/105 212/211/105 211/212/105
f 211/212/106 212/211/106 214/213/106 213/214/106
f 213/214/107 214/213/107 216/215/107 215/216/107
f 215/216/108 216/215/108 218/217/108 217/218/108
f 217/218/109 218/217/109 220/219/109 219/220/109
f 219/220/110 220/219/110 222/221/110 221/222/110
f 221/222/111 222/221/111 224/223/111 223/224/111
f 223/224/112 224/223/112 226/225/112 225/226/112
f 225/226/113 226/225/113 228/227/113 227/228/113
f 227/228/114 228/227/114 230/229/114 229/230/114
f 229/230/115 230/229/115 232/231/115 231/232/115
f 231/232/116 232/231/116 234/233/116 233/234/116
f 233/234/117 234/233/117 236/235/117 235/236/117
f 235/236/118 236/235/118 238/237/118 237/238/118
f 237/238/119 238/237/119 240/239/119 239/240/119
f 239/240/120 240/239/120 242/241/120 241/242/120
f 241/242/121 242/241/121 244/243/121 243/244/121
f 243/244/122 244/243/122 246/245/122 245/246/122
f 245/246/123 246/245/123 248/247/123 247/248/123
f 247/248/124 248/247/124 250/249/124 249/250/124
f 249/250/125 250/249/125 252/251/125 251/252/125
f 251/252/126 252/251/126 254/253/126 253/254/126
f 3762/255/127 3763/256/127 3892/257/127 3891/258/127
f 253/254/128 254/253/128 256/259/128 255/260/128
f 255/260/129 256/259/129 2/261/129 1/262/129
f 376/263/120 377/264/120 506/265/120 505/266/120
f 1/267/130 3/268/130 258/269/130 257/270/130
f 3/268/130 5/271/130 259/272/130 258/269/130
f 5/271/130 7/273/130 260/274/130 259/272/130
f 7/273/130 9/275/130 261/276/130 260/274/130
f 9/275/130 11/277/130 262/278/130 261/276/130
f 11/277/130 13/279/130 263/280/130 262/278/130
f 13/279/130 15/281/130 264/282/130 263/280/130
f 15/281/130 17/283/130 265/284/130 264/282/130
f 17/283/130 19/285/130 266/286/130 265/284/130
f 19/285/130 21/287/130 267/288/130 266/286/130
f 21/287/130 23/289/130 268/290/130 267/288/130
f 23/289/130 25/291/130 269/292/130 268/290/130
f 25/291/130 27/293/130 270/294/130 269/292/130
f 27/293/130 29/295/130 271/296/130 270/294/130
f 29/295/130 31/297/130 272/298/130 271/296/130
f 31/297/130 33/299/130 273/300/130 272/298/130
f 33/299/130 35/301/130 274/302/130 273/300/130
f 35/301/130 37/303/130 275/304/130 274/302/130
f 37/303/130 39/305/130 276/306/130 275/304/130
f 39/305/130 41/307/130 277/308/130 276/306/130
f 41/307/130 43/309/130 278/310/130 277/308/130
f 43/309/130 45/311/130 279/312/130 278/310/130
f 45/311/130 47/313/130 280/314/130 279/312/130
f 47/313/130 49/315/130 281/316/130 280/314/130
f 49/315/130 51/317/130 282/318/130 281/316/130
f 51/317/130 53/319/130 283/320/130 282/318/130
f 53/319/130 55/321/130 284/322/130 283/320/130
f 55/321/130 57/323/130 285/324/130 284/322/130
f 57/323/130 59/325/130 286/326/130 285/324/130
f 59/325/130 61/327/130 287/328/130 286/326/130
f 61/327/130 63/329/130 288/330/130 287/328/130
f 63/329/130 65/331/130 289/332/130 288/330/130
f 65/331/130 67/333/130 290/334/130 289/332/130
f 67/333/130 69/335/130 291/336/130 290/334/130
f 69/335/130 71/337/130 292/338/130 291/336/130
f 71/337/130 73/339/130 293/340/130 292/338/130
f 73/339/130 75/341/130 294/342/130 293/340/130
f 75/341/130 77/343/130 295/344/130 294/342/130
f 77/343/130 79/345/130 296/346/130 295/344/130
f 79/345/130 81/347/130 297/348/130 296/346/130
f 81/347/130 83/349/130 298/350/130 297/348/130
f 83/349/130 85/351/130 299/352/130 298/350/130
f 85/351/130 87/353/130 300/354/130 299/352/130
f 87/353/130 89/355/130 301/356/130 300/354/130
f 89/355/130 91/357/130 302/358/130 301/356/130
f 91/357/130 93/359/130 303/360/130 302/358/130
f 93/359/130 95/361/130 304/362/130 303/360/130
f 95/361/130 97/363/130 305/364/130 304/362/130
f 97/363/130 99/365/130 306/366/130 305/364/130
f 99/365/130 101/367/130 307/368/130 306/366/130
f 101/367/130 103/369/130 308/370/130 307/368/130
f 103/369/130 105/371/130 309/372/130 308/370/130
f 105/371/130 107/373/130 310/374/130 309/372/130
f 107/373/130 109/375/130 311/376/130 310/374/130
f 109/375/130 111/377/130 312/378/130 311/376/130
f 111/377/130 113/379/130 313/380/130 312/378/130
f 113/379/130 115/381/130 314/382/130 313/380/130
f 115/381/130 117/383/130 315/384/130 314/382/130
f 117/383/130 119/385/130 316/386/130 315/384/130
f 119/385/130 121/387/130 317/388/130 316/386/130
f 121/387/130 123/389/130 318/390/130 317/388/130
f 123/389/130 125/391/130 319/392/130 318/390/130
f 125/391/130 127/393/130 320/394/130 319/392/130
f 127/393/130 129/395/130 321/396/130 320/394/130
f 129/395/130 131/397/130 322/398/130 321/396/130
f 131/397/130 133/399/130 323/400/130 322/398/130
f 133/399/130 135/401/130 324/402/130 323/400/130
f 135/401/130 137/403/130 325/404/130 324/402/130
f 137/403/130 139/405/130 326/406/130 325/404/130
f 139/405/130 141/407/130 327/408/130 326/406/130
f 141/407/130 143/409/130 328/410/130 327/408/130
f 143/409/130 145/411/130 329/412/130 328/410/130
f 145/411/130 147/413/130 330/414/130 329/412/130
f 147/413/130 149/415/130 331/416/130 330/414/130
f 149/415/130 151/417/130 332/418/130 331/416/130
f 151/417/130 153/419/130 333/420/130 332/418/130
f 153/419/130 155/421/130 334/422/130 333/420/130
f 155/421/130 157/423/130 335/424/130 334/422/130
f 157/423/130 159/425/130 336/426/130 335/424/130
f 159/425/130 161/427/130 337/428/130 336/426/130
f 161/427/130 163/429/130 338/430/130 337/428/130
f 163/429/130 165/431/130 339/432/130 338/430/130
f 165/431/130 167/433/130 340/434/130 339/432/130
f 167/433/130 169/435/130 341/436/130 340/434/130
f 169/435/130 171/437/130 342/438/130 341/436/130
f 171/437/130 173/439/130 343/440/130 342/438/130
f 173/439/130 175/441/130 344/442/130 343/440/130
f 175/441/130 177/443/130 345/444/130 344/442/130
f 177/443/130 179/445/130 346/446/130 345/444/130
f 179/445/130 181/447/130 347/448/130 346/446/130
f 181/447/130 183/449/130 348/450/130 347/448/130
f 183/449/130 185/451/130 349/452/130 348/450/130
f 185/451/130 187/453/130 350/454/130 349/452/130
f 187/453/130 189/455/130 351/456/130 350/454/130
f 189/455/130 191/457/130 352/458/130 351/456/130
f 191/457/130 193/459/130 353/460/130 352/458/130
f 193/459/130 195/461/130 354/462/130 353/460/130
f 195/461/130 197/463/130 355/464/130 354/462/130
f 197/463/130 199/465/130 356/466/130 355/464/130
f 199/465/130 201/467/130 357/468/130 356/466/130
f 201/467/130 203/469/130 358/470/130 357/468/130
f 203/469/130 205/471/130 359/472/130 358/470/130
f 205/471/130 207/473/130 360/474/130 359/472/130
f 207/473/130 209/475/130 361/476/130 360/474/130
f 209/475/130 211/477/130 362/478/130 361/476/130
f 211/477/130 213/479/130 363/480/130 362/478/130
f 213/479/130 215/481/130 364/482/130 363/480/130
f 215/481/130 217/483/130 365/484/130 364/482/130
f 217/483/130 219/485/130 366/486/130 365/484/130
f 219/485/130 221/487/130 367/488/130 366/486/130
f 221/487/130 223/489/130 368/490/130 367/488/130
f 223/489/130 225/491/130 369/492/130 368/490/130
f 225/491/130 227/493/130 370/494/130 369/492/130
f 227/493/130 229/495/130 371/496/130 370/494/130
f 229/495/130 231/497/130 372/498/130 371/496/130
f 231/497/130 233/499/130 373/500/130 372/498/130
f 233/499/130 235/501/130 374/502/130 373/500/130
f 235/501/130 237/503/130 375/504/130 374/502/130
f 237/503/130 239/505/130 376/263/130 375/504/130
f 239/505/130 241/506/130 377/264/130 376/263/130
f 241/506/130 243/507/130 378/508/130 377/264/130
f 243/507/130 245/509/130 379/510/130 378/508/130
f 245/509/130 247/511/130 380/512/130 379/510/130
f 247/511/130 249/513/130 381/514/130 380/512/130
f 249/513/130 251/515/130 382/516/130 381/514/130
f 251/515/130 253/517/130 383/518/130 382/516/130
f 253/517/130 255/519/130 384/520/130 383/518/130
f 255/519/130 1/267/130 257/270/130 384/520/130
f 506/265/131 507/521/131 635/522/131 634/523/131
f 325/404/69 326/406/69 455/524/69 454/525/69
f 274/302/18 275/304/18 404/526/18 403/527/18
f 377/264/121 378/508/121 507/521/121 506/265/121
f 326/406/70 327/408/70 456/528/70 455/524/70
f 275/304/19 276/306/19 405/529/19 404/526/19
f 378/508/122 379/510/122 508/530/122 507/521/122
f 327/408/71 328/410/71 457/531/71 456/528/71
f 276/306/20 277/308/20 406/532/20 405/529/20
f 379/510/123 380/512/123 509/533/123 508/530/123
f 328/410/72 329/412/72 458/534/72 457/531/72
f 277/308/21 278/310/21 407/535/21 406/532/21
f 380/512/124 381/514/124 510/536/124 509/533/124
f 329/412/73 330/414/73 459/537/73 458/534/73
f 278/310/22 279/312/22 408/538/22 407/535/22
f 381/514/125 382/516/125 511/539/125 510/536/125
f 330/414/74 331/416/74 460/540/74 459/537/74
f 279/312/23 280/314/23 409/541/23 408/538/23
f 382/516/126 383/518/126 512/542/126 511/539/126
f 331/416/75 332/418/75 461/543/75 460/540/75
f 280/314/24 281/316/24 410/544/24 409/541/24
f 383/518/128 384/520/128 387/545/128 512/542/128
f 332/418/76 333/420/76 462/546/76 461/543/76
f 281/316/25 282/318/25 411/547/25 410/544/25
f 333/420/77 334/422/77 463/548/77 462/546/77
f 282/318/26 283/320/26 412/549/26 411/547/26
f 334/422/78 335/424/78 464/550/78 463/548/78
f 283/320/27 284/322/27 413/551/27 412/549/27
f 335/424/79 336/426/79 465/552/79 464/550/79
f 284/322/28 285/324/28 414/553/28 413/551/28
f 336/426/80 337/428/80 466/554/80 465/552/80
f 285/324/29 286/326/29 415/555/29 414/553/29
f 337/428/81 338/430/81 467/556/81 466/554/81
f 286/326/30 287/328/30 416/557/30 415/555/30
f 338/430/82 339/432/82 468/558/82 467/556/82
f 287/328/31 288/330/31 417/559/31 416/557/31
f 339/432/83 340/434/83 469/560/83 468/558/83
f 288/330/32 289/332/32 418/561/32 417/559/32
f 340/434/84 341/436/84 470/562/84 469/560/84
f 289/332/33 290/334/33 419/563/33 418/561/33
f 341/436/85 342/438/85 471/564/85 470/562/85
f 290/334/34 291/336/34 420/565/34 419/563/34
f 342/438/86 343/440/86 472/566/86 471/564/86
f 291/336/35 292/338/35 421/567/35 420/565/35
f 343/440/87 344/442/87 473/568/87 472/566/87
f 292/338/36 293/340/36 422/569/36 421/567/36
f 344/442/88 345/444/88 474/570/88 473/568/88
f 293/340/37 294/342/37 423/571/37 422/569/37
f 345/444/89 346/446/89 475/572/89 474/570/89
f 294/342/38 295/344/38 424/573/38 423/571/38
f 346/446/90 347/448/90 476/574/90 475/572/90
f 295/344/39 296/346/39 425/575/39 424/573/39
f 347/448/91 348/450/91 477/576/91 476/574/91
f 296/346/40 297/348/40 426/577/40 425/575/40
f 348/450/92 349/452/92 478/578/92 477/576/92
f 297/348/41 298/350/41 427/579/41 426/577/41
f 349/452/93 350/454/93 479/580/93 478/578/93
f 298/350/42 299/352/42 428/581/42 427/579/42
f 350/454/94 351/456/94 480/582/94 479/580/94
f 299/352/43 300/354/43 429/583/43 428/581/43
f 351/456/95 352/458/95 481/584/95 480/582/95
f 300/354/44 301/356/44 430/585/44 429/583/44
f 352/458/96 353/460/96 482/586/96 481/584/96
f 301/356/45 302/358/45 431/587/45 430/585/45
f 353/460/97 354/462/97 483/588/97 482/586/97
f 302/358/46 303/360/46 432/589/46 431/587/46
f 354/462/98 355/464/98 484/590/98 483/588/98
f 303/360/47 304/362/47 433/591/47 432/589/47
f 355/464/99 356/466/99 485/592/99 484/590/99
f 304/362/48 305/364/48 434/593/48 433/591/48
f 356/466/100 357/468/100 486/594/100 485/592/100
f 305/364/49 306/366/49 435/595/49 434/593/49
f 357/468/101 358/470/101 487/596/101 486/594/101
f 306/366/50 307/368/50 436/597/50 435/595/50
f 358/470/102 359/472/102 488/598/102 487/596/102
f 307/368/51 308/370/51 437/599/51 436/597/51
f 257/270/1 258/269/1 386/600/1 385/601/1
f 359/472/103 360/474/103 489/602/103 488/598/103
f 308/370/52 309/372/52 438/603/52 437/599/52
f 384/520/129 257/270/129 385/601/129 387/545/129
f 360/474/104 361/476/104 490/604/104 489/602/104
f 309/372/53 310/374/53 439/605/53 438/603/53
f 258/269/2 259/272/2 388/606/2 386/600/2
f 361/476/105 362/478/105 491/607/105 490/604/105
f 310/374/54 311/376/54 440/608/54 439/605/54
f 259/272/3 260/274/3 389/609/3 388/606/3
f 362/478/106 363/480/106 492/610/106 491/607/106
f 311/376/55 312/378/55 441/611/55 440/608/55
f 260/274/4 261/276/4 390/612/4 389/609/4
f 363/480/107 364/482/107 493/613/107 492/610/107
f 312/378/56 313/380/56 442/614/56 441/611/56
f 261/276/5 262/278/5 391/615/5 390/612/5
f 364/482/108 365/484/108 494/616/108 493/613/108
f 313/380/57 314/382/57 443/617/57 442/614/57
f 262/278/6 263/280/6 392/618/6 391/615/6
f 365/484/109 366/486/109 495/619/109 494/616/109
f 314/382/58 315/384/58 444/620/58 443/617/58
f 263/280/7 264/282/7 393/621/7 392/618/7
f 366/486/110 367/488/110 496/622/110 495/619/110
f 315/384/59 316/386/59 445/623/59 444/620/59
f 264/282/8 265/284/8 394/624/8 393/621/8
f 367/488/111 368/490/111 497/625/111 496/622/111
f 316/386/60 317/388/60 446/626/60 445/623/60
f 265/284/9 266/286/9 395/627/9 394/624/9
f 368/490/112 369/492/112 498/628/112 497/625/112
f 317/388/61 318/390/61 447/629/61 446/626/61
f 266/286/10 267/288/10 396/630/10 395/627/10
f 369/492/113 370/494/113 499/631/113 498/628/113
f 318/390/62 319/392/62 448/632/62 447/629/62
f 267/288/11 268/290/11 397/633/11 396/630/11
f 370/494/114 371/496/114 500/634/114 499/631/114
f 319/392/63 320/394/63 449/635/63 448/632/63
f 268/290/12 269/292/12 398/636/12 397/633/12
f 371/496/115 372/498/115 501/637/115 500/634/115
f 320/394/64 321/396/64 450/638/64 449/635/64
f 269/292/13 270/294/13 399/639/13 398/636/13
f 372/498/116 373/500/116 502/640/116 501/637/116
f 321/396/65 322/398/65 451/641/65 450/638/65
f 270/294/14 271/296/14 400/642/14 399/639/14
f 373/500/117 374/502/117 503/643/117 502/640/117
f 322/398/66 323/400/66 452/644/66 451/641/66
f 271/296/15 272/298/15 401/645/15 400/642/15
f 374/502/118 375/504/118 504/646/118 503/643/118
f 323/400/67 324/402/67 453/647/67 452/644/67
f 272/298/16 273/300/16 402/648/16 401/645/16
f 375/504/119 376/263/119 505/266/119 504/646/119
f 324/402/68 325/404/68 454/525/68 453/647/68
f 273/300/17 274/302/17 403/527/17 402/648/17
f 565/649/52 566/650/52 694/651/52 693/652/52
f 455/524/131 456/528/131 584/653/131 583/654/131
f 404/526/131 405/529/131 533/655/131 532/656/131
f 507/521/131 508/530/131 636/657/131 635/522/131
f 456/528/131 457/531/131 585/658/131 584/653/131
f 405/529/131 406/532/131 534/659/131 533/655/131
f 508/530/131 509/533/131 637/660/131 636/657/131
f 457/531/131 458/534/131 586/661/131 585/658/131
f 406/532/131 407/535/131 535/662/131 534/659/131
f 509/533/131 510/536/131 638/663/131 637/660/131
f 458/534/131 459/537/131 587/664/131 586/661/131
f 407/535/131 408/538/131 536/665/131 535/662/131
f 510/536/131 511/539/131 639/666/131 638/663/131
f 459/537/131 460/540/131 588/667/131 587/664/131
f 408/538/131 409/541/131 537/668/131 536/665/131
f 511/539/131 512/542/131 640/669/131 639/666/131
f 460/540/131 461/543/131 589/670/131 588/667/131
f 409/541/131 410/544/131 538/671/131 537/668/131
f 512/542/131 387/545/131 515/672/131 640/669/131
f 461/543/131 462/546/131 590/673/131 589/670/131
f 410/544/131 411/547/131 539/674/131 538/671/131
f 462/546/131 463/548/131 591/675/131 590/673/131
f 411/547/131 412/549/131 540/676/131 539/674/131
f 463/548/131 464/550/131 592/677/131 591/675/131
f 412/549/131 413/551/131 541/678/131 540/676/131
f 464/550/131 465/552/131 593/679/131 592/677/131
f 413/551/131 414/553/131 542/680/131 541/678/131
f 465/552/131 466/554/131 594/681/131 593/679/131
f 414/553/131 415/555/131 543/682/131 542/680/131
f 466/554/131 467/556/131 595/683/131 594/681/131
f 415/555/131 416/557/131 544/684/131 543/682/131
f 467/556/131 468/558/131 596/685/131 595/683/131
f 416/557/131 417/559/131 545/686/131 544/684/131
f 468/558/131 469/560/131 597/687/131 596/685/131
f 417/559/131 418/561/131 546/688/131 545/686/131
f 469/560/131 470/562/131 598/689/131 597/687/131
f 418/561/131 419/563/131 547/690/131 546/688/131
f 470/562/131 471/564/131 599/691/131 598/689/131
f 419/563/131 420/565/131 548/692/131 547/690/131
f 471/564/131 472/566/131 600/693/131 599/691/131
f 420/565/131 421/567/131 549/694/131 548/692/131
f 472/566/131 473/568/131 601/695/131 600/693/131
f 421/567/131 422/569/131 550/696/131 549/694/131
f 473/568/131 474/570/131 602/697/131 601/695/131
f 422/569/131 423/571/131 551/698/131 550/696/131
f 474/570/131 475/572/131 603/699/131 602/697/131
f 423/571/131 424/573/131 552/700/131 551/698/131
f 475/572/131 476/574/131 604/701/131 603/699/131
f 424/573/131 425/575/131 553/702/131 552/700/131
f 476/574/131 477/576/131 605/703/131 604/701/131
f 425/575/131 426/577/131 554/704/131 553/702/131
f 477/576/131 478/578/131 606/705/131 605/703/131
f 426/577/131 427/579/131 555/706/131 554/704/131
f 478/578/131 479/580/131 607/707/131 606/705/131
f 427/579/131 428/581/131 556/708/131 555/706/131
f 479/580/131 480/582/131 608/709/131 607/707/131
f 428/581/131 429/583/131 557/710/131 556/708/131
f 480/582/131 481/584/131 609/711/131 608/709/131
f 429/583/131 430/585/131 558/712/131 557/710/131
f 481/584/131 482/586/131 610/713/131 609/711/131
f 430/585/131 431/587/131 559/714/131 558/712/131
f 482/586/131 483/588/131 611/715/131 610/713/131
f 431/587/131 432/589/131 560/716/131 559/714/131
f 483/588/131 484/590/131 612/717/131 611/715/131
f 432/589/131 433/591/131 561/718/131 560/716/131
f 484/590/131 485/592/131 613/719/131 612/717/131
f 433/591/131 434/593/131 562/720/131 561/718/131
f 485/592/131 486/594/131 614/721/131 613/719/131
f 434/593/131 435/595/131 563/722/131 562/720/131
f 486/594/131 487/596/131 615/723/131 614/721/131
f 435/595/131 436/597/131 564/724/131 563/722/131
f 487/596/131 488/598/131 616/725/131 615/723/131
f 436/597/131 437/599/131 565/649/131 564/724/131
f 385/601/131 386/600/131 514/726/131 513/727/131
f 488/598/131 489/602/131 617/728/131 616/725/131
f 437/599/131 438/603/131 566/650/131 565/649/131
f 387/545/131 385/601/131 513/727/131 515/672/131
f 489/602/131 490/604/131 618/729/131 617/728/131
f 438/603/131 439/605/131 567/730/131 566/650/131
f 386/600/131 388/606/131 516/731/131 514/726/131
f 490/604/131 491/607/131 619/732/131 618/729/131
f 439/605/131 440/608/131 568/733/131 567/730/131
f 388/606/131 389/609/131 517/734/131 516/731/131
f 491/607/131 492/610/131 620/735/131 619/732/131
f 440/608/131 441/611/131 569/736/131 568/733/131
f 389/609/131 390/612/131 518/737/131 517/734/131
f 492/610/131 493/613/131 621/738/131 620/735/131
f 441/611/131 442/614/131 570/739/131 569/736/131
f 390/612/131 391/615/131 519/740/131 518/737/131
f 493/613/131 494/616/131 622/741/131 621/738/131
f 442/614/131 443/617/131 571/742/131 570/739/131
f 391/615/131 392/618/131 520/743/131 519/740/131
f 494/616/131 495/619/131 623/744/131 622/741/131
f 443/617/131 444/620/131 572/745/131 571/742/131
f 392/618/131 393/621/131 521/746/131 520/743/131
f 495/619/131 496/622/131 624/747/131 623/744/131
f 444/620/131 445/623/131 573/748/131 572/745/131
f 393/621/131 394/624/131 522/749/131 521/746/131
f 496/622/131 497/625/131 625/750/131 624/747/131
f 445/623/131 446/626/131 574/751/131 573/748/131
f 394/624/131 395/627/131 523/752/131 522/749/131
f 497/625/131 498/628/131 626/753/131 625/750/131
f 446/626/131 447/629/131 575/754/131 574/751/131
f 395/627/131 396/630/131 524/755/131 523/752/131
f 498/628/131 499/631/131 627/756/131 626/753/131
f 447/629/131 448/632/131 576/757/131 575/754/131
f 396/630/131 397/633/131 525/758/131 524/755/131
f 499/631/131 500/634/131 628/759/131 627/756/131
f 448/632/131 449/635/131 577/760/131 576/757/131
f 397/633/131 398/636/131 526/761/131 525/758/131
f 500/634/131 501/637/131 629/762/131 628/759/131
f 449/635/131 450/638/131 578/763/131 577/760/131
f 398/636/131 399/639/131 527/764/131 526/761/131
f 501/637/131 502/640/131 630/765/131 629/762/131
f 450/638/131 451/641/131 579/766/131 578/763/131
f 399/639/131 400/642/131 528/767/131 527/764/131
f 502/640/131 503/643/131 631/768/131 630/765/131
f 451/641/131 452/644/131 580/769/131 579/766/131
f 400/642/131 401/645/131 529/770/131 528/767/131
f 503/643/131 504/646/131 632/771/131 631/768/131
f 452/644/131 453/647/131 581/772/131 580/769/131
f 401/645/131 402/648/131 530/773/131 529/770/131
f 504/646/131 505/266/131 633/774/131 632/771/131
f 453/647/131 454/525/131 582/775/131 581/772/131
f 402/648/131 403/527/131 531/776/131 530/773/131
f 505/266/131 506/265/131 634/523/131 633/774/131
f 454/525/131 455/524/131 583/654/131 582/775/131
f 403/527/131 404/526/131 532/656/131 531/776/131
f 892/777/124 893/778/124 1022/779/124 1021/780/124
f 515/672/129 513/727/129 641/781/129 643/782/129
f 617/728/104 618/729/104 746/783/104 745/784/104
f 566/650/53 567/730/53 695/785/53 694/651/53
f 514/726/2 516/731/2 644/786/2 642/787/2
f 618/729/105 619/732/105 747/788/105 746/783/105
f 567/730/54 568/733/54 696/789/54 695/785/54
f 516/731/3 517/734/3 645/790/3 644/786/3
f 619/732/106 620/735/106 748/791/106 747/788/106
f 568/733/55 569/736/55 697/792/55 696/789/55
f 517/734/4 518/737/4 646/793/4 645/790/4
f 620/735/107 621/738/107 749/794/107 748/791/107
f 569/736/56 570/739/56 698/795/56 697/792/56
f 518/737/5 519/740/5 647/796/5 646/793/5
f 621/738/108 622/741/108 750/797/108 749/794/108
f 570/739/57 571/742/57 699/798/57 698/795/57
f 519/740/6 520/743/6 648/799/6 647/796/6
f 622/741/109 623/744/109 751/800/109 750/797/109
f 571/742/58 572/745/58 700/801/58 699/798/58
f 520/743/7 521/746/7 649/802/7 648/799/7
f 623/744/110 624/747/110 752/803/110 751/800/110
f 572/745/59 573/748/59 701/804/59 700/801/59
f 521/746/8 522/749/8 650/805/8 649/802/8
f 624/747/111 625/750/111 753/806/111 752/803/111
f 573/748/60 574/751/60 702/807/60 701/804/60
f 522/749/9 523/752/9 651/808/9 650/805/9
f 625/750/112 626/753/112 754/809/112 753/806/112
f 574/751/61 575/754/61 703/810/61 702/807/61
f 523/752/10 524/755/10 652/811/10 651/808/10
f 626/753/113 627/756/113 755/812/113 754/809/113
f 575/754/62 576/757/62 704/813/62 703/810/62
f 524/755/11 525/758/11 653/814/11 652/811/11
f 627/756/114 628/759/114 756/815/114 755/812/114
f 576/757/63 577/760/63 705/816/63 704/813/63
f 525/758/12 526/761/12 654/817/12 653/814/12
f 628/759/115 629/762/115 757/818/115 756/815/115
f 577/760/64 578/763/64 706/819/64 705/816/64
f 526/761/13 527/764/13 655/820/13 654/817/13
f 629/762/116 630/765/116 758/821/116 757/818/116
f 578/763/65 579/766/65 707/822/65 706/819/65
f 527/764/14 528/767/14 656/823/14 655/820/14
f 630/765/117 631/768/117 759/824/117 758/821/117
f 579/766/66 580/769/66 708/825/66 707/822/66
f 528/767/15 529/770/15 657/826/15 656/823/15
f 631/768/118 632/771/118 760/827/118 759/824/118
f 580/769/67 581/772/67 709/828/67 708/825/67
f 529/770/16 530/773/16 658/829/16 657/826/16
f 632/771/119 633/774/119 761/830/119 760/827/119
f 581/772/68 582/775/68 710/831/68 709/828/68
f 530/773/17 531/776/17 659/832/17 658/829/17
f 633/774/120 634/523/120 762/833/120 761/830/120
f 582/775/69 583/654/69 711/834/69 710/831/69
f 531/776/18 532/656/18 660/835/18 659/832/18
f 634/523/121 635/522/121 763/836/121 762/833/121
f 583/654/70 584/653/70 712/837/70 711/834/70
f 532/656/19 533/655/19 661/838/19 660/835/19
f 635/522/122 636/657/122 764/839/122 763/836/122
f 584/653/71 585/658/71 713/840/71 712/837/71
f 533/655/20 534/659/20 662/841/20 661/838/20
f 636/657/123 637/660/123 765/842/123 764/839/123
f 585/658/72 586/661/72 714/843/72 713/840/72
f 534/659/21 535/662/21 663/844/21 662/841/21
f 637/660/124 638/663/124 766/845/124 765/842/124
f 586/661/73 587/664/73 715/846/73 714/843/73
f 535/662/22 536/665/22 664/847/22 663/844/22
f 638/663/125 639/666/125 767/848/125 766/845/125
f 587/664/74 588/667/74 716/849/74 715/846/74
f 536/665/23 537/668/23 665/850/23 664/847/23
f 639/666/126 640/669/126 768/851/126 767/848/126
f 588/667/75 589/670/75 717/852/75 716/849/75
f 537/668/24 538/671/24 666/853/24 665/850/24
f 640/669/128 515/672/128 643/782/128 768/851/128
f 589/670/76 590/673/76 718/854/76 717/852/76
f 538/671/25 539/674/25 667/855/25 666/853/25
f 590/673/77 591/675/77 719/856/77 718/854/77
f 539/674/26 540/676/26 668/857/26 667/855/26
f 591/675/78 592/677/78 720/858/78 719/856/78
f 540/676/27 541/678/27 669/859/27 668/857/27
f 592/677/79 593/679/79 721/860/79 720/858/79
f 541/678/28 542/680/28 670/861/28 669/859/28
f 593/679/127 594/681/127 722/862/127 721/860/127
f 542/680/29 543/682/29 671/863/29 670/861/29
f 594/681/81 595/683/81 723/864/81 722/862/81
f 543/682/30 544/684/30 672/865/30 671/863/30
f 595/683/82 596/685/82 724/866/82 723/864/82
f 544/684/31 545/686/31 673/867/31 672/865/31
f 596/685/83 597/687/83 725/868/83 724/866/83
f 545/686/32 546/688/32 674/869/32 673/867/32
f 597/687/84 598/689/84 726/870/84 725/868/84
f 546/688/33 547/690/33 675/871/33 674/869/33
f 598/689/85 599/691/85 727/872/85 726/870/85
f 547/690/34 548/692/34 676/873/34 675/871/34
f 599/691/86 600/693/86 728/874/86 727/872/86
f 548/692/35 549/694/35 677/875/35 676/873/35
f 600/693/87 601/695/87 729/876/87 728/874/87
f 549/694/36 550/696/36 678/877/36 677/875/36
f 601/695/88 602/697/88 730/878/88 729/876/88
f 550/696/37 551/698/37 679/879/37 678/877/37
f 602/697/89 603/699/89 731/880/89 730/878/89
f 551/698/38 552/700/38 680/881/38 679/879/38
f 603/699/90 604/701/90 732/882/90 731/880/90
f 552/700/39 553/702/39 681/883/39 680/881/39
f 604/701/91 605/703/91 733/884/91 732/882/91
f 553/702/40 554/704/40 682/885/40 681/883/40
f 605/703/92 606/705/92 734/886/92 733/884/92
f 554/704/41 555/706/41 683/887/41 682/885/41
f 606/705/93 607/707/93 735/888/93 734/886/93
f 555/706/42 556/708/42 684/889/42 683/887/42
f 607/707/94 608/709/94 736/890/94 735/888/94
f 556/708/43 557/710/43 685/891/43 684/889/43
f 608/709/95 609/711/95 737/892/95 736/890/95
f 557/710/44 558/712/44 686/893/44 685/891/44
f 609/711/96 610/713/96 738/894/96 737/892/96
f 558/712/45 559/714/45 687/895/45 686/893/45
f 610/713/97 611/715/97 739/896/97 738/894/97
f 559/714/46 560/716/46 688/897/46 687/895/46
f 611/715/98 612/717/98 740/898/98 739/896/98
f 560/716/47 561/718/47 689/899/47 688/897/47
f 612/717/99 613/719/99 741/900/99 740/898/99
f 561/718/48 562/720/48 690/901/48 689/899/48
f 613/719/100 614/721/100 742/902/100 741/900/100
f 562/720/49 563/722/49 691/903/49 690/901/49
f 614/721/101 615/723/101 743/904/101 742/902/101
f 563/722/50 564/724/50 692/905/50 691/903/50
f 615/723/102 616/725/102 744/906/102 743/904/102
f 564/724/51 565/649/51 693/652/51 692/905/51
f 513/727/1 514/726/1 642/787/1 641/781/1
f 616/725/103 617/728/103 745/784/103 744/906/103
f 641/781/130 642/787/130 770/907/130 769/908/130
f 642/787/130 644/786/130 771/909/130 770/907/130
f 644/786/130 645/790/130 772/910/130 771/909/130
f 645/790/130 646/793/130 773/911/130 772/910/130
f 646/793/130 647/796/130 774/912/130 773/911/130
f 647/796/130 648/799/130 775/913/130 774/912/130
f 648/799/130 649/802/130 776/914/130 775/913/130
f 649/802/130 650/805/130 777/915/130 776/914/130
f 650/805/130 651/808/130 778/916/130 777/915/130
f 651/808/130 652/811/130 779/917/130 778/916/130
f 652/811/130 653/814/130 780/918/130 779/917/130
f 653/814/130 654/817/130 781/919/130 780/918/130
f 654/817/130 655/820/130 782/920/130 781/919/130
f 655/820/130 656/823/130 783/921/130 782/920/130
f 656/823/130 657/826/130 784/922/130 783/921/130
f 657/826/130 658/829/130 785/923/130 784/922/130
f 658/829/130 659/832/130 786/924/130 785/923/130
f 659/832/130 660/835/130 787/925/130 786/924/130
f 660/835/130 661/838/130 788/926/130 787/925/130
f 661/838/130 662/841/130 789/927/130 788/926/130
f 662/841/130 663/844/130 790/928/130 789/927/130
f 663/844/130 664/847/130 791/929/130 790/928/130
f 664/847/130 665/850/130 792/930/130 791/929/130
f 665/850/130 666/853/130 793/931/130 792/930/130
f 666/853/130 667/855/130 794/932/130 793/931/130
f 667/855/130 668/857/130 795/933/130 794/932/130
f 668/857/130 669/859/130 796/934/130 795/933/130
f 669/859/130 670/861/130 797/935/130 796/934/130
f 670/861/130 671/863/130 798/936/130 797/935/130
f 671/863/130 672/865/130 799/937/130 798/936/130
f 672/865/130 673/867/130 800/938/130 799/937/130
f 673/867/130 674/869/130 801/939/130 800/938/130
f 674/869/130 675/871/130 802/940/130 801/939/130
f 675/871/130 676/873/130 803/941/130 802/940/130
f 676/873/130 677/875/130 804/942/130 803/941/130
f 677/875/130 678/877/130 805/943/130 804/942/130
f 678/877/130 679/879/130 806/944/130 805/943/130
f 679/879/130 680/881/130 807/945/130 806/944/130
f 680/881/130 681/883/130 808/946/130 807/945/130
f 681/883/130 682/885/130 809/947/130 808/946/130
f 682/885/130 683/887/130 810/948/130 809/947/130
f 683/887/130 684/889/130 811/949/130 810/948/130
f 684/889/130 685/891/130 812/950/130 811/949/130
f 685/891/130 686/893/130 813/951/130 812/950/130
f 686/893/130 687/895/130 814/952/130 813/951/130
f 687/895/130 688/897/130 815/953/130 814/952/130
f 688/897/130 689/899/130 816/954/130 815/953/130
f 689/899/130 690/901/130 817/955/130 816/954/130
f 690/901/130 691/903/130 818/956/130 817/955/130
f 691/903/130 692/905/130 819/957/130 818/956/130
f 692/905/130 693/652/130 820/958/130 819/957/130
f 693/652/130 694/651/130 821/959/130 820/958/130
f 694/651/130 695/785/130 822/960/130 821/959/130
f 695/785/130 696/789/130 823/961/130 822/960/130
f 696/789/130 697/792/130 824/962/130 823/961/130
f 697/792/130 698/795/130 825/963/130 824/962/130
f 698/795/130 699/798/130 826/964/130 825/963/130
f 699/798/130 700/801/130 827/965/130 826/964/130
f 700/801/130 701/804/130 828/966/130 827/965/130
f 701/804/130 702/807/130 829/967/130 828/966/130
f 702/807/130 703/810/130 830/968/130 829/967/130
f 703/810/130 704/813/130 831/969/130 830/968/130
f 704/813/130 705/816/130 832/970/130 831/969/130
f 705/816/130 706/819/130 833/971/130 832/970/130
f 706/819/130 707/822/130 834/972/130 833/971/130
f 707/822/130 708/825/130 835/973/130 834/972/130
f 708/825/130 709/828/130 836/974/130 835/973/130
f 709/828/130 710/831/130 837/975/130 836/974/130
f 710/831/130 711/834/130 838/976/130 837/975/130
f 711/834/130 712/837/130 839/977/130 838/976/130
f 712/837/130 713/840/130 840/978/130 839/977/130
f 713/840/130 714/843/130 841/979/130 840/978/130
f 714/843/130 715/846/130 842/980/130 841/979/130
f 715/846/130 716/849/130 843/981/130 842/980/130
f 716/849/130 717/852/130 844/982/130 843/981/130
f 717/852/130 718/854/130 845/983/130 844/982/130
f 718/854/130 719/856/130 846/984/130 845/983/130
f 719/856/130 720/858/130 847/985/130 846/984/130
f 720/858/130 721/860/130 848/986/130 847/985/130
f 721/860/130 722/862/130 849/987/130 848/986/130
f 722/862/130 723/864/130 850/988/130 849/987/130
f 723/864/130 724/866/130 851/989/130 850/988/130
f 724/866/130 725/868/130 852/990/130 851/989/130
f 725/868/130 726/870/130 853/991/130 852/990/130
f 726/870/130 727/872/130 854/992/130 853/991/130
f 727/872/130 728/874/130 855/993/130 854/992/130
f 728/874/130 729/876/130 856/994/130 855/993/130
f 729/876/130 730/878/130 857/995/130 856/994/130
f 730/878/130 731/880/130 858/996/130 857/995/130
f 731/880/130 732/882/130 859/997/130 858/996/130
f 732/882/130 733/884/130 860/998/130 859/997/130
f 733/884/130 734/886/130 861/999/130 860/998/130
f 734/886/130 735/888/130 862/1000/130 861/999/130
f 735/888/130 736/890/130 863/1001/130 862/1000/130
f 736/890/130 737/892/130 864/1002/130 863/1001/130
f 737/892/130 738/894/130 865/1003/130 864/1002/130
f 738/894/130 739/896/130 866/1004/130 865/1003/130
f 739/896/130 740/898/130 867/1005/130 866/1004/130
f 740/898/130 741/900/130 868/1006/130 867/1005/130
f 741/900/130 742/902/130 869/1007/130 868/1006/130
f 742/902/130 743/904/130 870/1008/130 869/1007/130
f 743/904/130 744/906/130 871/1009/130 870/1008/130
f 744/906/130 745/784/130 872/1010/130 871/1009/130
f 745/784/130 746/783/130 873/1011/130 872/1010/130
f 746/783/130 747/788/130 874/1012/130 873/1011/130
f 747/788/130 748/791/130 875/1013/130 874/1012/130
f 748/791/130 749/794/130 876/1014/130 875/1013/130
f 749/794/130 750/797/130 877/1015/130 876/1014/130
f 750/797/130 751/800/130 878/1016/130 877/1015/130
f 751/800/130 752/803/130 879/1017/130 878/1016/130
f 752/803/130 753/806/130 880/1018/130 879/1017/130
f 753/806/130 754/809/130 881/1019/130 880/1018/130
f 754/809/130 755/812/130 882/1020/130 881/1019/130
f 755/812/130 756/815/130 883/1021/130 882/1020/130
f 756/815/130 757/818/130 884/1022/130 883/1021/130
f 757/818/130 758/821/130 885/1023/130 884/1022/130
f 758/821/130 759/824/130 886/1024/130 885/1023/130
f 759/824/130 760/827/130 887/1025/130 886/1024/130
f 760/827/130 761/830/130 888/1026/130 887/1025/130
f 761/830/130 762/833/130 889/1027/130 888/1026/130
f 762/833/130 763/836/130 890/1028/130 889/1027/130
f 763/836/130 764/839/130 891/1029/130 890/1028/130
f 764/839/130 765/842/130 892/777/130 891/1029/130
f 765/842/130 766/845/130 893/778/130 892/777/130
f 766/845/130 767/848/130 894/1030/130 893/778/130
f 767/848/130 768/851/130 895/1031/130 894/1030/130
f 768/851/130 643/782/130 896/1032/130 895/1031/130
f 643/782/130 641/781/130 769/908/130 896/1032/130
f 945/1033/131 946/1034/131 1074/1035/131 1073/1036/131
f 841/979/73 842/980/73 971/1037/73 970/1038/73
f 790/928/22 791/929/22 920/1039/22 919/1040/22
f 893/778/125 894/1030/125 1023/1041/125 1022/779/125
f 842/980/74 843/981/74 972/1042/74 971/1037/74
f 791/929/23 792/930/23 921/1043/23 920/1039/23
f 894/1030/126 895/1031/126 1024/1044/126 1023/1041/126
f 843/981/75 844/982/75 973/1045/75 972/1042/75
f 792/930/24 793/931/24 922/1046/24 921/1043/24
f 895/1031/128 896/1032/128 899/1047/128 1024/1044/128
f 844/982/76 845/983/76 974/1048/76 973/1045/76
f 793/931/25 794/932/25 923/1049/25 922/1046/25
f 845/983/77 846/984/77 975/1050/77 974/1048/77
f 794/932/26 795/933/26 924/1051/26 923/1049/26
f 846/984/78 847/985/78 976/1052/78 975/1050/78
f 795/933/27 796/934/27 925/1053/27 924/1051/27
f 847/985/79 848/986/79 977/1054/79 976/1052/79
f 796/934/28 797/935/28 926/1055/28 925/1053/28
f 848/986/127 849/987/127 978/1056/127 977/1054/127
f 797/935/29 798/936/29 927/1057/29 926/1055/29
f 849/987/81 850/988/81 979/1058/81 978/1056/81
f 798/936/30 799/937/30 928/1059/30 927/1057/30
f 850/988/82 851/989/82 980/1060/82 979/1058/82
f 799/937/31 800/938/31 929/1061/31 928/1059/31
f 851/989/83 852/990/83 981/1062/83 980/1060/83
f 800/938/32 801/939/32 930/1063/32 929/1061/32
f 852/990/84 853/991/84 982/1064/84 981/1062/84
f 801/939/33 802/940/33 931/1065/33 930/1063/33
f 853/991/85 854/992/85 983/1066/85 982/1064/85
f 802/940/34 803/941/34 932/1067/34 931/1065/34
f 854/992/86 855/993/86 984/1068/86 983/1066/86
f 803/941/35 804/942/35 933/1069/35 932/1067/35
f 855/993/87 856/994/87 985/1070/87 984/1068/87
f 804/942/36 805/943/36 934/1071/36 933/1069/36
f 856/994/88 857/995/88 986/1072/88 985/1070/88
f 805/943/37 806/944/37 935/1073/37 934/1071/37
f 857/995/89 858/996/89 987/1074/89 986/1072/89
f 806/944/38 807/945/38 936/1075/38 935/1073/38
f 858/996/90 859/997/90 988/1076/90 987/1074/90
f 807/945/39 808/946/39 937/1077/39 936/1075/39
f 859/997/91 860/998/91 989/1078/91 988/1076/91
f 808/946/40 809/947/40 938/1079/40 937/1077/40
f 860/998/92 861/999/92 990/1080/92 989/1078/92
f 809/947/41 810/948/41 939/1081/41 938/1079/41
f 861/999/93 862/1000/93 991/1082/93 990/1080/93
f 810/948/42 811/949/42 940/1083/42 939/1081/42
f 862/1000/94 863/1001/94 992/1084/94 991/1082/94
f 811/949/43 812/950/43 941/1085/43 940/1083/43
f 863/1001/95 864/1002/95 993/1086/95 992/1084/95
f 812/950/44 813/951/44 942/1087/44 941/1085/44
f 864/1002/96 865/1003/96 994/1088/96 993/1086/96
f 813/951/45 814/952/45 943/1089/45 942/1087/45
f 865/1003/97 866/1004/97 995/1090/97 994/1088/97
f 814/952/46 815/953/46 944/1091/46 943/1089/46
f 866/1004/98 867/1005/98 996/1092/98 995/1090/98
f 815/953/47 816/954/47 945/1033/47 944/1091/47
f 867/1005/99 868/1006/99 997/1093/99 996/1092/99
f 816/954/48 817/955/48 946/1034/48 945/1033/48
f 868/1006/100 869/1007/100 998/1094/100 997/1093/100
f 817/955/49 818/956/49 947/1095/49 946/1034/49
f 869/1007/101 870/1008/101 999/1096/101 998/1094/101
f 818/956/50 819/957/50 948/1097/50 947/1095/50
f 870/1008/102 871/1009/102 1000/1098/102 999/1096/102
f 819/957/51 820/958/51 949/1099/51 948/1097/51
f 769/908/1 770/907/1 898/1100/1 897/1101/1
f 871/1009/103 872/1010/103 1001/1102/103 1000/1098/103
f 820/958/52 821/959/52 950/1103/52 949/1099/52
f 896/1032/129 769/908/129 897/1101/129 899/1047/129
f 872/1010/104 873/1011/104 1002/1104/104 1001/1102/104
f 821/959/53 822/960/53 951/1105/53 950/1103/53
f 770/907/2 771/909/2 900/1106/2 898/1100/2
f 873/1011/105 874/1012/105 1003/1107/105 1002/1104/105
f 822/960/54 823/961/54 952/1108/54 951/1105/54
f 771/909/3 772/910/3 901/1109/3 900/1106/3
f 874/1012/106 875/1013/106 1004/1110/106 1003/1107/106
f 823/961/55 824/962/55 953/1111/55 952/1108/55
f 772/910/4 773/911/4 902/1112/4 901/1109/4
f 875/1013/107 876/1014/107 1005/1113/107 1004/1110/107
f 824/962/56 825/963/56 954/1114/56 953/1111/56
f 773/911/5 774/912/5 903/1115/5 902/1112/5
f 876/1014/108 877/1015/108 1006/1116/108 1005/1113/108
f 825/963/57 826/964/57 955/1117/57 954/1114/57
f 774/912/6 775/913/6 904/1118/6 903/1115/6
f 877/1015/109 878/1016/109 1007/1119/109 1006/1116/109
f 826/964/58 827/965/58 956/1120/58 955/1117/58
f 775/913/7 776/914/7 905/1121/7 904/1118/7
f 878/1016/110 879/1017/110 1008/1122/110 1007/1119/110
f 827/965/59 828/966/59 957/1123/59 956/1120/59
f 776/914/8 777/915/8 906/1124/8 905/1121/8
f 879/1017/111 880/1018/111 1009/1125/111 1008/1122/111
f 828/966/60 829/967/60 958/1126/60 957/1123/60
f 777/915/9 778/916/9 907/1127/9 906/1124/9
f 880/1018/112 881/1019/112 1010/1128/112 1009/1125/112
f 829/967/61 830/968/61 959/1129/61 958/1126/61
f 778/916/10 779/917/10 908/1130/10 907/1127/10
f 881/1019/113 882/1020/113 1011/1131/113 1010/1128/113
f 830/968/62 831/969/62 960/1132/62 959/1129/62
f 779/917/11 780/918/11 909/1133/11 908/1130/11
f 882/1020/114 883/1021/114 1012/1134/114 1011/1131/114
f 831/969/63 832/970/63 961/1135/63 960/1132/63
f 780/918/12 781/919/12 910/1136/12 909/1133/12
f 883/1021/115 884/1022/115 1013/1137/115 1012/1134/115
f 832/970/64 833/971/64 962/1138/64 961/1135/64
f 781/919/13 782/920/13 911/1139/13 910/1136/13
f 884/1022/116 885/1023/116 1014/1140/116 1013/1137/116
f 833/971/65 834/972/65 963/1141/65 962/1138/65
f 782/920/14 783/921/14 912/1142/14 911/1139/14
f 885/1023/117 886/1024/117 1015/1143/117 1014/1140/117
f 834/972/66 835/973/66 964/1144/66 963/1141/66
f 783/921/15 784/922/15 913/1145/15 912/1142/15
f 886/1024/118 887/1025/118 1016/1146/118 1015/1143/118
f 835/973/67 836/974/67 965/1147/67 964/1144/67
f 784/922/16 785/923/16 914/1148/16 913/1145/16
f 887/1025/119 888/1026/119 1017/1149/119 1016/1146/119
f 836/974/68 837/975/68 966/1150/68 965/1147/68
f 785/923/17 786/924/17 915/1151/17 914/1148/17
f 888/1026/120 889/1027/120 1018/1152/120 1017/1149/120
f 837/975/69 838/976/69 967/1153/69 966/1150/69
f 786/924/18 787/925/18 916/1154/18 915/1151/18
f 889/1027/121 890/1028/121 1019/1155/121 1018/1152/121
f 838/976/70 839/977/70 968/1156/70 967/1153/70
f 787/925/19 788/926/19 917/1157/19 916/1154/19
f 890/1028/122 891/1029/122 1020/1158/122 1019/1155/122
f 839/977/71 840/978/71 969/1159/71 968/1156/71
f 788/926/20 789/927/20 918/1160/20 917/1157/20
f 891/1029/123 892/777/123 1021/780/123 1020/1158/123
f 840/978/72 841/979/72 970/1038/72 969/1159/72
f 789/927/21 790/928/21 919/1040/21 918/1160/21
f 1074/1035/49 1075/1161/49 1203/1162/49 1202/1163/49
f 997/1093/131 998/1094/131 1126/1164/131 1125/1165/131
f 946/1034/131 947/1095/131 1075/1161/131 1074/1035/131
f 998/1094/131 999/1096/131 1127/1166/131 1126/1164/131
f 947/1095/131 948/1097/131 1076/1167/131 1075/1161/131
f 999/1096/131 1000/1098/131 1128/1168/131 1127/1166/131
f 948/1097/131 949/1099/131 1077/1169/131 1076/1167/131
f 897/1101/131 898/1100/131 1026/1170/131 1025/1171/131
f 1000/1098/131 1001/1102/131 1129/1172/131 1128/1168/131
f 949/1099/131 950/1103/131 1078/1173/131 1077/1169/131
f 899/1047/131 897/1101/131 1025/1171/131 1027/1174/131
f 1001/1102/131 1002/1104/131 1130/1175/131 1129/1172/131
f 950/1103/131 951/1105/131 1079/1176/131 1078/1173/131
f 898/1100/131 900/1106/131 1028/1177/131 1026/1170/131
f 1002/1104/131 1003/1107/131 1131/1178/131 1130/1175/131
f 951/1105/131 952/1108/131 1080/1179/131 1079/1176/131
f 900/1106/131 901/1109/131 1029/1180/131 1028/1177/131
f 1003/1107/131 1004/1110/131 1132/1181/131 1131/1178/131
f 952/1108/131 953/1111/131 1081/1182/131 1080/1179/131
f 901/1109/131 902/1112/131 1030/1183/131 1029/1180/131
f 1004/1110/131 1005/1113/131 1133/1184/131 1132/1181/131
f 953/1111/131 954/1114/131 1082/1185/131 1081/1182/131
f 902/1112/131 903/1115/131 1031/1186/131 1030/1183/131
f 1005/1113/131 1006/1116/131 1134/1187/131 1133/1184/131
f 954/1114/131 955/1117/131 1083/1188/131 1082/1185/131
f 903/1115/131 904/1118/131 1032/1189/131 1031/1186/131
f 1006/1116/131 1007/1119/131 1135/1190/131 1134/1187/131
f 955/1117/131 956/1120/131 1084/1191/131 1083/1188/131
f 904/1118/131 905/1121/131 1033/1192/131 1032/1189/131
f 1007/1119/131 1008/1122/131 1136/1193/131 1135/1190/131
f 956/1120/131 957/1123/131 1085/1194/131 1084/1191/131
f 905/1121/131 906/1124/131 1034/1195/131 1033/1192/131
f 1008/1122/131 1009/1125/131 1137/1196/131 1136/1193/131
f 957/1123/131 958/1126/131 1086/1197/131 1085/1194/131
f 906/1124/131 907/1127/131 1035/1198/131 1034/1195/131
f 1009/1125/131 1010/1128/131 1138/1199/131 1137/1196/131
f 958/1126/131 959/1129/131 1087/1200/131 1086/1197/131
f 907/1127/131 908/1130/131 1036/1201/131 1035/1198/131
f 1010/1128/131 1011/1131/131 1139/1202/131 1138/1199/131
f 959/1129/131 960/1132/131 1088/1203/131 1087/1200/131
f 908/1130/131 909/1133/131 1037/1204/131 1036/1201/131
f 1011/1131/131 1012/1134/131 1140/1205/131 1139/1202/131
f 960/1132/131 961/1135/131 1089/1206/131 1088/1203/131
f 909/1133/131 910/1136/131 1038/1207/131 1037/1204/131
f 1012/1134/131 1013/1137/131 1141/1208/131 1140/1205/131
f 961/1135/131 962/1138/131 1090/1209/131 1089/1206/131
f 910/1136/131 911/1139/131 1039/1210/131 1038/1207/131
f 1013/1137/131 1014/1140/131 1142/1211/131 1141/1208/131
f 962/1138/131 963/1141/131 1091/1212/131 1090/1209/131
f 911/1139/131 912/1142/131 1040/1213/131 1039/1210/131
f 1014/1140/131 1015/1143/131 1143/1214/131 1142/1211/131
f 963/1141/131 964/1144/131 1092/1215/131 1091/1212/131
f 912/1142/131 913/1145/131 1041/1216/131 1040/1213/131
f 1015/1143/131 1016/1146/131 1144/1217/131 1143/1214/131
f 964/1144/131 965/1147/131 1093/1218/131 1092/1215/131
f 913/1145/131 914/1148/131 1042/1219/131 1041/1216/131
f 1016/1146/131 1017/1149/131 1145/1220/131 1144/1217/131
f 965/1147/131 966/1150/131 1094/1221/131 1093/1218/131
f 914/1148/131 915/1151/131 1043/1222/131 1042/1219/131
f 1017/1149/131 1018/1152/131 1146/1223/131 1145/1220/131
f 966/1150/131 967/1153/131 1095/1224/131 1094/1221/131
f 915/1151/131 916/1154/131 1044/1225/131 1043/1222/131
f 1018/1152/131 1019/1155/131 1147/1226/131 1146/1223/131
f 967/1153/131 968/1156/131 1096/1227/131 1095/1224/131
f 916/1154/131 917/1157/131 1045/1228/131 1044/1225/131
f 1019/1155/131 1020/1158/131 1148/1229/131 1147/1226/131
f 968/1156/131 969/1159/131 1097/1230/131 1096/1227/131
f 917/1157/131 918/1160/131 1046/1231/131 1045/1228/131
f 1020/1158/131 1021/780/131 1149/1232/131 1148/1229/131
f 969/1159/131 970/1038/131 1098/1233/131 1097/1230/131
f 918/1160/131 919/1040/131 1047/1234/131 1046/1231/131
f 1021/780/131 1022/779/131 1150/1235/131 1149/1232/131
f 970/1038/131 971/1037/131 1099/1236/131 1098/1233/131
f 919/1040/131 920/1039/131 1048/1237/131 1047/1234/131
f 1022/779/131 1023/1041/131 1151/1238/131 1150/1235/131
f 971/1037/131 972/1042/131 1100/1239/131 1099/1236/131
f 920/1039/131 921/1043/131 1049/1240/131 1048/1237/131
f 1023/1041/131 1024/1044/131 1152/1241/131 1151/1238/131
f 972/1042/131 973/1045/131 1101/1242/131 1100/1239/131
f 921/1043/131 922/1046/131 1050/1243/131 1049/1240/131
f 1024/1044/131 899/1047/131 1027/1174/131 1152/1241/131
f 973/1045/131 974/1048/131 1102/1244/131 1101/1242/131
f 922/1046/131 923/1049/131 1051/1245/131 1050/1243/131
f 974/1048/131 975/1050/131 1103/1246/131 1102/1244/131
f 923/1049/131 924/1051/131 1052/1247/131 1051/1245/131
f 975/1050/131 976/1052/131 1104/1248/131 1103/1246/131
f 924/1051/131 925/1053/131 1053/1249/131 1052/1247/131
f 976/1052/131 977/1054/131 1105/1250/131 1104/1248/131
f 925/1053/131 926/1055/131 1054/1251/131 1053/1249/131
f 977/1054/131 978/1056/131 1106/1252/131 1105/1250/131
f 926/1055/131 927/1057/131 1055/1253/131 1054/1251/131
f 978/1056/131 979/1058/131 1107/1254/131 1106/1252/131
f 927/1057/131 928/1059/131 1056/1255/131 1055/1253/131
f 979/1058/131 980/1060/131 1108/1256/131 1107/1254/131
f 928/1059/131 929/1061/131 1057/1257/131 1056/1255/131
f 980/1060/131 981/1062/131 1109/1258/131 1108/1256/131
f 929/1061/131 930/1063/131 1058/1259/131 1057/1257/131
f 981/1062/131 982/1064/131 1110/1260/131 1109/1258/131
f 930/1063/131 931/1065/131 1059/1261/131 1058/1259/131
f 982/1064/131 983/1066/131 1111/1262/131 1110/1260/131
f 931/1065/131 932/1067/131 1060/1263/131 1059/1261/131
f 983/1066/131 984/1068/131 1112/1264/131 1111/1262/131
f 932/1067/131 933/1069/131 1061/1265/131 1060/1263/131
f 984/1068/131 985/1070/131 1113/1266/131 1112/1264/131
f 933/1069/131 934/1071/131 1062/1267/131 1061/1265/131
f 985/1070/131 986/1072/131 1114/1268/131 1113/1266/131
f 934/1071/131 935/1073/131 1063/1269/131 1062/1267/131
f 986/1072/131 987/1074/131 1115/1270/131 1114/1268/131
f 935/1073/131 936/1075/131 1064/1271/131 1063/1269/131
f 987/1074/131 988/1076/131 1116/1272/131 1115/1270/131
f 936/1075/131 937/1077/131 1065/1273/131 1064/1271/131
f 988/1076/131 989/1078/131 1117/1274/131 1116/1272/131
f 937/1077/131 938/1079/131 1066/1275/131 1065/1273/131
f 989/1078/131 990/1080/131 1118/1276/131 1117/1274/131
f 938/1079/131 939/1081/131 1067/1277/131 1066/1275/131
f 990/1080/131 991/1082/131 1119/1278/131 1118/1276/131
f 939/1081/131 940/1083/131 1068/1279/131 1067/1277/131
f 991/1082/131 992/1084/131 1120/1280/131 1119/1278/131
f 940/1083/131 941/1085/131 1069/1281/131 1068/1279/131
f 992/1084/131 993/1086/131 1121/1282/131 1120/1280/131
f 941/1085/131 942/1087/131 1070/1283/131 1069/1281/131
f 993/1086/131 994/1088/131 1122/1284/131 1121/1282/131
f 942/1087/131 943/1089/131 1071/1285/131 1070/1283/131
f 994/1088/131 995/1090/131 1123/1286/131 1122/1284/131
f 943/1089/131 944/1091/131 1072/1287/131 1071/1285/131
f 995/1090/131 996/1092/131 1124/1288/131 1123/1286/131
f 944/1091/131 945/1033/131 1073/1036/131 1072/1287/131
f 996/1092/131 997/1093/131 1125/1165/131 1124/1288/131
f 1350/1289/70 1351/1290/70 1480/1291/70 1479/1292/70
f 1126/1164/101 1127/1166/101 1255/1293/101 1254/1294/101
f 1075/1161/50 1076/1167/50 1204/1295/50 1203/1162/50
f 1127/1166/102 1128/1168/102 1256/1296/102 1255/1293/102
f 1076/1167/51 1077/1169/51 1205/1297/51 1204/1295/51
f 1025/1171/1 1026/1170/1 1154/1298/1 1153/1299/1
f 1128/1168/103 1129/1172/103 1257/1300/103 1256/1296/103
f 1077/1169/52 1078/1173/52 1206/1301/52 1205/1297/52
f 1027/1174/129 1025/1171/129 1153/1299/129 1155/1302/129
f 1129/1172/104 1130/1175/104 1258/1303/104 1257/1300/104
f 1078/1173/53 1079/1176/53 1207/1304/53 1206/1301/53
f 1026/1170/2 1028/1177/2 1156/1305/2 1154/1298/2
f 1130/1175/105 1131/1178/105 1259/1306/105 1258/1303/105
f 1079/1176/54 1080/1179/54 1208/1307/54 1207/1304/54
f 1028/1177/3 1029/1180/3 1157/1308/3 1156/1305/3
f 1131/1178/106 1132/1181/106 1260/1309/106 1259/1306/106
f 1080/1179/55 1081/1182/55 1209/1310/55 1208/1307/55
f 1029/1180/4 1030/1183/4 1158/1311/4 1157/1308/4
f 1132/1181/107 1133/1184/107 1261/1312/107 1260/1309/107
f 1081/1182/56 1082/1185/56 1210/1313/56 1209/1310/56
f 1030/1183/5 1031/1186/5 1159/1314/5 1158/1311/5
f 1133/1184/108 1134/1187/108 1262/1315/108 1261/1312/108
f 1082/1185/57 1083/1188/57 1211/1316/57 1210/1313/57
f 1031/1186/6 1032/1189/6 1160/1317/6 1159/1314/6
f 1134/1187/109 1135/1190/109 1263/1318/109 1262/1315/109
f 1083/1188/58 1084/1191/58 1212/1319/58 1211/1316/58
f 1032/1189/7 1033/1192/7 1161/1320/7 1160/1317/7
f 1135/1190/110 1136/1193/110 1264/1321/110 1263/1318/110
f 1084/1191/59 1085/1194/59 1213/1322/59 1212/1319/59
f 1033/1192/8 1034/1195/8 1162/1323/8 1161/1320/8
f 1136/1193/111 1137/1196/111 1265/1324/111 1264/1321/111
f 1085/1194/60 1086/1197/60 1214/1325/60 1213/1322/60
f 1034/1195/9 1035/1198/9 1163/1326/9 1162/1323/9
f 1137/1196/112 1138/1199/112 1266/1327/112 1265/1324/112
f 1086/1197/61 1087/1200/61 1215/1328/61 1214/1325/61
f 1035/1198/10 1036/1201/10 1164/1329/10 1163/1326/10
f 1138/1199/113 1139/1202/113 1267/1330/113 1266/1327/113
f 1087/1200/62 1088/1203/62 1216/1331/62 1215/1328/62
f 1036/1201/11 1037/1204/11 1165/1332/11 1164/1329/11
f 1139/1202/114 1140/1205/114 1268/1333/114 1267/1330/114
f 1088/1203/63 1089/1206/63 1217/1334/63 1216/1331/63
f 1037/1204/12 1038/1207/12 1166/1335/12 1165/1332/12
f 1140/1205/115 1141/1208/115 1269/1336/115 1268/1333/115
f 1089/1206/64 1090/1209/64 1218/1337/64 1217/1334/64
f 1038/1207/13 1039/1210/13 1167/1338/13 1166/1335/13
f 1141/1208/116 1142/1211/116 1270/1339/116 1269/1336/116
f 1090/1209/65 1091/1212/65 1219/1340/65 1218/1337/65
f 1039/1210/14 1040/1213/14 1168/1341/14 1167/1338/14
f 1142/1211/117 1143/1214/117 1271/1342/117 1270/1339/117
f 1091/1212/66 1092/1215/66 1220/1343/66 1219/1340/66
f 1040/1213/15 1041/1216/15 1169/1344/15 1168/1341/15
f 1143/1214/118 1144/1217/118 1272/1345/118 1271/1342/118
f 1092/1215/67 1093/1218/67 1221/1346/67 1220/1343/67
f 1041/1216/16 1042/1219/16 1170/1347/16 1169/1344/16
f 1144/1217/119 1145/1220/119 1273/1348/119 1272/1345/119
f 1093/1218/68 1094/1221/68 1222/1349/68 1221/1346/68
f 1042/1219/17 1043/1222/17 1171/1350/17 1170/1347/17
f 1145/1220/120 1146/1223/120 1274/1351/120 1273/1348/120
f 1094/1221/69 1095/1224/69 1223/1352/69 1222/1349/69
f 1043/1222/18 1044/1225/18 1172/1353/18 1171/1350/18
f 1146/1223/121 1147/1226/121 1275/1354/121 1274/1351/121
f 1095/1224/70 1096/1227/70 1224/1355/70 1223/1352/70
f 1044/1225/19 1045/1228/19 1173/1356/19 1172/1353/19
f 1147/1226/122 1148/1229/122 1276/1357/122 1275/1354/122
f 1096/1227/71 1097/1230/71 1225/1358/71 1224/1355/71
f 1045/1228/20 1046/1231/20 1174/1359/20 1173/1356/20
f 1148/1229/123 1149/1232/123 1277/1360/123 1276/1357/123
f 1097/1230/72 1098/1233/72 1226/1361/72 1225/1358/72
f 1046/1231/21 1047/1234/21 1175/1362/21 1174/1359/21
f 1149/1232/124 1150/1235/124 1278/1363/124 1277/1360/124
f 1098/1233/73 1099/1236/73 1227/1364/73 1226/1361/73
f 1047/1234/22 1048/1237/22 1176/1365/22 1175/1362/22
f 1150/1235/125 1151/1238/125 1279/1366/125 1278/1363/125
f 1099/1236/74 1100/1239/74 1228/1367/74 1227/1364/74
f 1048/1237/23 1049/1240/23 1177/1368/23 1176/1365/23
f 1151/1238/126 1152/1241/126 1280/1369/126 1279/1366/126
f 1100/1239/75 1101/1242/75 1229/1370/75 1228/1367/75
f 1049/1240/24 1050/1243/24 1178/1371/24 1177/1368/24
f 1152/1241/128 1027/1174/128 1155/1302/128 1280/1369/128
f 1101/1242/76 1102/1244/76 1230/1372/76 1229/1370/76
f 1050/1243/25 1051/1245/25 1179/1373/25 1178/1371/25
f 1102/1244/77 1103/1246/77 1231/1374/77 1230/1372/77
f 1051/1245/26 1052/1247/26 1180/1375/26 1179/1373/26
f 1103/1246/78 1104/1248/78 1232/1376/78 1231/1374/78
f 1052/1247/27 1053/1249/27 1181/1377/27 1180/1375/27
f 1104/1248/79 1105/1250/79 1233/1378/79 1232/1376/79
f 1053/1249/28 1054/1251/28 1182/1379/28 1181/1377/28
f 1105/1250/127 1106/1252/127 1234/1380/127 1233/1378/127
f 1054/1251/29 1055/1253/29 1183/1381/29 1182/1379/29
f 1106/1252/81 1107/1254/81 1235/1382/81 1234/1380/81
f 1055/1253/30 1056/1255/30 1184/1383/30 1183/1381/30
f 1107/1254/82 1108/1256/82 1236/1384/82 1235/1382/82
f 1056/1255/31 1057/1257/31 1185/1385/31 1184/1383/31
f 1108/1256/83 1109/1258/83 1237/1386/83 1236/1384/83
f 1057/1257/32 1058/1259/32 1186/1387/32 1185/1385/32
f 1109/1258/84 1110/1260/84 1238/1388/84 1237/1386/84
f 1058/1259/33 1059/1261/33 1187/1389/33 1186/1387/33
f 1110/1260/85 1111/1262/85 1239/1390/85 1238/1388/85
f 1059/1261/34 1060/1263/34 1188/1391/34 1187/1389/34
f 1111/1262/86 1112/1264/86 1240/1392/86 1239/1390/86
f 1060/1263/35 1061/1265/35 1189/1393/35 1188/1391/35
f 1112/1264/87 1113/1266/87 1241/1394/87 1240/1392/87
f 1061/1265/36 1062/1267/36 1190/1395/36 1189/1393/36
f 1113/1266/88 1114/1268/88 1242/1396/88 1241/1394/88
f 1062/1267/37 1063/1269/37 1191/1397/37 1190/1395/37
f 1114/1268/89 1115/1270/89 1243/1398/89 1242/1396/89
f 1063/1269/38 1064/1271/38 1192/1399/38 1191/1397/38
f 1115/1270/90 1116/1272/90 1244/1400/90 1243/1398/90
f 1064/1271/39 1065/1273/39 1193/1401/39 1192/1399/39
f 1116/1272/91 1117/1274/91 1245/1402/91 1244/1400/91
f 1065/1273/40 1066/1275/40 1194/1403/40 1193/1401/40
f 1117/1274/92 1118/1276/92 1246/1404/92 1245/1402/92
f 1066/1275/41 1067/1277/41 1195/1405/41 1194/1403/41
f 1118/1276/93 1119/1278/93 1247/1406/93 1246/1404/93
f 1067/1277/42 1068/1279/42 1196/1407/42 1195/1405/42
f 1119/1278/94 1120/1280/94 1248/1408/94 1247/1406/94
f 1068/1279/43 1069/1281/43 1197/1409/43 1196/1407/43
f 1120/1280/95 1121/1282/95 1249/1410/95 1248/1408/95
f 1069/1281/44 1070/1283/44 1198/1411/44 1197/1409/44
f 1121/1282/96 1122/1284/96 1250/1412/96 1249/1410/96
f 1070/1283/45 1071/1285/45 1199/1413/45 1198/1411/45
f 1122/1284/97 1123/1286/97 1251/1414/97 1250/1412/97
f 1071/1285/46 1072/1287/46 1200/1415/46 1199/1413/46
f 1123/1286/98 1124/1288/98 1252/1416/98 1251/1414/98
f 1072/1287/47 1073/1036/47 1201/1417/47 1200/1415/47
f 1124/1288/99 1125/1165/99 1253/1418/99 1252/1416/99
f 1073/1036/48 1074/1035/48 1202/1163/48 1201/1417/48
f 1125/1165/100 1126/1164/100 1254/1294/100 1253/1418/100
f 1153/1299/130 1154/1298/130 1282/1419/130 1281/1420/130
f 1154/1298/130 1156/1305/130 1283/1421/130 1282/1419/130
f 1156/1305/130 1157/1308/130 1284/1422/130 1283/1421/130
f 1157/1308/130 1158/1311/130 1285/1423/130 1284/1422/130
f 1158/1311/130 1159/1314/130 1286/1424/130 1285/1423/130
f 1159/1314/130 1160/1317/130 1287/1425/130 1286/1424/130
f 1160/1317/130 1161/1320/130 1288/1426/130 1287/1425/130
f 1161/1320/130 1162/1323/130 1289/1427/130 1288/1426/130
f 1162/1323/130 1163/1326/130 1290/1428/130 1289/1427/130
f 1163/1326/130 1164/1329/130 1291/1429/130 1290/1428/130
f 1164/1329/130 1165/1332/130 1292/1430/130 1291/1429/130
f 1165/1332/130 1166/1335/130 1293/1431/130 1292/1430/130
f 1166/1335/130 1167/1338/130 1294/1432/130 1293/1431/130
f 1167/1338/130 1168/1341/130 1295/1433/130 1294/1432/130
f 1168/1341/130 1169/1344/130 1296/1434/130 1295/1433/130
f 1169/1344/130 1170/1347/130 1297/1435/130 1296/1434/130
f 1170/1347/130 1171/1350/130 1298/1436/130 1297/1435/130
f 1171/1350/130 1172/1353/130 1299/1437/130 1298/1436/130
f 1172/1353/130 1173/1356/130 1300/1438/130 1299/1437/130
f 1173/1356/130 1174/1359/130 1301/1439/130 1300/1438/130
f 1174/1359/130 1175/1362/130 1302/1440/130 1301/1439/130
f 1175/1362/130 1176/1365/130 1303/1441/130 1302/1440/130
f 1176/1365/130 1177/1368/130 1304/1442/130 1303/1441/130
f 1177/1368/130 1178/1371/130 1305/1443/130 1304/1442/130
f 1178/1371/130 1179/1373/130 1306/1444/130 1305/1443/130
f 1179/1373/130 1180/1375/130 1307/1445/130 1306/1444/130
f 1180/1375/130 1181/1377/130 1308/1446/130 1307/1445/130
f 1181/1377/130 1182/1379/130 1309/1447/130 1308/1446/130
f 1182/1379/130 1183/1381/130 1310/1448/130 1309/1447/130
f 1183/1381/130 1184/1383/130 1311/1449/130 1310/1448/130
f 1184/1383/130 1185/1385/130 1312/1450/130 1311/1449/130
f 1185/1385/130 1186/1387/130 1313/1451/130 1312/1450/130
f 1186/1387/130 1187/1389/130 1314/1452/130 1313/1451/130
f 1187/1389/130 1188/1391/130 1315/1453/130 1314/1452/130
f 1188/1391/130 1189/1393/130 1316/1454/130 1315/1453/130
f 1189/1393/130 1190/1395/130 1317/1455/130 1316/1454/130
f 1190/1395/130 1191/1397/130 1318/1456/130 1317/1455/130
f 1191/1397/130 1192/1399/130 1319/1457/130 1318/1456/130
f 1192/1399/130 1193/1401/130 1320/1458/130 1319/1457/130
f 1193/1401/130 1194/1403/130 1321/1459/130 1320/1458/130
f 1194/1403/130 1195/1405/130 1322/1460/130 1321/1459/130
f 1195/1405/130 1196/1407/130 1323/1461/130 1322/1460/130
f 1196/1407/130 1197/1409/130 1324/1462/130 1323/1461/130
f 1197/1409/130 1198/1411/130 1325/1463/130 1324/1462/130
f 1198/1411/130 1199/1413/130 1326/1464/130 1325/1463/130
f 1199/1413/130 1200/1415/130 1327/1465/130 1326/1464/130
f 1200/1415/130 1201/1417/130 1328/1466/130 1327/1465/130
f 1201/1417/130 1202/1163/130 1329/1467/130 1328/1466/130
f 1202/1163/130 1203/1162/130 1330/1468/130 1329/1467/130
f 1203/1162/130 1204/1295/130 1331/1469/130 1330/1468/130
f 1204/1295/130 1205/1297/130 1332/1470/130 1331/1469/130
f 1205/1297/130 1206/1301/130 1333/1471/130 1332/1470/130
f 1206/1301/130 1207/1304/130 1334/1472/130 1333/1471/130
f 1207/1304/130 1208/1307/130 1335/1473/130 1334/1472/130
f 1208/1307/130 1209/1310/130 1336/1474/130 1335/1473/130
f 1209/1310/130 1210/1313/130 1337/1475/130 1336/1474/130
f 1210/1313/130 1211/1316/130 1338/1476/130 1337/1475/130
f 1211/1316/130 1212/1319/130 1339/1477/130 1338/1476/130
f 1212/1319/130 1213/1322/130 1340/1478/130 1339/1477/130
f 1213/1322/130 1214/1325/130 1341/1479/130 1340/1478/130
f 1214/1325/130 1215/1328/130 1342/1480/130 1341/1479/130
f 1215/1328/130 1216/1331/130 1343/1481/130 1342/1480/130
f 1216/1331/130 1217/1334/130 1344/1482/130 1343/1481/130
f 1217/1334/130 1218/1337/130 1345/1483/130 1344/1482/130
f 1218/1337/130 1219/1340/130 1346/1484/130 1345/1483/130
f 1219/1340/130 1220/1343/130 1347/1485/130 1346/1484/130
f 1220/1343/130 1221/1346/130 1348/1486/130 1347/1485/130
f 1221/1346/130 1222/1349/130 1349/1487/130 1348/1486/130
f 1222/1349/130 1223/1352/130 1350/1289/130 1349/1487/130
f 1223/1352/130 1224/1355/130 1351/1290/130 1350/1289/130
f 1224/1355/130 1225/1358/130 1352/1488/130 1351/1290/130
f 1225/1358/130 1226/1361/130 1353/1489/130 1352/1488/130
f 1226/1361/130 1227/1364/130 1354/1490/130 1353/1489/130
f 1227/1364/130 1228/1367/130 1355/1491/130 1354/1490/130
f 1228/1367/130 1229/1370/130 1356/1492/130 1355/1491/130
f 1229/1370/130 1230/1372/130 1357/1493/130 1356/1492/130
f 1230/1372/130 1231/1374/130 1358/1494/130 1357/1493/130
f 1231/1374/130 1232/1376/130 1359/1495/130 1358/1494/130
f 1232/1376/130 1233/1378/130 1360/1496/130 1359/1495/130
f 1233/1378/130 1234/1380/130 1361/1497/130 1360/1496/130
f 1234/1380/130 1235/1382/130 1362/1498/130 1361/1497/130
f 1235/1382/130 1236/1384/130 1363/1499/130 1362/1498/130
f 1236/1384/130 1237/1386/130 1364/1500/130 1363/1499/130
f 1237/1386/130 1238/1388/130 1365/1501/130 1364/1500/130
f 1238/1388/130 1239/1390/130 1366/1502/130 1365/1501/130
f 1239/1390/130 1240/1392/130 1367/1503/130 1366/1502/130
f 1240/1392/130 1241/1394/130 1368/1504/130 1367/1503/130
f 1241/1394/130 1242/1396/130 1369/1505/130 1368/1504/130
f 1242/1396/130 1243/1398/130 1370/1506/130 1369/1505/130
f 1243/1398/130 1244/1400/130 1371/1507/130 1370/1506/130
f 1244/1400/130 1245/1402/130 1372/1508/130 1371/1507/130
f 1245/1402/130 1246/1404/130 1373/1509/130 1372/1508/130
f 1246/1404/130 1247/1406/130 1374/1510/130 1373/1509/130
f 1247/1406/130 1248/1408/130 1375/1511/130 1374/1510/130
f 1248/1408/130 1249/1410/130 1376/1512/130 1375/1511/130
f 1249/1410/130 1250/1412/130 1377/1513/130 1376/1512/130
f 1250/1412/130 1251/1414/130 1378/1514/130 1377/1513/130
f 1251/1414/130 1252/1416/130 1379/1515/130 1378/1514/130
f 1252/1416/130 1253/1418/130 1380/1516/130 1379/1515/130
f 1253/1418/130 1254/1294/130 1381/1517/130 1380/1516/130
f 1254/1294/130 1255/1293/130 1382/1518/130 1381/1517/130
f 1255/1293/130 1256/1296/130 1383/1519/130 1382/1518/130
f 1256/1296/130 1257/1300/130 1384/1520/130 1383/1519/130
f 1257/1300/130 1258/1303/130 1385/1521/130 1384/1520/130
f 1258/1303/130 1259/1306/130 1386/1522/130 1385/1521/130
f 1259/1306/130 1260/1309/130 1387/1523/130 1386/1522/130
f 1260/1309/130 1261/1312/130 1388/1524/130 1387/1523/130
f 1261/1312/130 1262/1315/130 1389/1525/130 1388/1524/130
f 1262/1315/130 1263/1318/130 1390/1526/130 1389/1525/130
f 1263/1318/130 1264/1321/130 1391/1527/130 1390/1526/130
f 1264/1321/130 1265/1324/130 1392/1528/130 1391/1527/130
f 1265/1324/130 1266/1327/130 1393/1529/130 1392/1528/130
f 1266/1327/130 1267/1330/130 1394/1530/130 1393/1529/130
f 1267/1330/130 1268/1333/130 1395/1531/130 1394/1530/130
f 1268/1333/130 1269/1336/130 1396/1532/130 1395/1531/130
f 1269/1336/130 1270/1339/130 1397/1533/130 1396/1532/130
f 1270/1339/130 1271/1342/130 1398/1534/130 1397/1533/130
f 1271/1342/130 1272/1345/130 1399/1535/130 1398/1534/130
f 1272/1345/130 1273/1348/130 1400/1536/130 1399/1535/130
f 1273/1348/130 1274/1351/130 1401/1537/130 1400/1536/130
f 1274/1351/130 1275/1354/130 1402/1538/130 1401/1537/130
f 1275/1354/130 1276/1357/130 1403/1539/130 1402/1538/130
f 1276/1357/130 1277/1360/130 1404/1540/130 1403/1539/130
f 1277/1360/130 1278/1363/130 1405/1541/130 1404/1540/130
f 1278/1363/130 1279/1366/130 1406/1542/130 1405/1541/130
f 1279/1366/130 1280/1369/130 1407/1543/130 1406/1542/130
f 1280/1369/130 1155/1302/130 1408/1544/130 1407/1543/130
f 1155/1302/130 1153/1299/130 1281/1420/130 1408/1544/130
f 1480/1291/131 1481/1545/131 1609/1546/131 1608/1547/131
f 1299/1437/19 1300/1438/19 1429/1548/19 1428/1549/19
f 1402/1538/122 1403/1539/122 1532/1550/122 1531/1551/122
f 1351/1290/71 1352/1488/71 1481/1545/71 1480/1291/71
f 1300/1438/20 1301/1439/20 1430/1552/20 1429/1548/20
f 1403/1539/123 1404/1540/123 1533/1553/123 1532/1550/123
f 1352/1488/72 1353/1489/72 1482/1554/72 1481/1545/72
f 1301/1439/21 1302/1440/21 1431/1555/21 1430/1552/21
f 1404/1540/124 1405/1541/124 1534/1556/124 1533/1553/124
f 1353/1489/73 1354/1490/73 1483/1557/73 1482/1554/73
f 1302/1440/22 1303/1441/22 1432/1558/22 1431/1555/22
f 1405/1541/125 1406/1542/125 1535/1559/125 1534/1556/125
f 1354/1490/74 1355/1491/74 1484/1560/74 1483/1557/74
f 1303/1441/23 1304/1442/23 1433/1561/23 1432/1558/23
f 1406/1542/126 1407/1543/126 1536/1562/126 1535/1559/126
f 1355/1491/75 1356/1492/75 1485/1563/75 1484/1560/75
f 1304/1442/24 1305/1443/24 1434/1564/24 1433/1561/24
f 1407/1543/128 1408/1544/128 1411/1565/128 1536/1562/128
f 1356/1492/76 1357/1493/76 1486/1566/76 1485/1563/76
f 1305/1443/25 1306/1444/25 1435/1567/25 1434/1564/25
f 1357/1493/77 1358/1494/77 1487/1568/77 1486/1566/77
f 1306/1444/26 1307/1445/26 1436/1569/26 1435/1567/26
f 1358/1494/78 1359/1495/78 1488/1570/78 1487/1568/78
f 1307/1445/27 1308/1446/27 1437/1571/27 1436/1569/27
f 1359/1495/79 1360/1496/79 1489/1572/79 1488/1570/79
f 1308/1446/28 1309/1447/28 1438/1573/28 1437/1571/28
f 1360/1496/127 1361/1497/127 1490/1574/127 1489/1572/127
f 1309/1447/29 1310/1448/29 1439/1575/29 1438/1573/29
f 1361/1497/81 1362/1498/81 1491/1576/81 1490/1574/81
f 1310/1448/30 1311/1449/30 1440/1577/30 1439/1575/30
f 1362/1498/82 1363/1499/82 1492/1578/82 1491/1576/82
f 1311/1449/31 1312/1450/31 1441/1579/31 1440/1577/31
f 1363/1499/83 1364/1500/83 1493/1580/83 1492/1578/83
f 1312/1450/32 1313/1451/32 1442/1581/32 1441/1579/32
f 1364/1500/84 1365/1501/84 1494/1582/84 1493/1580/84
f 1313/1451/33 1314/1452/33 1443/1583/33 1442/1581/33
f 1365/1501/85 1366/1502/85 1495/1584/85 1494/1582/85
f 1314/1452/34 1315/1453/34 1444/1585/34 1443/1583/34
f 1366/1502/86 1367/1503/86 1496/1586/86 1495/1584/86
f 1315/1453/35 1316/1454/35 1445/1587/35 1444/1585/35
f 1367/1503/87 1368/1504/87 1497/1588/87 1496/1586/87
f 1316/1454/36 1317/1455/36 1446/1589/36 1445/1587/36
f 1368/1504/88 1369/1505/88 1498/1590/88 1497/1588/88
f 1317/1455/37 1318/1456/37 1447/1591/37 1446/1589/37
f 1369/1505/89 1370/1506/89 1499/1592/89 1498/1590/89
f 1318/1456/38 1319/1457/38 1448/1593/38 1447/1591/38
f 1370/1506/90 1371/1507/90 1500/1594/90 1499/1592/90
f 1319/1457/39 1320/1458/39 1449/1595/39 1448/1593/39
f 1371/1507/91 1372/1508/91 1501/1596/91 1500/1594/91
f 1320/1458/40 1321/1459/40 1450/1597/40 1449/1595/40
f 1372/1508/92 1373/1509/92 1502/1598/92 1501/1596/92
f 1321/1459/41 1322/1460/41 1451/1599/41 1450/1597/41
f 1373/1509/93 1374/1510/93 1503/1600/93 1502/1598/93
f 1322/1460/42 1323/1461/42 1452/1601/42 1451/1599/42
f 1374/1510/94 1375/1511/94 1504/1602/94 1503/1600/94
f 1323/1461/43 1324/1462/43 1453/1603/43 1452/1601/43
f 1375/1511/95 1376/1512/95 1505/1604/95 1504/1602/95
f 1324/1462/44 1325/1463/44 1454/1605/44 1453/1603/44
f 1376/1512/96 1377/1513/96 1506/1606/96 1505/1604/96
f 1325/1463/45 1326/1464/45 1455/1607/45 1454/1605/45
f 1377/1513/97 1378/1514/97 1507/1608/97 1506/1606/97
f 1326/1464/46 1327/1465/46 1456/1609/46 1455/1607/46
f 1378/1514/98 1379/1515/98 1508/1610/98 1507/1608/98
f 1327/1465/47 1328/1466/47 1457/1611/47 1456/1609/47
f 1379/1515/99 1380/1516/99 1509/1612/99 1508/1610/99
f 1328/1466/48 1329/1467/48 1458/1613/48 1457/1611/48
f 1380/1516/100 1381/1517/100 1510/1614/100 1509/1612/100
f 1329/1467/49 1330/1468/49 1459/1615/49 1458/1613/49
f 1381/1517/101 1382/1518/101 1511/1616/101 1510/1614/101
f 1330/1468/50 1331/1469/50 1460/1617/50 1459/1615/50
f 1382/1518/102 1383/1519/102 1512/1618/102 1511/1616/102
f 1331/1469/51 1332/1470/51 1461/1619/51 1460/1617/51
f 1281/1420/1 1282/1419/1 1410/1620/1 1409/1621/1
f 1383/1519/103 1384/1520/103 1513/1622/103 1512/1618/103
f 1332/1470/52 1333/1471/52 1462/1623/52 1461/1619/52
f 1408/1544/129 1281/1420/129 1409/1621/129 1411/1565/129
f 1384/1520/104 1385/1521/104 1514/1624/104 1513/1622/104
f 1333/1471/53 1334/1472/53 1463/1625/53 1462/1623/53
f 1282/1419/2 1283/1421/2 1412/1626/2 1410/1620/2
f 1385/1521/105 1386/1522/105 1515/1627/105 1514/1624/105
f 1334/1472/54 1335/1473/54 1464/1628/54 1463/1625/54
f 1283/1421/3 1284/1422/3 1413/1629/3 1412/1626/3
f 1386/1522/106 1387/1523/106 1516/1630/106 1515/1627/106
f 1335/1473/55 1336/1474/55 1465/1631/55 1464/1628/55
f 1284/1422/4 1285/1423/4 1414/1632/4 1413/1629/4
f 1387/1523/107 1388/1524/107 1517/1633/107 1516/1630/107
f 1336/1474/56 1337/1475/56 1466/1634/56 1465/1631/56
f 1285/1423/5 1286/1424/5 1415/1635/5 1414/1632/5
f 1388/1524/108 1389/1525/108 1518/1636/108 1517/1633/108
f 1337/1475/57 1338/1476/57 1467/1637/57 1466/1634/57
f 1286/1424/6 1287/1425/6 1416/1638/6 1415/1635/6
f 1389/1525/109 1390/1526/109 1519/1639/109 1518/1636/109
f 1338/1476/58 1339/1477/58 1468/1640/58 1467/1637/58
f 1287/1425/7 1288/1426/7 1417/1641/7 1416/1638/7
f 1390/1526/110 1391/1527/110 1520/1642/110 1519/1639/110
f 1339/1477/59 1340/1478/59 1469/1643/59 1468/1640/59
f 1288/1426/8 1289/1427/8 1418/1644/8 1417/1641/8
f 1391/1527/111 1392/1528/111 1521/1645/111 1520/1642/111
f 1340/1478/60 1341/1479/60 1470/1646/60 1469/1643/60
f 1289/1427/9 1290/1428/9 1419/1647/9 1418/1644/9
f 1392/1528/112 1393/1529/112 1522/1648/112 1521/1645/112
f 1341/1479/61 1342/1480/61 1471/1649/61 1470/1646/61
f 1290/1428/10 1291/1429/10 1420/1650/10 1419/1647/10
f 1393/1529/113 1394/1530/113 1523/1651/113 1522/1648/113
f 1342/1480/62 1343/1481/62 1472/1652/62 1471/1649/62
f 1291/1429/11 1292/1430/11 1421/1653/11 1420/1650/11
f 1394/1530/114 1395/1531/114 1524/1654/114 1523/1651/114
f 1343/1481/63 1344/1482/63 1473/1655/63 1472/1652/63
f 1292/1430/12 1293/1431/12 1422/1656/12 1421/1653/12
f 1395/1531/115 1396/1532/115 1525/1657/115 1524/1654/115
f 1344/1482/64 1345/1483/64 1474/1658/64 1473/1655/64
f 1293/1431/13 1294/1432/13 1423/1659/13 1422/1656/13
f 1396/1532/116 1397/1533/116 1526/1660/116 1525/1657/116
f 1345/1483/65 1346/1484/65 1475/1661/65 1474/1658/65
f 1294/1432/14 1295/1433/14 1424/1662/14 1423/1659/14
f 1397/1533/117 1398/1534/117 1527/1663/117 1526/1660/117
f 1346/1484/66 1347/1485/66 1476/1664/66 1475/1661/66
f 1295/1433/15 1296/1434/15 1425/1665/15 1424/1662/15
f 1398/1534/118 1399/1535/118 1528/1666/118 1527/1663/118
f 1347/1485/67 1348/1486/67 1477/1667/67 1476/1664/67
f 1296/1434/16 1297/1435/16 1426/1668/16 1425/1665/16
f 1399/1535/119 1400/1536/119 1529/1669/119 1528/1666/119
f 1348/1486/68 1349/1487/68 1478/1670/68 1477/1667/68
f 1297/1435/17 1298/1436/17 1427/1671/17 1426/1668/17
f 1400/1536/120 1401/1537/120 1530/1672/120 1529/1669/120
f 1349/1487/69 1350/1289/69 1479/1292/69 1478/1670/69
f 1298/1436/18 1299/1437/18 1428/1549/18 1427/1671/18
f 1401/1537/121 1402/1538/121 1531/1551/121 1530/1672/121
f 1609/1546/72 1610/1673/72 1738/1674/72 1737/1675/72
f 1429/1548/131 1430/1552/131 1558/1676/131 1557/1677/131
f 1532/1550/131 1533/1553/131 1661/1678/131 1660/1679/131
f 1481/1545/131 1482/1554/131 1610/1673/131 1609/1546/131
f 1430/1552/131 1431/1555/131 1559/1680/131 1558/1676/131
f 1533/1553/131 1534/1556/131 1662/1681/131 1661/1678/131
f 1482/1554/131 1483/1557/131 1611/1682/131 1610/1673/131
f 1431/1555/131 1432/1558/131 1560/1683/131 1559/1680/131
f 1534/1556/131 1535/1559/131 1663/1684/131 1662/1681/131
f 1483/1557/131 1484/1560/131 1612/1685/131 1611/1682/131
f 1432/1558/131 1433/1561/131 1561/1686/131 1560/1683/131
f 1535/1559/131 1536/1562/131 1664/1687/131 1663/1684/131
f 1484/1560/131 1485/1563/131 1613/1688/131 1612/1685/131
f 1433/1561/131 1434/1564/131 1562/1689/131 1561/1686/131
f 1536/1562/131 1411/1565/131 1539/1690/131 1664/1687/131
f 1485/1563/131 1486/1566/131 1614/1691/131 1613/1688/131
f 1434/1564/131 1435/1567/131 1563/1692/131 1562/1689/131
f 1486/1566/131 1487/1568/131 1615/1693/131 1614/1691/131
f 1435/1567/131 1436/1569/131 1564/1694/131 1563/1692/131
f 1487/1568/131 1488/1570/131 1616/1695/131 1615/1693/131
f 1436/1569/131 1437/1571/131 1565/1696/131 1564/1694/131
f 1488/1570/131 1489/1572/131 1617/1697/131 1616/1695/131
f 1437/1571/131 1438/1573/131 1566/1698/131 1565/1696/131
f 1489/1572/131 1490/1574/131 1618/1699/131 1617/1697/131
f 1438/1573/131 1439/1575/131 1567/1700/131 1566/1698/131
f 1490/1574/131 1491/1576/131 1619/1701/131 1618/1699/131
f 1439/1575/131 1440/1577/131 1568/1702/131 1567/1700/131
f 1491/1576/131 1492/1578/131 1620/1703/131 1619/1701/131
f 1440/1577/131 1441/1579/131 1569/1704/131 1568/1702/131
f 1492/1578/131 1493/1580/131 1621/1705/131 1620/1703/131
f 1441/1579/131 1442/1581/131 1570/1706/131 1569/1704/131
f 1493/1580/131 1494/1582/131 1622/1707/131 1621/1705/131
f 1442/1581/131 1443/1583/131 1571/1708/131 1570/1706/131
f 1494/1582/131 1495/1584/131 1623/1709/131 1622/1707/131
f 1443/1583/131 1444/1585/131 1572/1710/131 1571/1708/131
f 1495/1584/131 1496/1586/131 1624/1711/131 1623/1709/131
f 1444/1585/131 1445/1587/131 1573/1712/131 1572/1710/131
f 1496/1586/131 1497/1588/131 1625/1713/131 1624/1711/131
f 1445/1587/131 1446/1589/131 1574/1714/131 1573/1712/131
f 1497/1588/131 1498/1590/131 1626/1715/131 1625/1713/131
f 1446/1589/131 1447/1591/131 1575/1716/131 1574/1714/131
f 1498/1590/131 1499/1592/131 1627/1717/131 1626/1715/131
f 1447/1591/131 1448/1593/131 1576/1718/131 1575/1716/131
f 1499/1592/131 1500/1594/131 1628/1719/131 1627/1717/131
f 1448/1593/131 1449/1595/131 1577/1720/131 1576/1718/131
f 1500/1594/131 1501/1596/131 1629/1721/131 1628/1719/131
f 1449/1595/131 1450/1597/131 1578/1722/131 1577/1720/131
f 1501/1596/131 1502/1598/131 1630/1723/131 1629/1721/131
f 1450/1597/131 1451/1599/131 1579/1724/131 1578/1722/131
f 1502/1598/131 1503/1600/131 1631/1725/131 1630/1723/131
f 1451/1599/131 1452/1601/131 1580/1726/131 1579/1724/131
f 1503/1600/131 1504/1602/131 1632/1727/131 1631/1725/131
f 1452/1601/131 1453/1603/131 1581/1728/131 1580/1726/131
f 1504/1602/131 1505/1604/131 1633/1729/131 1632/1727/131
f 1453/1603/131 1454/1605/131 1582/1730/131 1581/1728/131
f 1505/1604/131 1506/1606/131 1634/1731/131 1633/1729/131
f 1454/1605/131 1455/1607/131 1583/1732/131 1582/1730/131
f 1506/1606/131 1507/1608/131 1635/1733/131 1634/1731/131
f 1455/1607/131 1456/1609/131 1584/1734/131 1583/1732/131
f 1507/1608/131 1508/1610/131 1636/1735/131 1635/1733/131
f 1456/1609/131 1457/1611/131 1585/1736/131 1584/1734/131
f 1508/1610/131 1509/1612/131 1637/1737/131 1636/1735/131
f 1457/1611/131 1458/1613/131 1586/1738/131 1585/1736/131
f 1509/1612/131 1510/1614/131 1638/1739/131 1637/1737/131
f 1458/1613/131 1459/1615/131 1587/1740/131 1586/1738/131
f 1510/1614/131 1511/1616/131 1639/1741/131 1638/1739/131
f 1459/1615/131 1460/1617/131 1588/1742/131 1587/1740/131
f 1511/1616/131 1512/1618/131 1640/1743/131 1639/1741/131
f 1460/1617/131 1461/1619/131 1589/1744/131 1588/1742/131
f 1409/1621/131 1410/1620/131 1538/1745/131 1537/1746/131
f 1512/1618/131 1513/1622/131 1641/1747/131 1640/1743/131
f 1461/1619/131 1462/1623/131 1590/1748/131 1589/1744/131
f 1411/1565/131 1409/1621/131 1537/1746/131 1539/1690/131
f 1513/1622/131 1514/1624/131 1642/1749/131 1641/1747/131
f 1462/1623/131 1463/1625/131 1591/1750/131 1590/1748/131
f 1410/1620/131 1412/1626/131 1540/1751/131 1538/1745/131
f 1514/1624/131 1515/1627/131 1643/1752/131 1642/1749/131
f 1463/1625/131 1464/1628/131 1592/1753/131 1591/1750/131
f 1412/1626/131 1413/1629/131 1541/1754/131 1540/1751/131
f 1515/1627/131 1516/1630/131 1644/1755/131 1643/1752/131
f 1464/1628/131 1465/1631/131 1593/1756/131 1592/1753/131
f 1413/1629/131 1414/1632/131 1542/1757/131 1541/1754/131
f 1516/1630/131 1517/1633/131 1645/1758/131 1644/1755/131
f 1465/1631/131 1466/1634/131 1594/1759/131 1593/1756/131
f 1414/1632/131 1415/1635/131 1543/1760/131 1542/1757/131
f 1517/1633/131 1518/1636/131 1646/1761/131 1645/1758/131
f 1466/1634/131 1467/1637/131 1595/1762/131 1594/1759/131
f 1415/1635/131 1416/1638/131 1544/1763/131 1543/1760/131
f 1518/1636/131 1519/1639/131 1647/1764/131 1646/1761/131
f 1467/1637/131 1468/1640/131 1596/1765/131 1595/1762/131
f 1416/1638/131 1417/1641/131 1545/1766/131 1544/1763/131
f 1519/1639/131 1520/1642/131 1648/1767/131 1647/1764/131
f 1468/1640/131 1469/1643/131 1597/1768/131 1596/1765/131
f 1417/1641/131 1418/1644/131 1546/1769/131 1545/1766/131
f 1520/1642/131 1521/1645/131 1649/1770/131 1648/1767/131
f 1469/1643/131 1470/1646/131 1598/1771/131 1597/1768/131
f 1418/1644/131 1419/1647/131 1547/1772/131 1546/1769/131
f 1521/1645/131 1522/1648/131 1650/1773/131 1649/1770/131
f 1470/1646/131 1471/1649/131 1599/1774/131 1598/1771/131
f 1419/1647/131 1420/1650/131 1548/1775/131 1547/1772/131
f 1522/1648/131 1523/1651/131 1651/1776/131 1650/1773/131
f 1471/1649/131 1472/1652/131 1600/1777/131 1599/1774/131
f 1420/1650/131 1421/1653/131 1549/1778/131 1548/1775/131
f 1523/1651/131 1524/1654/131 1652/1779/131 1651/1776/131
f 1472/1652/131 1473/1655/131 1601/1780/131 1600/1777/131
f 1421/1653/131 1422/1656/131 1550/1781/131 1549/1778/131
f 1524/1654/131 1525/1657/131 1653/1782/131 1652/1779/131
f 1473/1655/131 1474/1658/131 1602/1783/131 1601/1780/131
f 1422/1656/131 1423/1659/131 1551/1784/131 1550/1781/131
f 1525/1657/131 1526/1660/131 1654/1785/131 1653/1782/131
f 1474/1658/131 1475/1661/131 1603/1786/131 1602/1783/131
f 1423/1659/131 1424/1662/131 1552/1787/131 1551/1784/131
f 1526/1660/131 1527/1663/131 1655/1788/131 1654/1785/131
f 1475/1661/131 1476/1664/131 1604/1789/131 1603/1786/131
f 1424/1662/131 1425/1665/131 1553/1790/131 1552/1787/131
f 1527/1663/131 1528/1666/131 1656/1791/131 1655/1788/131
f 1476/1664/131 1477/1667/131 1605/1792/131 1604/1789/131
f 1425/1665/131 1426/1668/131 1554/1793/131 1553/1790/131
f 1528/1666/131 1529/1669/131 1657/1794/131 1656/1791/131
f 1477/1667/131 1478/1670/131 1606/1795/131 1605/1792/131
f 1426/1668/131 1427/1671/131 1555/1796/131 1554/1793/131
f 1529/1669/131 1530/1672/131 1658/1797/131 1657/1794/131
f 1478/1670/131 1479/1292/131 1607/1798/131 1606/1795/131
f 1427/1671/131 1428/1549/131 1556/1799/131 1555/1796/131
f 1530/1672/131 1531/1551/131 1659/1800/131 1658/1797/131
f 1479/1292/131 1480/1291/131 1608/1547/131 1607/1798/131
f 1428/1549/131 1429/1548/131 1557/1677/131 1556/1799/131
f 1531/1551/131 1532/1550/131 1660/1679/131 1659/1800/131
f 1892/1801/100 1893/1802/100 2022/1803/100 2021/1804/100
f 1558/1676/21 1559/1680/21 1687/1805/21 1686/1806/21
f 1661/1678/124 1662/1681/124 1790/1807/124 1789/1808/124
f 1610/1673/73 1611/1682/73 1739/1809/73 1738/1674/73
f 1559/1680/22 1560/1683/22 1688/1810/22 1687/1805/22
f 1662/1681/125 1663/1684/125 1791/1811/125 1790/1807/125
f 1611/1682/74 1612/1685/74 1740/1812/74 1739/1809/74
f 1560/1683/23 1561/1686/23 1689/1813/23 1688/1810/23
f 1663/1684/126 1664/1687/126 1792/1814/126 1791/1811/126
f 1612/1685/75 1613/1688/75 1741/1815/75 1740/1812/75
f 1561/1686/24 1562/1689/24 1690/1816/24 1689/1813/24
f 1664/1687/128 1539/1690/128 1667/1817/128 1792/1814/128
f 1613/1688/76 1614/1691/76 1742/1818/76 1741/1815/76
f 1562/1689/25 1563/1692/25 1691/1819/25 1690/1816/25
f 1614/1691/77 1615/1693/77 1743/1820/77 1742/1818/77
f 1563/1692/26 1564/1694/26 1692/1821/26 1691/1819/26
f 1615/1693/78 1616/1695/78 1744/1822/78 1743/1820/78
f 1564/1694/27 1565/1696/27 1693/1823/27 1692/1821/27
f 1616/1695/79 1617/1697/79 1745/1824/79 1744/1822/79
f 1565/1696/28 1566/1698/28 1694/1825/28 1693/1823/28
f 1617/1697/80 1618/1699/80 1746/1826/80 1745/1824/80
f 1566/1698/29 1567/1700/29 1695/1827/29 1694/1825/29
f 1618/1699/81 1619/1701/81 1747/1828/81 1746/1826/81
f 1567/1700/30 1568/1702/30 1696/1829/30 1695/1827/30
f 1619/1701/82 1620/1703/82 1748/1830/82 1747/1828/82
f 1568/1702/31 1569/1704/31 1697/1831/31 1696/1829/31
f 1620/1703/83 1621/1705/83 1749/1832/83 1748/1830/83
f 1569/1704/32 1570/1706/32 1698/1833/32 1697/1831/32
f 1621/1705/84 1622/1707/84 1750/1834/84 1749/1832/84
f 1570/1706/33 1571/1708/33 1699/1835/33 1698/1833/33
f 1622/1707/85 1623/1709/85 1751/1836/85 1750/1834/85
f 1571/1708/34 1572/1710/34 1700/1837/34 1699/1835/34
f 1623/1709/86 1624/1711/86 1752/1838/86 1751/1836/86
f 1572/1710/35 1573/1712/35 1701/1839/35 1700/1837/35
f 1624/1711/87 1625/1713/87 1753/1840/87 1752/1838/87
f 1573/1712/36 1574/1714/36 1702/1841/36 1701/1839/36
f 1625/1713/88 1626/1715/88 1754/1842/88 1753/1840/88
f 1574/1714/37 1575/1716/37 1703/1843/37 1702/1841/37
f 1626/1715/89 1627/1717/89 1755/1844/89 1754/1842/89
f 1575/1716/38 1576/1718/38 1704/1845/38 1703/1843/38
f 1627/1717/90 1628/1719/90 1756/1846/90 1755/1844/90
f 1576/1718/39 1577/1720/39 1705/1847/39 1704/1845/39
f 1628/1719/91 1629/1721/91 1757/1848/91 1756/1846/91
f 1577/1720/40 1578/1722/40 1706/1849/40 1705/1847/40
f 1629/1721/92 1630/1723/92 1758/1850/92 1757/1848/92
f 1578/1722/41 1579/1724/41 1707/1851/41 1706/1849/41
f 1630/1723/93 1631/1725/93 1759/1852/93 1758/1850/93
f 1579/1724/42 1580/1726/42 1708/1853/42 1707/1851/42
f 1631/1725/94 1632/1727/94 1760/1854/94 1759/1852/94
f 1580/1726/43 1581/1728/43 1709/1855/43 1708/1853/43
f 1632/1727/95 1633/1729/95 1761/1856/95 1760/1854/95
f 1581/1728/44 1582/1730/44 1710/1857/44 1709/1855/44
f 1633/1729/96 1634/1731/96 1762/1858/96 1761/1856/96
f 1582/1730/45 1583/1732/45 1711/1859/45 1710/1857/45
f 1634/1731/97 1635/1733/97 1763/1860/97 1762/1858/97
f 1583/1732/46 1584/1734/46 1712/1861/46 1711/1859/46
f 1635/1733/98 1636/1735/98 1764/1862/98 1763/1860/98
f 1584/1734/47 1585/1736/47 1713/1863/47 1712/1861/47
f 1636/1735/99 1637/1737/99 1765/1864/99 1764/1862/99
f 1585/1736/48 1586/1738/48 1714/1865/48 1713/1863/48
f 1637/1737/100 1638/1739/100 1766/1866/100 1765/1864/100
f 1586/1738/49 1587/1740/49 1715/1867/49 1714/1865/49
f 1638/1739/101 1639/1741/101 1767/1868/101 1766/1866/101
f 1587/1740/50 1588/1742/50 1716/1869/50 1715/1867/50
f 1639/1741/102 1640/1743/102 1768/1870/102 1767/1868/102
f 1588/1742/51 1589/1744/51 1717/1871/51 1716/1869/51
f 1537/1746/1 1538/1745/1 1666/1872/1 1665/1873/1
f 1640/1743/103 1641/1747/103 1769/1874/103 1768/1870/103
f 1589/1744/52 1590/1748/52 1718/1875/52 1717/1871/52
f 1539/1690/129 1537/1746/129 1665/1873/129 1667/1817/129
f 1641/1747/104 1642/1749/104 1770/1876/104 1769/1874/104
f 1590/1748/53 1591/1750/53 1719/1877/53 1718/1875/53
f 1538/1745/2 1540/1751/2 1668/1878/2 1666/1872/2
f 1642/1749/105 1643/1752/105 1771/1879/105 1770/1876/105
f 1591/1750/54 1592/1753/54 1720/1880/54 1719/1877/54
f 1540/1751/3 1541/1754/3 1669/1881/3 1668/1878/3
f 1643/1752/106 1644/1755/106 1772/1882/106 1771/1879/106
f 1592/1753/55 1593/1756/55 1721/1883/55 1720/1880/55
f 1541/1754/4 1542/1757/4 1670/1884/4 1669/1881/4
f 1644/1755/107 1645/1758/107 1773/1885/107 1772/1882/107
f 1593/1756/56 1594/1759/56 1722/1886/56 1721/1883/56
f 1542/1757/5 1543/1760/5 1671/1887/5 1670/1884/5
f 1645/1758/108 1646/1761/108 1774/1888/108 1773/1885/108
f 1594/1759/57 1595/1762/57 1723/1889/57 1722/1886/57
f 1543/1760/6 1544/1763/6 1672/1890/6 1671/1887/6
f 1646/1761/109 1647/1764/109 1775/1891/109 1774/1888/109
f 1595/1762/58 1596/1765/58 1724/1892/58 1723/1889/58
f 1544/1763/7 1545/1766/7 1673/1893/7 1672/1890/7
f 1647/1764/110 1648/1767/110 1776/1894/110 1775/1891/110
f 1596/1765/59 1597/1768/59 1725/1895/59 1724/1892/59
f 1545/1766/8 1546/1769/8 1674/1896/8 1673/1893/8
f 1648/1767/111 1649/1770/111 1777/1897/111 1776/1894/111
f 1597/1768/60 1598/1771/60 1726/1898/60 1725/1895/60
f 1546/1769/9 1547/1772/9 1675/1899/9 1674/1896/9
f 1649/1770/112 1650/1773/112 1778/1900/112 1777/1897/112
f 1598/1771/61 1599/1774/61 1727/1901/61 1726/1898/61
f 1547/1772/10 1548/1775/10 1676/1902/10 1675/1899/10
f 1650/1773/113 1651/1776/113 1779/1903/113 1778/1900/113
f 1599/1774/62 1600/1777/62 1728/1904/62 1727/1901/62
f 1548/1775/11 1549/1778/11 1677/1905/11 1676/1902/11
f 1651/1776/114 1652/1779/114 1780/1906/114 1779/1903/114
f 1600/1777/63 1601/1780/63 1729/1907/63 1728/1904/63
f 1549/1778/12 1550/1781/12 1678/1908/12 1677/1905/12
f 1652/1779/115 1653/1782/115 1781/1909/115 1780/1906/115
f 1601/1780/64 1602/1783/64 1730/1910/64 1729/1907/64
f 1550/1781/13 1551/1784/13 1679/1911/13 1678/1908/13
f 1653/1782/116 1654/1785/116 1782/1912/116 1781/1909/116
f 1602/1783/65 1603/1786/65 1731/1913/65 1730/1910/65
f 1551/1784/14 1552/1787/14 1680/1914/14 1679/1911/14
f 1654/1785/117 1655/1788/117 1783/1915/117 1782/1912/117
f 1603/1786/66 1604/1789/66 1732/1916/66 1731/1913/66
f 1552/1787/15 1553/1790/15 1681/1917/15 1680/1914/15
f 1655/1788/118 1656/1791/118 1784/1918/118 1783/1915/118
f 1604/1789/67 1605/1792/67 1733/1919/67 1732/1916/67
f 1553/1790/16 1554/1793/16 1682/1920/16 1681/1917/16
f 1656/1791/119 1657/1794/119 1785/1921/119 1784/1918/119
f 1605/1792/68 1606/1795/68 1734/1922/68 1733/1919/68
f 1554/1793/17 1555/1796/17 1683/1923/17 1682/1920/17
f 1657/1794/120 1658/1797/120 1786/1924/120 1785/1921/120
f 1606/1795/69 1607/1798/69 1735/1925/69 1734/1922/69
f 1555/1796/18 1556/1799/18 1684/1926/18 1683/1923/18
f 1658/1797/121 1659/1800/121 1787/1927/121 1786/1924/121
f 1607/1798/70 1608/1547/70 1736/1928/70 1735/1925/70
f 1556/1799/19 1557/1677/19 1685/1929/19 1684/1926/19
f 1659/1800/122 1660/1679/122 1788/1930/122 1787/1927/122
f 1608/1547/71 1609/1546/71 1737/1675/71 1736/1928/71
f 1557/1677/20 1558/1676/20 1686/1806/20 1685/1929/20
f 1660/1679/123 1661/1678/123 1789/1808/123 1788/1930/123
f 1665/1873/130 1666/1872/130 1794/1931/130 1793/1932/130
f 1666/1872/130 1668/1878/130 1795/1933/130 1794/1931/130
f 1668/1878/130 1669/1881/130 1796/1934/130 1795/1933/130
f 1669/1881/130 1670/1884/130 1797/1935/130 1796/1934/130
f 1670/1884/130 1671/1887/130 1798/1936/130 1797/1935/130
f 1671/1887/130 1672/1890/130 1799/1937/130 1798/1936/130
f 1672/1890/130 1673/1893/130 1800/1938/130 1799/1937/130
f 1673/1893/130 1674/1896/130 1801/1939/130 1800/1938/130
f 1674/1896/130 1675/1899/130 1802/1940/130 1801/1939/130
f 1675/1899/130 1676/1902/130 1803/1941/130 1802/1940/130
f 1676/1902/130 1677/1905/130 1804/1942/130 1803/1941/130
f 1677/1905/130 1678/1908/130 1805/1943/130 1804/1942/130
f 1678/1908/130 1679/1911/130 1806/1944/130 1805/1943/130
f 1679/1911/130 1680/1914/130 1807/1945/130 1806/1944/130
f 1680/1914/130 1681/1917/130 1808/1946/130 1807/1945/130
f 1681/1917/130 1682/1920/130 1809/1947/130 1808/1946/130
f 1682/1920/130 1683/1923/130 1810/1948/130 1809/1947/130
f 1683/1923/130 1684/1926/130 1811/1949/130 1810/1948/130
f 1684/1926/130 1685/1929/130 1812/1950/130 1811/1949/130
f 1685/1929/130 1686/1806/130 1813/1951/130 1812/1950/130
f 1686/1806/130 1687/1805/130 1814/1952/130 1813/1951/130
f 1687/1805/130 1688/1810/130 1815/1953/130 1814/1952/130
f 1688/1810/130 1689/1813/130 1816/1954/130 1815/1953/130
f 1689/1813/130 1690/1816/130 1817/1955/130 1816/1954/130
f 1690/1816/130 1691/1819/130 1818/1956/130 1817/1955/130
f 1691/1819/130 1692/1821/130 1819/1957/130 1818/1956/130
f 1692/1821/130 1693/1823/130 1820/1958/130 1819/1957/130
f 1693/1823/130 1694/1825/130 1821/1959/130 1820/1958/130
f 1694/1825/130 1695/1827/130 1822/1960/130 1821/1959/130
f 1695/1827/130 1696/1829/130 1823/1961/130 1822/1960/130
f 1696/1829/130 1697/1831/130 1824/1962/130 1823/1961/130
f 1697/1831/130 1698/1833/130 1825/1963/130 1824/1962/130
f 1698/1833/130 1699/1835/130 1826/1964/130 1825/1963/130
f 1699/1835/130 1700/1837/130 1827/1965/130 1826/1964/130
f 1700/1837/130 1701/1839/130 1828/1966/130 1827/1965/130
f 1701/1839/130 1702/1841/130 1829/1967/130 1828/1966/130
f 1702/1841/130 1703/1843/130 1830/1968/130 1829/1967/130
f 1703/1843/130 1704/1845/130 1831/1969/130 1830/1968/130
f 1704/1845/130 1705/1847/130 1832/1970/130 1831/1969/130
f 1705/1847/130 1706/1849/130 1833/1971/130 1832/1970/130
f 1706/1849/130 1707/1851/130 1834/1972/130 1833/1971/130
f 1707/1851/130 1708/1853/130 1835/1973/130 1834/1972/130
f 1708/1853/130 1709/1855/130 1836/1974/130 1835/1973/130
f 1709/1855/130 1710/1857/130 1837/1975/130 1836/1974/130
f 1710/1857/130 1711/1859/130 1838/1976/130 1837/1975/130
f 1711/1859/130 1712/1861/130 1839/1977/130 1838/1976/130
f 1712/1861/130 1713/1863/130 1840/1978/130 1839/1977/130
f 1713/1863/130 1714/1865/130 1841/1979/130 1840/1978/130
f 1714/1865/130 1715/1867/130 1842/1980/130 1841/1979/130
f 1715/1867/130 1716/1869/130 1843/1981/130 1842/1980/130
f 1716/1869/130 1717/1871/130 1844/1982/130 1843/1981/130
f 1717/1871/130 1718/1875/130 1845/1983/130 1844/1982/130
f 1718/1875/130 1719/1877/130 1846/1984/130 1845/1983/130
f 1719/1877/130 1720/1880/130 1847/1985/130 1846/1984/130
f 1720/1880/130 1721/1883/130 1848/1986/130 1847/1985/130
f 1721/1883/130 1722/1886/130 1849/1987/130 1848/1986/130
f 1722/1886/130 1723/1889/130 1850/1988/130 1849/1987/130
f 1723/1889/130 1724/1892/130 1851/1989/130 1850/1988/130
f 1724/1892/130 1725/1895/130 1852/1990/130 1851/1989/130
f 1725/1895/130 1726/1898/130 1853/1991/130 1852/1990/130
f 1726/1898/130 1727/1901/130 1854/1992/130 1853/1991/130
f 1727/1901/130 1728/1904/130 1855/1993/130 1854/1992/130
f 1728/1904/130 1729/1907/130 1856/1994/130 1855/1993/130
f 1729/1907/130 1730/1910/130 1857/1995/130 1856/1994/130
f 1730/1910/130 1731/1913/130 1858/1996/130 1857/1995/130
f 1731/1913/130 1732/1916/130 1859/1997/130 1858/1996/130
f 1732/1916/130 1733/1919/130 1860/1998/130 1859/1997/130
f 1733/1919/130 1734/1922/130 1861/1999/130 1860/1998/130
f 1734/1922/130 1735/1925/130 1862/2000/130 1861/1999/130
f 1735/1925/130 1736/1928/130 1863/2001/130 1862/2000/130
f 1736/1928/130 1737/1675/130 1864/2002/130 1863/2001/130
f 1737/1675/130 1738/1674/130 1865/2003/130 1864/2002/130
f 1738/1674/130 1739/1809/130 1866/2004/130 1865/2003/130
f 1739/1809/130 1740/1812/130 1867/2005/130 1866/2004/130
f 1740/1812/130 1741/1815/130 1868/2006/130 1867/2005/130
f 1741/1815/130 1742/1818/130 1869/2007/130 1868/2006/130
f 1742/1818/130 1743/1820/130 1870/2008/130 1869/2007/130
f 1743/1820/130 1744/1822/130 1871/2009/130 1870/2008/130
f 1744/1822/130 1745/1824/130 1872/2010/130 1871/2009/130
f 1745/1824/130 1746/1826/130 1873/2011/130 1872/2010/130
f 1746/1826/130 1747/1828/130 1874/2012/130 1873/2011/130
f 1747/1828/130 1748/1830/130 1875/2013/130 1874/2012/130
f 1748/1830/130 1749/1832/130 1876/2014/130 1875/2013/130
f 1749/1832/130 1750/1834/130 1877/2015/130 1876/2014/130
f 1750/1834/130 1751/1836/130 1878/2016/130 1877/2015/130
f 1751/1836/130 1752/1838/130 1879/2017/130 1878/2016/130
f 1752/1838/130 1753/1840/130 1880/2018/130 1879/2017/130
f 1753/1840/130 1754/1842/130 1881/2019/130 1880/2018/130
f 1754/1842/130 1755/1844/130 1882/2020/130 1881/2019/130
f 1755/1844/130 1756/1846/130 1883/2021/130 1882/2020/130
f 1756/1846/130 1757/1848/130 1884/2022/130 1883/2021/130
f 1757/1848/130 1758/1850/130 1885/2023/130 1884/2022/130
f 1758/1850/130 1759/1852/130 1886/2024/130 1885/2023/130
f 1759/1852/130 1760/1854/130 1887/2025/130 1886/2024/130
f 1760/1854/130 1761/1856/130 1888/2026/130 1887/2025/130
f 1761/1856/130 1762/1858/130 1889/2027/130 1888/2026/130
f 1762/1858/130 1763/1860/130 1890/2028/130 1889/2027/130
f 1763/1860/130 1764/1862/130 1891/2029/130 1890/2028/130
f 1764/1862/130 1765/1864/130 1892/1801/130 1891/2029/130
f 1765/1864/130 1766/1866/130 1893/1802/130 1892/1801/130
f 1766/1866/130 1767/1868/130 1894/2030/130 1893/1802/130
f 1767/1868/130 1768/1870/130 1895/2031/130 1894/2030/130
f 1768/1870/130 1769/1874/130 1896/2032/130 1895/2031/130
f 1769/1874/130 1770/1876/130 1897/2033/130 1896/2032/130
f 1770/1876/130 1771/1879/130 1898/2034/130 1897/2033/130
f 1771/1879/130 1772/1882/130 1899/2035/130 1898/2034/130
f 1772/1882/130 1773/1885/130 1900/2036/130 1899/2035/130
f 1773/1885/130 1774/1888/130 1901/2037/130 1900/2036/130
f 1774/1888/130 1775/1891/130 1902/2038/130 1901/2037/130
f 1775/1891/130 1776/1894/130 1903/2039/130 1902/2038/130
f 1776/1894/130 1777/1897/130 1904/2040/130 1903/2039/130
f 1777/1897/130 1778/1900/130 1905/2041/130 1904/2040/130
f 1778/1900/130 1779/1903/130 1906/2042/130 1905/2041/130
f 1779/1903/130 1780/1906/130 1907/2043/130 1906/2042/130
f 1780/1906/130 1781/1909/130 1908/2044/130 1907/2043/130
f 1781/1909/130 1782/1912/130 1909/2045/130 1908/2044/130
f 1782/1912/130 1783/1915/130 1910/2046/130 1909/2045/130
f 1783/1915/130 1784/1918/130 1911/2047/130 1910/2046/130
f 1784/1918/130 1785/1921/130 1912/2048/130 1911/2047/130
f 1785/1921/130 1786/1924/130 1913/2049/130 1912/2048/130
f 1786/1924/130 1787/1927/130 1914/2050/130 1913/2049/130
f 1787/1927/130 1788/1930/130 1915/2051/130 1914/2050/130
f 1788/1930/130 1789/1808/130 1916/2052/130 1915/2051/130
f 1789/1808/130 1790/1807/130 1917/2053/130 1916/2052/130
f 1790/1807/130 1791/1811/130 1918/2054/130 1917/2053/130
f 1791/1811/130 1792/1814/130 1919/2055/130 1918/2054/130
f 1792/1814/130 1667/1817/130 1920/2056/130 1919/2055/130
f 1667/1817/130 1665/1873/130 1793/1932/130 1920/2056/130
f 2022/1803/131 2023/2057/131 2151/2058/131 2150/2059/131
f 1841/1979/49 1842/1980/49 1971/2060/49 1970/2061/49
f 1893/1802/101 1894/2030/101 2023/2057/101 2022/1803/101
f 1842/1980/50 1843/1981/50 1972/2062/50 1971/2060/50
f 1894/2030/102 1895/2031/102 2024/2063/102 2023/2057/102
f 1843/1981/51 1844/1982/51 1973/2064/51 1972/2062/51
f 1793/1932/1 1794/1931/1 1922/2065/1 1921/2066/1
f 1895/2031/103 1896/2032/103 2025/2067/103 2024/2063/103
f 1844/1982/52 1845/1983/52 1974/2068/52 1973/2064/52
f 1920/2056/129 1793/1932/129 1921/2066/129 1923/2069/129
f 1896/2032/104 1897/2033/104 2026/2070/104 2025/2067/104
f 1845/1983/53 1846/1984/53 1975/2071/53 1974/2068/53
f 1794/1931/2 1795/1933/2 1924/2072/2 1922/2065/2
f 1897/2033/105 1898/2034/105 2027/2073/105 2026/2070/105
f 1846/1984/54 1847/1985/54 1976/2074/54 1975/2071/54
f 1795/1933/3 1796/1934/3 1925/2075/3 1924/2072/3
f 1898/2034/106 1899/2035/106 2028/2076/106 2027/2073/106
f 1847/1985/55 1848/1986/55 1977/2077/55 1976/2074/55
f 1796/1934/4 1797/1935/4 1926/2078/4 1925/2075/4
f 1899/2035/107 1900/2036/107 2029/2079/107 2028/2076/107
f 1848/1986/56 1849/1987/56 1978/2080/56 1977/2077/56
f 1797/1935/5 1798/1936/5 1927/2081/5 1926/2078/5
f 1900/2036/108 1901/2037/108 2030/2082/108 2029/2079/108
f 1849/1987/57 1850/1988/57 1979/2083/57 1978/2080/57
f 1798/1936/6 1799/1937/6 1928/2084/6 1927/2081/6
f 1901/2037/109 1902/2038/109 2031/2085/109 2030/2082/109
f 1850/1988/58 1851/1989/58 1980/2086/58 1979/2083/58
f 1799/1937/7 1800/1938/7 1929/2087/7 1928/2084/7
f 1902/2038/110 1903/2039/110 2032/2088/110 2031/2085/110
f 1851/1989/59 1852/1990/59 1981/2089/59 1980/2086/59
f 1800/1938/8 1801/1939/8 1930/2090/8 1929/2087/8
f 1903/2039/111 1904/2040/111 2033/2091/111 2032/2088/111
f 1852/1990/60 1853/1991/60 1982/2092/60 1981/2089/60
f 1801/1939/9 1802/1940/9 1931/2093/9 1930/2090/9
f 1904/2040/112 1905/2041/112 2034/2094/112 2033/2091/112
f 1853/1991/61 1854/1992/61 1983/2095/61 1982/2092/61
f 1802/1940/10 1803/1941/10 1932/2096/10 1931/2093/10
f 1905/2041/113 1906/2042/113 2035/2097/113 2034/2094/113
f 1854/1992/62 1855/1993/62 1984/2098/62 1983/2095/62
f 1803/1941/11 1804/1942/11 1933/2099/11 1932/2096/11
f 1906/2042/114 1907/2043/114 2036/2100/114 2035/2097/114
f 1855/1993/63 1856/1994/63 1985/2101/63 1984/2098/63
f 1804/1942/12 1805/1943/12 1934/2102/12 1933/2099/12
f 1907/2043/115 1908/2044/115 2037/2103/115 2036/2100/115
f 1856/1994/64 1857/1995/64 1986/2104/64 1985/2101/64
f 1805/1943/13 1806/1944/13 1935/2105/13 1934/2102/13
f 1908/2044/116 1909/2045/116 2038/2106/116 2037/2103/116
f 1857/1995/65 1858/1996/65 1987/2107/65 1986/2104/65
f 1806/1944/14 1807/1945/14 1936/2108/14 1935/2105/14
f 1909/2045/117 1910/2046/117 2039/2109/117 2038/2106/117
f 1858/1996/66 1859/1997/66 1988/2110/66 1987/2107/66
f 1807/1945/15 1808/1946/15 1937/2111/15 1936/2108/15
f 1910/2046/118 1911/2047/118 2040/2112/118 2039/2109/118
f 1859/1997/67 1860/1998/67 1989/2113/67 1988/2110/67
f 1808/1946/16 1809/1947/16 1938/2114/16 1937/2111/16
f 1911/2047/119 1912/2048/119 2041/2115/119 2040/2112/119
f 1860/1998/68 1861/1999/68 1990/2116/68 1989/2113/68
f 1809/1947/17 1810/1948/17 1939/2117/17 1938/2114/17
f 1912/2048/120 1913/2049/120 2042/2118/120 2041/2115/120
f 1861/1999/69 1862/2000/69 1991/2119/69 1990/2116/69
f 1810/1948/18 1811/1949/18 1940/2120/18 1939/2117/18
f 1913/2049/121 1914/2050/121 2043/2121/121 2042/2118/121
f 1862/2000/70 1863/2001/70 1992/2122/70 1991/2119/70
f 1811/1949/19 1812/1950/19 1941/2123/19 1940/2120/19
f 1914/2050/122 1915/2051/122 2044/2124/122 2043/2121/122
f 1863/2001/71 1864/2002/71 1993/2125/71 1992/2122/71
f 1812/1950/20 1813/1951/20 1942/2126/20 1941/2123/20
f 1915/2051/123 1916/2052/123 2045/2127/123 2044/2124/123
f 1864/2002/72 1865/2003/72 1994/2128/72 1993/2125/72
f 1813/1951/21 1814/1952/21 1943/2129/21 1942/2126/21
f 1916/2052/124 1917/2053/124 2046/2130/124 2045/2127/124
f 1865/2003/73 1866/2004/73 1995/2131/73 1994/2128/73
f 1814/1952/22 1815/1953/22 1944/2132/22 1943/2129/22
f 1917/2053/125 1918/2054/125 2047/2133/125 2046/2130/125
f 1866/2004/74 1867/2005/74 1996/2134/74 1995/2131/74
f 1815/1953/23 1816/1954/23 1945/2135/23 1944/2132/23
f 1918/2054/126 1919/2055/126 2048/2136/126 2047/2133/126
f 1867/2005/75 1868/2006/75 1997/2137/75 1996/2134/75
f 1816/1954/24 1817/1955/24 1946/2138/24 1945/2135/24
f 1919/2055/128 1920/2056/128 1923/2069/128 2048/2136/128
f 1868/2006/76 1869/2007/76 1998/2139/76 1997/2137/76
f 1817/1955/25 1818/1956/25 1947/2140/25 1946/2138/25
f 1869/2007/77 1870/2008/77 1999/2141/77 1998/2139/77
f 1818/1956/26 1819/1957/26 1948/2142/26 1947/2140/26
f 1870/2008/78 1871/2009/78 2000/2143/78 1999/2141/78
f 1819/1957/27 1820/1958/27 1949/2144/27 1948/2142/27
f 1871/2009/79 1872/2010/79 2001/2145/79 2000/2143/79
f 1820/1958/28 1821/1959/28 1950/2146/28 1949/2144/28
f 1872/2010/80 1873/2011/80 2002/2147/80 2001/2145/80
f 1821/1959/29 1822/1960/29 1951/2148/29 1950/2146/29
f 1873/2011/81 1874/2012/81 2003/2149/81 2002/2147/81
f 1822/1960/30 1823/1961/30 1952/2150/30 1951/2148/30
f 1874/2012/82 1875/2013/82 2004/2151/82 2003/2149/82
f 1823/1961/31 1824/1962/31 1953/2152/31 1952/2150/31
f 1875/2013/83 1876/2014/83 2005/2153/83 2004/2151/83
f 1824/1962/32 1825/1963/32 1954/2154/32 1953/2152/32
f 1876/2014/84 1877/2015/84 2006/2155/84 2005/2153/84
f 1825/1963/33 1826/1964/33 1955/2156/33 1954/2154/33
f 1877/2015/85 1878/2016/85 2007/2157/85 2006/2155/85
f 1826/1964/34 1827/1965/34 1956/2158/34 1955/2156/34
f 1878/2016/86 1879/2017/86 2008/2159/86 2007/2157/86
f 1827/1965/35 1828/1966/35 1957/2160/35 1956/2158/35
f 1879/2017/87 1880/2018/87 2009/2161/87 2008/2159/87
f 1828/1966/36 1829/1967/36 1958/2162/36 1957/2160/36
f 1880/2018/88 1881/2019/88 2010/2163/88 2009/2161/88
f 1829/1967/37 1830/1968/37 1959/2164/37 1958/2162/37
f 1881/2019/89 1882/2020/89 2011/2165/89 2010/2163/89
f 1830/1968/38 1831/1969/38 1960/2166/38 1959/2164/38
f 1882/2020/90 1883/2021/90 2012/2167/90 2011/2165/90
f 1831/1969/39 1832/1970/39 1961/2168/39 1960/2166/39
f 1883/2021/91 1884/2022/91 2013/2169/91 2012/2167/91
f 1832/1970/40 1833/1971/40 1962/2170/40 1961/2168/40
f 1884/2022/92 1885/2023/92 2014/2171/92 2013/2169/92
f 1833/1971/41 1834/1972/41 1963/2172/41 1962/2170/41
f 1885/2023/93 1886/2024/93 2015/2173/93 2014/2171/93
f 1834/1972/42 1835/1973/42 1964/2174/42 1963/2172/42
f 1886/2024/94 1887/2025/94 2016/2175/94 2015/2173/94
f 1835/1973/43 1836/1974/43 1965/2176/43 1964/2174/43
f 1887/2025/95 1888/2026/95 2017/2177/95 2016/2175/95
f 1836/1974/44 1837/1975/44 1966/2178/44 1965/2176/44
f 1888/2026/96 1889/2027/96 2018/2179/96 2017/2177/96
f 1837/1975/45 1838/1976/45 1967/2180/45 1966/2178/45
f 1889/2027/97 1890/2028/97 2019/2181/97 2018/2179/97
f 1838/1976/46 1839/1977/46 1968/2182/46 1967/2180/46
f 1890/2028/98 1891/2029/98 2020/2183/98 2019/2181/98
f 1839/1977/47 1840/1978/47 1969/2184/47 1968/2182/47
f 1891/2029/99 1892/1801/99 2021/1804/99 2020/2183/99
f 1840/1978/48 1841/1979/48 1970/2061/48 1969/2184/48
f 2151/2058/102 2152/2185/102 2280/2186/102 2279/2187/102
f 1971/2060/131 1972/2062/131 2100/2188/131 2099/2189/131
f 2023/2057/131 2024/2063/131 2152/2185/131 2151/2058/131
f 1972/2062/131 1973/2064/131 2101/2190/131 2100/2188/131
f 1921/2066/131 1922/2065/131 2050/2191/131 2049/2192/131
f 2024/2063/131 2025/2067/131 2153/2193/131 2152/2185/131
f 1973/2064/131 1974/2068/131 2102/2194/131 2101/2190/131
f 1923/2069/131 1921/2066/131 2049/2192/131 2051/2195/131
f 2025/2067/131 2026/2070/131 2154/2196/131 2153/2193/131
f 1974/2068/131 1975/2071/131 2103/2197/131 2102/2194/131
f 1922/2065/131 1924/2072/131 2052/2198/131 2050/2191/131
f 2026/2070/131 2027/2073/131 2155/2199/131 2154/2196/131
f 1975/2071/131 1976/2074/131 2104/2200/131 2103/2197/131
f 1924/2072/131 1925/2075/131 2053/2201/131 2052/2198/131
f 2027/2073/131 2028/2076/131 2156/2202/131 2155/2199/131
f 1976/2074/131 1977/2077/131 2105/2203/131 2104/2200/131
f 1925/2075/131 1926/2078/131 2054/2204/131 2053/2201/131
f 2028/2076/131 2029/2079/131 2157/2205/131 2156/2202/131
f 1977/2077/131 1978/2080/131 2106/2206/131 2105/2203/131
f 1926/2078/131 1927/2081/131 2055/2207/131 2054/2204/131
f 2029/2079/131 2030/2082/131 2158/2208/131 2157/2205/131
f 1978/2080/131 1979/2083/131 2107/2209/131 2106/2206/131
f 1927/2081/131 1928/2084/131 2056/2210/131 2055/2207/131
f 2030/2082/131 2031/2085/131 2159/2211/131 2158/2208/131
f 1979/2083/131 1980/2086/131 2108/2212/131 2107/2209/131
f 1928/2084/131 1929/2087/131 2057/2213/131 2056/2210/131
f 2031/2085/131 2032/2088/131 2160/2214/131 2159/2211/131
f 1980/2086/131 1981/2089/131 2109/2215/131 2108/2212/131
f 1929/2087/131 1930/2090/131 2058/2216/131 2057/2213/131
f 2032/2088/131 2033/2091/131 2161/2217/131 2160/2214/131
f 1981/2089/131 1982/2092/131 2110/2218/131 2109/2215/131
f 1930/2090/131 1931/2093/131 2059/2219/131 2058/2216/131
f 2033/2091/131 2034/2094/131 2162/2220/131 2161/2217/131
f 1982/2092/131 1983/2095/131 2111/2221/131 2110/2218/131
f 1931/2093/131 1932/2096/131 2060/2222/131 2059/2219/131
f 2034/2094/131 2035/2097/131 2163/2223/131 2162/2220/131
f 1983/2095/131 1984/2098/131 2112/2224/131 2111/2221/131
f 1932/2096/131 1933/2099/131 2061/2225/131 2060/2222/131
f 2035/2097/131 2036/2100/131 2164/2226/131 2163/2223/131
f 1984/2098/131 1985/2101/131 2113/2227/131 2112/2224/131
f 1933/2099/131 1934/2102/131 2062/2228/131 2061/2225/131
f 2036/2100/131 2037/2103/131 2165/2229/131 2164/2226/131
f 1985/2101/131 1986/2104/131 2114/2230/131 2113/2227/131
f 1934/2102/131 1935/2105/131 2063/2231/131 2062/2228/131
f 2037/2103/131 2038/2106/131 2166/2232/131 2165/2229/131
f 1986/2104/131 1987/2107/131 2115/2233/131 2114/2230/131
f 1935/2105/131 1936/2108/131 2064/2234/131 2063/2231/131
f 2038/2106/131 2039/2109/131 2167/2235/131 2166/2232/131
f 1987/2107/131 1988/2110/131 2116/2236/131 2115/2233/131
f 1936/2108/131 1937/2111/131 2065/2237/131 2064/2234/131
f 2039/2109/131 2040/2112/131 2168/2238/131 2167/2235/131
f 1988/2110/131 1989/2113/131 2117/2239/131 2116/2236/131
f 1937/2111/131 1938/2114/131 2066/2240/131 2065/2237/131
f 2040/2112/131 2041/2115/131 2169/2241/131 2168/2238/131
f 1989/2113/131 1990/2116/131 2118/2242/131 2117/2239/131
f 1938/2114/131 1939/2117/131 2067/2243/131 2066/2240/131
f 2041/2115/131 2042/2118/131 2170/2244/131 2169/2241/131
f 1990/2116/131 1991/2119/131 2119/2245/131 2118/2242/131
f 1939/2117/131 1940/2120/131 2068/2246/131 2067/2243/131
f 2042/2118/131 2043/2121/131 2171/2247/131 2170/2244/131
f 1991/2119/131 1992/2122/131 2120/2248/131 2119/2245/131
f 1940/2120/131 1941/2123/131 2069/2249/131 2068/2246/131
f 2043/2121/131 2044/2124/131 2172/2250/131 2171/2247/131
f 1992/2122/131 1993/2125/131 2121/2251/131 2120/2248/131
f 1941/2123/131 1942/2126/131 2070/2252/131 2069/2249/131
f 2044/2124/131 2045/2127/131 2173/2253/131 2172/2250/131
f 1993/2125/131 1994/2128/131 2122/2254/131 2121/2251/131
f 1942/2126/131 1943/2129/131 2071/2255/131 2070/2252/131
f 2045/2127/131 2046/2130/131 2174/2256/131 2173/2253/131
f 1994/2128/131 1995/2131/131 2123/2257/131 2122/2254/131
f 1943/2129/131 1944/2132/131 2072/2258/131 2071/2255/131
f 2046/2130/131 2047/2133/131 2175/2259/131 2174/2256/131
f 1995/2131/131 1996/2134/131 2124/2260/131 2123/2257/131
f 1944/2132/131 1945/2135/131 2073/2261/131 2072/2258/131
f 2047/2133/131 2048/2136/131 2176/2262/131 2175/2259/131
f 1996/2134/131 1997/2137/131 2125/2263/131 2124/2260/131
f 1945/2135/131 1946/2138/131 2074/2264/131 2073/2261/131
f 2048/2136/131 1923/2069/131 2051/2195/131 2176/2262/131
f 1997/2137/131 1998/2139/131 2126/2265/131 2125/2263/131
f 1946/2138/131 1947/2140/131 2075/2266/131 2074/2264/131
f 1998/2139/131 1999/2141/131 2127/2267/131 2126/2265/131
f 1947/2140/131 1948/2142/131 2076/2268/131 2075/2266/131
f 1999/2141/131 2000/2143/131 2128/2269/131 2127/2267/131
f 1948/2142/131 1949/2144/131 2077/2270/131 2076/2268/131
f 2000/2143/131 2001/2145/131 2129/2271/131 2128/2269/131
f 1949/2144/131 1950/2146/131 2078/2272/131 2077/2270/131
f 2001/2145/131 2002/2147/131 2130/2273/131 2129/2271/131
f 1950/2146/131 1951/2148/131 2079/2274/131 2078/2272/131
f 2002/2147/131 2003/2149/131 2131/2275/131 2130/2273/131
f 1951/2148/131 1952/2150/131 2080/2276/131 2079/2274/131
f 2003/2149/131 2004/2151/131 2132/2277/131 2131/2275/131
f 1952/2150/131 1953/2152/131 2081/2278/131 2080/2276/131
f 2004/2151/131 2005/2153/131 2133/2279/131 2132/2277/131
f 1953/2152/131 1954/2154/131 2082/2280/131 2081/2278/131
f 2005/2153/131 2006/2155/131 2134/2281/131 2133/2279/131
f 1954/2154/131 1955/2156/131 2083/2282/131 2082/2280/131
f 2006/2155/131 2007/2157/131 2135/2283/131 2134/2281/131
f 1955/2156/131 1956/2158/131 2084/2284/131 2083/2282/131
f 2007/2157/131 2008/2159/131 2136/2285/131 2135/2283/131
f 1956/2158/131 1957/2160/131 2085/2286/131 2084/2284/131
f 2008/2159/131 2009/2161/131 2137/2287/131 2136/2285/131
f 1957/2160/131 1958/2162/131 2086/2288/131 2085/2286/131
f 2009/2161/131 2010/2163/131 2138/2289/131 2137/2287/131
f 1958/2162/131 1959/2164/131 2087/2290/131 2086/2288/131
f 2010/2163/131 2011/2165/131 2139/2291/131 2138/2289/131
f 1959/2164/131 1960/2166/131 2088/2292/131 2087/2290/131
f 2011/2165/131 2012/2167/131 2140/2293/131 2139/2291/131
f 1960/2166/131 1961/2168/131 2089/2294/131 2088/2292/131
f 2012/2167/131 2013/2169/131 2141/2295/131 2140/2293/131
f 1961/2168/131 1962/2170/131 2090/2296/131 2089/2294/131
f 2013/2169/131 2014/2171/131 2142/2297/131 2141/2295/131
f 1962/2170/131 1963/2172/131 2091/2298/131 2090/2296/131
f 2014/2171/131 2015/2173/131 2143/2299/131 2142/2297/131
f 1963/2172/131 1964/2174/131 2092/2300/131 2091/2298/131
f 2015/2173/131 2016/2175/131 2144/2301/131 2143/2299/131
f 1964/2174/131 1965/2176/131 2093/2302/131 2092/2300/131
f 2016/2175/131 2017/2177/131 2145/2303/131 2144/2301/131
f 1965/2176/131 1966/2178/131 2094/2304/131 2093/2302/131
f 2017/2177/131 2018/2179/131 2146/2305/131 2145/2303/131
f 1966/2178/131 1967/2180/131 2095/2306/131 2094/2304/131
f 2018/2179/131 2019/2181/131 2147/2307/131 2146/2305/131
f 1967/2180/131 1968/2182/131 2096/2308/131 2095/2306/131
f 2019/2181/131 2020/2183/131 2148/2309/131 2147/2307/131
f 1968/2182/131 1969/2184/131 2097/2310/131 2096/2308/131
f 2020/2183/131 2021/1804/131 2149/2311/131 2148/2309/131
f 1969/2184/131 1970/2061/131 2098/2312/131 2097/2310/131
f 2021/1804/131 2022/1803/131 2150/2059/131 2149/2311/131
f 1970/2061/131 1971/2060/131 2099/2189/131 2098/2312/131
f 2375/2313/71 2376/2314/71 2505/2315/71 2504/2316/71
f 2100/2188/51 2101/2190/51 2229/2317/51 2228/2318/51
f 2049/2192/1 2050/2191/1 2178/2319/1 2177/2320/1
f 2152/2185/103 2153/2193/103 2281/2321/103 2280/2186/103
f 2101/2190/52 2102/2194/52 2230/2322/52 2229/2317/52
f 2051/2195/129 2049/2192/129 2177/2320/129 2179/2323/129
f 2153/2193/104 2154/2196/104 2282/2324/104 2281/2321/104
f 2102/2194/53 2103/2197/53 2231/2325/53 2230/2322/53
f 2050/2191/2 2052/2198/2 2180/2326/2 2178/2319/2
f 2154/2196/105 2155/2199/105 2283/2327/105 2282/2324/105
f 2103/2197/54 2104/2200/54 2232/2328/54 2231/2325/54
f 2052/2198/3 2053/2201/3 2181/2329/3 2180/2326/3
f 2155/2199/106 2156/2202/106 2284/2330/106 2283/2327/106
f 2104/2200/55 2105/2203/55 2233/2331/55 2232/2328/55
f 2053/2201/4 2054/2204/4 2182/2332/4 2181/2329/4
f 2156/2202/107 2157/2205/107 2285/2333/107 2284/2330/107
f 2105/2203/56 2106/2206/56 2234/2334/56 2233/2331/56
f 2054/2204/5 2055/2207/5 2183/2335/5 2182/2332/5
f 2157/2205/108 2158/2208/108 2286/2336/108 2285/2333/108
f 2106/2206/57 2107/2209/57 2235/2337/57 2234/2334/57
f 2055/2207/6 2056/2210/6 2184/2338/6 2183/2335/6
f 2158/2208/109 2159/2211/109 2287/2339/109 2286/2336/109
f 2107/2209/58 2108/2212/58 2236/2340/58 2235/2337/58
f 2056/2210/7 2057/2213/7 2185/2341/7 2184/2338/7
f 2159/2211/110 2160/2214/110 2288/2342/110 2287/2339/110
f 2108/2212/59 2109/2215/59 2237/2343/59 2236/2340/59
f 2057/2213/8 2058/2216/8 2186/2344/8 2185/2341/8
f 2160/2214/111 2161/2217/111 2289/2345/111 2288/2342/111
f 2109/2215/60 2110/2218/60 2238/2346/60 2237/2343/60
f 2058/2216/9 2059/2219/9 2187/2347/9 2186/2344/9
f 2161/2217/112 2162/2220/112 2290/2348/112 2289/2345/112
f 2110/2218/61 2111/2221/61 2239/2349/61 2238/2346/61
f 2059/2219/10 2060/2222/10 2188/2350/10 2187/2347/10
f 2162/2220/113 2163/2223/113 2291/2351/113 2290/2348/113
f 2111/2221/62 2112/2224/62 2240/2352/62 2239/2349/62
f 2060/2222/11 2061/2225/11 2189/2353/11 2188/2350/11
f 2163/2223/114 2164/2226/114 2292/2354/114 2291/2351/114
f 2112/2224/63 2113/2227/63 2241/2355/63 2240/2352/63
f 2061/2225/12 2062/2228/12 2190/2356/12 2189/2353/12
f 2164/2226/115 2165/2229/115 2293/2357/115 2292/2354/115
f 2113/2227/64 2114/2230/64 2242/2358/64 2241/2355/64
f 2062/2228/13 2063/2231/13 2191/2359/13 2190/2356/13
f 2165/2229/116 2166/2232/116 2294/2360/116 2293/2357/116
f 2114/2230/65 2115/2233/65 2243/2361/65 2242/2358/65
f 2063/2231/14 2064/2234/14 2192/2362/14 2191/2359/14
f 2166/2232/117 2167/2235/117 2295/2363/117 2294/2360/117
f 2115/2233/66 2116/2236/66 2244/2364/66 2243/2361/66
f 2064/2234/15 2065/2237/15 2193/2365/15 2192/2362/15
f 2167/2235/118 2168/2238/118 2296/2366/118 2295/2363/118
f 2116/2236/67 2117/2239/67 2245/2367/67 2244/2364/67
f 2065/2237/16 2066/2240/16 2194/2368/16 2193/2365/16
f 2168/2238/119 2169/2241/119 2297/2369/119 2296/2366/119
f 2117/2239/68 2118/2242/68 2246/2370/68 2245/2367/68
f 2066/2240/17 2067/2243/17 2195/2371/17 2194/2368/17
f 2169/2241/120 2170/2244/120 2298/2372/120 2297/2369/120
f 2118/2242/69 2119/2245/69 2247/2373/69 2246/2370/69
f 2067/2243/18 2068/2246/18 2196/2374/18 2195/2371/18
f 2170/2244/121 2171/2247/121 2299/2375/121 2298/2372/121
f 2119/2245/70 2120/2248/70 2248/2376/70 2247/2373/70
f 2068/2246/19 2069/2249/19 2197/2377/19 2196/2374/19
f 2171/2247/122 2172/2250/122 2300/2378/122 2299/2375/122
f 2120/2248/71 2121/2251/71 2249/2379/71 2248/2376/71
f 2069/2249/20 2070/2252/20 2198/2380/20 2197/2377/20
f 2172/2250/123 2173/2253/123 2301/2381/123 2300/2378/123
f 2121/2251/72 2122/2254/72 2250/2382/72 2249/2379/72
f 2070/2252/21 2071/2255/21 2199/2383/21 2198/2380/21
f 2173/2253/124 2174/2256/124 2302/2384/124 2301/2381/124
f 2122/2254/73 2123/2257/73 2251/2385/73 2250/2382/73
f 2071/2255/22 2072/2258/22 2200/2386/22 2199/2383/22
f 2174/2256/125 2175/2259/125 2303/2387/125 2302/2384/125
f 2123/2257/74 2124/2260/74 2252/2388/74 2251/2385/74
f 2072/2258/23 2073/2261/23 2201/2389/23 2200/2386/23
f 2175/2259/126 2176/2262/126 2304/2390/126 2303/2387/126
f 2124/2260/75 2125/2263/75 2253/2391/75 2252/2388/75
f 2073/2261/24 2074/2264/24 2202/2392/24 2201/2389/24
f 2176/2262/128 2051/2195/128 2179/2323/128 2304/2390/128
f 2125/2263/76 2126/2265/76 2254/2393/76 2253/2391/76
f 2074/2264/25 2075/2266/25 2203/2394/25 2202/2392/25
f 2126/2265/77 2127/2267/77 2255/2395/77 2254/2393/77
f 2075/2266/26 2076/2268/26 2204/2396/26 2203/2394/26
f 2127/2267/78 2128/2269/78 2256/2397/78 2255/2395/78
f 2076/2268/27 2077/2270/27 2205/2398/27 2204/2396/27
f 2128/2269/79 2129/2271/79 2257/2399/79 2256/2397/79
f 2077/2270/28 2078/2272/28 2206/2400/28 2205/2398/28
f 2129/2271/80 2130/2273/80 2258/2401/80 2257/2399/80
f 2078/2272/29 2079/2274/29 2207/2402/29 2206/2400/29
f 2130/2273/81 2131/2275/81 2259/2403/81 2258/2401/81
f 2079/2274/30 2080/2276/30 2208/2404/30 2207/2402/30
f 2131/2275/82 2132/2277/82 2260/2405/82 2259/2403/82
f 2080/2276/31 2081/2278/31 2209/2406/31 2208/2404/31
f 2132/2277/83 2133/2279/83 2261/2407/83 2260/2405/83
f 2081/2278/32 2082/2280/32 2210/2408/32 2209/2406/32
f 2133/2279/84 2134/2281/84 2262/2409/84 2261/2407/84
f 2082/2280/33 2083/2282/33 2211/2410/33 2210/2408/33
f 2134/2281/85 2135/2283/85 2263/2411/85 2262/2409/85
f 2083/2282/34 2084/2284/34 2212/2412/34 2211/2410/34
f 2135/2283/86 2136/2285/86 2264/2413/86 2263/2411/86
f 2084/2284/35 2085/2286/35 2213/2414/35 2212/2412/35
f 2136/2285/87 2137/2287/87 2265/2415/87 2264/2413/87
f 2085/2286/36 2086/2288/36 2214/2416/36 2213/2414/36
f 2137/2287/88 2138/2289/88 2266/2417/88 2265/2415/88
f 2086/2288/37 2087/2290/37 2215/2418/37 2214/2416/37
f 2138/2289/89 2139/2291/89 2267/2419/89 2266/2417/89
f 2087/2290/38 2088/2292/38 2216/2420/38 2215/2418/38
f 2139/2291/90 2140/2293/90 2268/2421/90 2267/2419/90
f 2088/2292/39 2089/2294/39 2217/2422/39 2216/2420/39
f 2140/2293/91 2141/2295/91 2269/2423/91 2268/2421/91
f 2089/2294/40 2090/2296/40 2218/2424/40 2217/2422/40
f 2141/2295/92 2142/2297/92 2270/2425/92 2269/2423/92
f 2090/2296/41 2091/2298/41 2219/2426/41 2218/2424/41
f 2142/2297/93 2143/2299/93 2271/2427/93 2270/2425/93
f 2091/2298/42 2092/2300/42 2220/2428/42 2219/2426/42
f 2143/2299/94 2144/2301/94 2272/2429/94 2271/2427/94
f 2092/2300/43 2093/2302/43 2221/2430/43 2220/2428/43
f 2144/2301/95 2145/2303/95 2273/2431/95 2272/2429/95
f 2093/2302/44 2094/2304/44 2222/2432/44 2221/2430/44
f 2145/2303/96 2146/2305/96 2274/2433/96 2273/2431/96
f 2094/2304/45 2095/2306/45 2223/2434/45 2222/2432/45
f 2146/2305/97 2147/2307/97 2275/2435/97 2274/2433/97
f 2095/2306/46 2096/2308/46 2224/2436/46 2223/2434/46
f 2147/2307/98 2148/2309/98 2276/2437/98 2275/2435/98
f 2096/2308/47 2097/2310/47 2225/2438/47 2224/2436/47
f 2148/2309/99 2149/2311/99 2277/2439/99 2276/2437/99
f 2097/2310/48 2098/2312/48 2226/2440/48 2225/2438/48
f 2149/2311/100 2150/2059/100 2278/2441/100 2277/2439/100
f 2098/2312/49 2099/2189/49 2227/2442/49 2226/2440/49
f 2150/2059/101 2151/2058/101 2279/2187/101 2278/2441/101
f 2099/2189/50 2100/2188/50 2228/2318/50 2227/2442/50
f 2177/2320/130 2178/2319/130 2306/2443/130 2305/2444/130
f 2178/2319/130 2180/2326/130 2307/2445/130 2306/2443/130
f 2180/2326/130 2181/2329/130 2308/2446/130 2307/2445/130
f 2181/2329/130 2182/2332/130 2309/2447/130 2308/2446/130
f 2182/2332/130 2183/2335/130 2310/2448/130 2309/2447/130
f 2183/2335/130 2184/2338/130 2311/2449/130 2310/2448/130
f 2184/2338/130 2185/2341/130 2312/2450/130 2311/2449/130
f 2185/2341/130 2186/2344/130 2313/2451/130 2312/2450/130
f 2186/2344/130 2187/2347/130 2314/2452/130 2313/2451/130
f 2187/2347/130 2188/2350/130 2315/2453/130 2314/2452/130
f 2188/2350/130 2189/2353/130 2316/2454/130 2315/2453/130
f 2189/2353/130 2190/2356/130 2317/2455/130 2316/2454/130
f 2190/2356/130 2191/2359/130 2318/2456/130 2317/2455/130
f 2191/2359/130 2192/2362/130 2319/2457/130 2318/2456/130
f 2192/2362/130 2193/2365/130 2320/2458/130 2319/2457/130
f 2193/2365/130 2194/2368/130 2321/2459/130 2320/2458/130
f 2194/2368/130 2195/2371/130 2322/2460/130 2321/2459/130
f 2195/2371/130 2196/2374/130 2323/2461/130 2322/2460/130
f 2196/2374/130 2197/2377/130 2324/2462/130 2323/2461/130
f 2197/2377/130 2198/2380/130 2325/2463/130 2324/2462/130
f 2198/2380/130 2199/2383/130 2326/2464/130 2325/2463/130
f 2199/2383/130 2200/2386/130 2327/2465/130 2326/2464/130
f 2200/2386/130 2201/2389/130 2328/2466/130 2327/2465/130
f 2201/2389/130 2202/2392/130 2329/2467/130 2328/2466/130
f 2202/2392/130 2203/2394/130 2330/2468/130 2329/2467/130
f 2203/2394/130 2204/2396/130 2331/2469/130 2330/2468/130
f 2204/2396/130 2205/2398/130 2332/2470/130 2331/2469/130
f 2205/2398/130 2206/2400/130 2333/2471/130 2332/2470/130
f 2206/2400/130 2207/2402/130 2334/2472/130 2333/2471/130
f 2207/2402/130 2208/2404/130 2335/2473/130 2334/2472/130
f 2208/2404/130 2209/2406/130 2336/2474/130 2335/2473/130
f 2209/2406/130 2210/2408/130 2337/2475/130 2336/2474/130
f 2210/2408/130 2211/2410/130 2338/2476/130 2337/2475/130
f 2211/2410/130 2212/2412/130 2339/2477/130 2338/2476/130
f 2212/2412/130 2213/2414/130 2340/2478/130 2339/2477/130
f 2213/2414/130 2214/2416/130 2341/2479/130 2340/2478/130
f 2214/2416/130 2215/2418/130 2342/2480/130 2341/2479/130
f 2215/2418/130 2216/2420/130 2343/2481/130 2342/2480/130
f 2216/2420/130 2217/2422/130 2344/2482/130 2343/2481/130
f 2217/2422/130 2218/2424/130 2345/2483/130 2344/2482/130
f 2218/2424/130 2219/2426/130 2346/2484/130 2345/2483/130
f 2219/2426/130 2220/2428/130 2347/2485/130 2346/2484/130
f 2220/2428/130 2221/2430/130 2348/2486/130 2347/2485/130
f 2221/2430/130 2222/2432/130 2349/2487/130 2348/2486/130
f 2222/2432/130 2223/2434/130 2350/2488/130 2349/2487/130
f 2223/2434/130 2224/2436/130 2351/2489/130 2350/2488/130
f 2224/2436/130 2225/2438/130 2352/2490/130 2351/2489/130
f 2225/2438/130 2226/2440/130 2353/2491/130 2352/2490/130
f 2226/2440/130 2227/2442/130 2354/2492/130 2353/2491/130
f 2227/2442/130 2228/2318/130 2355/2493/130 2354/2492/130
f 2228/2318/130 2229/2317/130 2356/2494/130 2355/2493/130
f 2229/2317/130 2230/2322/130 2357/2495/130 2356/2494/130
f 2230/2322/130 2231/2325/130 2358/2496/130 2357/2495/130
f 2231/2325/130 2232/2328/130 2359/2497/130 2358/2496/130
f 2232/2328/130 2233/2331/130 2360/2498/130 2359/2497/130
f 2233/2331/130 2234/2334/130 2361/2499/130 2360/2498/130
f 2234/2334/130 2235/2337/130 2362/2500/130 2361/2499/130
f 2235/2337/130 2236/2340/130 2363/2501/130 2362/2500/130
f 2236/2340/130 2237/2343/130 2364/2502/130 2363/2501/130
f 2237/2343/130 2238/2346/130 2365/2503/130 2364/2502/130
f 2238/2346/130 2239/2349/130 2366/2504/130 2365/2503/130
f 2239/2349/130 2240/2352/130 2367/2505/130 2366/2504/130
f 2240/2352/130 2241/2355/130 2368/2506/130 2367/2505/130
f 2241/2355/130 2242/2358/130 2369/2507/130 2368/2506/130
f 2242/2358/130 2243/2361/130 2370/2508/130 2369/2507/130
f 2243/2361/130 2244/2364/130 2371/2509/130 2370/2508/130
f 2244/2364/130 2245/2367/130 2372/2510/130 2371/2509/130
f 2245/2367/130 2246/2370/130 2373/2511/130 2372/2510/130
f 2246/2370/130 2247/2373/130 2374/2512/130 2373/2511/130
f 2247/2373/130 2248/2376/130 2375/2313/130 2374/2512/130
f 2248/2376/130 2249/2379/130 2376/2314/130 2375/2313/130
f 2249/2379/130 2250/2382/130 2377/2513/130 2376/2314/130
f 2250/2382/130 2251/2385/130 2378/2514/130 2377/2513/130
f 2251/2385/130 2252/2388/130 2379/2515/130 2378/2514/130
f 2252/2388/130 2253/2391/130 2380/2516/130 2379/2515/130
f 2253/2391/130 2254/2393/130 2381/2517/130 2380/2516/130
f 2254/2393/130 2255/2395/130 2382/2518/130 2381/2517/130
f 2255/2395/130 2256/2397/130 2383/2519/130 2382/2518/130
f 2256/2397/130 2257/2399/130 2384/2520/130 2383/2519/130
f 2257/2399/130 2258/2401/130 2385/2521/130 2384/2520/130
f 2258/2401/130 2259/2403/130 2386/2522/130 2385/2521/130
f 2259/2403/130 2260/2405/130 2387/2523/130 2386/2522/130
f 2260/2405/130 2261/2407/130 2388/2524/130 2387/2523/130
f 2261/2407/130 2262/2409/130 2389/2525/130 2388/2524/130
f 2262/2409/130 2263/2411/130 2390/2526/130 2389/2525/130
f 2263/2411/130 2264/2413/130 2391/2527/130 2390/2526/130
f 2264/2413/130 2265/2415/130 2392/2528/130 2391/2527/130
f 2265/2415/130 2266/2417/130 2393/2529/130 2392/2528/130
f 2266/2417/130 2267/2419/130 2394/2530/130 2393/2529/130
f 2267/2419/130 2268/2421/130 2395/2531/130 2394/2530/130
f 2268/2421/130 2269/2423/130 2396/2532/130 2395/2531/130
f 2269/2423/130 2270/2425/130 2397/2533/130 2396/2532/130
f 2270/2425/130 2271/2427/130 2398/2534/130 2397/2533/130
f 2271/2427/130 2272/2429/130 2399/2535/130 2398/2534/130
f 2272/2429/130 2273/2431/130 2400/2536/130 2399/2535/130
f 2273/2431/130 2274/2433/130 2401/2537/130 2400/2536/130
f 2274/2433/130 2275/2435/130 2402/2538/130 2401/2537/130
f 2275/2435/130 2276/2437/130 2403/2539/130 2402/2538/130
f 2276/2437/130 2277/2439/130 2404/2540/130 2403/2539/130
f 2277/2439/130 2278/2441/130 2405/2541/130 2404/2540/130
f 2278/2441/130 2279/2187/130 2406/2542/130 2405/2541/130
f 2279/2187/130 2280/2186/130 2407/2543/130 2406/2542/130
f 2280/2186/130 2281/2321/130 2408/2544/130 2407/2543/130
f 2281/2321/130 2282/2324/130 2409/2545/130 2408/2544/130
f 2282/2324/130 2283/2327/130 2410/2546/130 2409/2545/130
f 2283/2327/130 2284/2330/130 2411/2547/130 2410/2546/130
f 2284/2330/130 2285/2333/130 2412/2548/130 2411/2547/130
f 2285/2333/130 2286/2336/130 2413/2549/130 2412/2548/130
f 2286/2336/130 2287/2339/130 2414/2550/130 2413/2549/130
f 2287/2339/130 2288/2342/130 2415/2551/130 2414/2550/130
f 2288/2342/130 2289/2345/130 2416/2552/130 2415/2551/130
f 2289/2345/130 2290/2348/130 2417/2553/130 2416/2552/130
f 2290/2348/130 2291/2351/130 2418/2554/130 2417/2553/130
f 2291/2351/130 2292/2354/130 2419/2555/130 2418/2554/130
f 2292/2354/130 2293/2357/130 2420/2556/130 2419/2555/130
f 2293/2357/130 2294/2360/130 2421/2557/130 2420/2556/130
f 2294/2360/130 2295/2363/130 2422/2558/130 2421/2557/130
f 2295/2363/130 2296/2366/130 2423/2559/130 2422/2558/130
f 2296/2366/130 2297/2369/130 2424/2560/130 2423/2559/130
f 2297/2369/130 2298/2372/130 2425/2561/130 2424/2560/130
f 2298/2372/130 2299/2375/130 2426/2562/130 2425/2561/130
f 2299/2375/130 2300/2378/130 2427/2563/130 2426/2562/130
f 2300/2378/130 2301/2381/130 2428/2564/130 2427/2563/130
f 2301/2381/130 2302/2384/130 2429/2565/130 2428/2564/130
f 2302/2384/130 2303/2387/130 2430/2566/130 2429/2565/130
f 2303/2387/130 2304/2390/130 2431/2567/130 2430/2566/130
f 2304/2390/130 2179/2323/130 2432/2568/130 2431/2567/130
f 2179/2323/130 2177/2320/130 2305/2444/130 2432/2568/130
f 2505/2315/131 2506/2569/131 2634/2570/131 2633/2571/131
f 2324/2462/20 2325/2463/20 2454/2572/20 2453/2573/20
f 2427/2563/123 2428/2564/123 2557/2574/123 2556/2575/123
f 2376/2314/72 2377/2513/72 2506/2569/72 2505/2315/72
f 2325/2463/21 2326/2464/21 2455/2576/21 2454/2572/21
f 2428/2564/124 2429/2565/124 2558/2577/124 2557/2574/124
f 2377/2513/73 2378/2514/73 2507/2578/73 2506/2569/73
f 2326/2464/22 2327/2465/22 2456/2579/22 2455/2576/22
f 2429/2565/125 2430/2566/125 2559/2580/125 2558/2577/125
f 2378/2514/74 2379/2515/74 2508/2581/74 2507/2578/74
f 2327/2465/23 2328/2466/23 2457/2582/23 2456/2579/23
f 2430/2566/126 2431/2567/126 2560/2583/126 2559/2580/126
f 2379/2515/75 2380/2516/75 2509/2584/75 2508/2581/75
f 2328/2466/24 2329/2467/24 2458/2585/24 2457/2582/24
f 2431/2567/128 2432/2568/128 2435/2586/128 2560/2583/128
f 2380/2516/76 2381/2517/76 2510/2587/76 2509/2584/76
f 2329/2467/25 2330/2468/25 2459/2588/25 2458/2585/25
f 2381/2517/77 2382/2518/77 2511/2589/77 2510/2587/77
f 2330/2468/26 2331/2469/26 2460/2590/26 2459/2588/26
f 2382/2518/78 2383/2519/78 2512/2591/78 2511/2589/78
f 2331/2469/27 2332/2470/27 2461/2592/27 2460/2590/27
f 2383/2519/79 2384/2520/79 2513/2593/79 2512/2591/79
f 2332/2470/28 2333/2471/28 2462/2594/28 2461/2592/28
f 2384/2520/80 2385/2521/80 2514/2595/80 2513/2593/80
f 2333/2471/29 2334/2472/29 2463/2596/29 2462/2594/29
f 2385/2521/81 2386/2522/81 2515/2597/81 2514/2595/81
f 2334/2472/30 2335/2473/30 2464/2598/30 2463/2596/30
f 2386/2522/82 2387/2523/82 2516/2599/82 2515/2597/82
f 2335/2473/31 2336/2474/31 2465/2600/31 2464/2598/31
f 2387/2523/83 2388/2524/83 2517/2601/83 2516/2599/83
f 2336/2474/32 2337/2475/32 2466/2602/32 2465/2600/32
f 2388/2524/84 2389/2525/84 2518/2603/84 2517/2601/84
f 2337/2475/33 2338/2476/33 2467/2604/33 2466/2602/33
f 2389/2525/85 2390/2526/85 2519/2605/85 2518/2603/85
f 2338/2476/34 2339/2477/34 2468/2606/34 2467/2604/34
f 2390/2526/86 2391/2527/86 2520/2607/86 2519/2605/86
f 2339/2477/35 2340/2478/35 2469/2608/35 2468/2606/35
f 2391/2527/87 2392/2528/87 2521/2609/87 2520/2607/87
f 2340/2478/36 2341/2479/36 2470/2610/36 2469/2608/36
f 2392/2528/88 2393/2529/88 2522/2611/88 2521/2609/88
f 2341/2479/37 2342/2480/37 2471/2612/37 2470/2610/37
f 2393/2529/89 2394/2530/89 2523/2613/89 2522/2611/89
f 2342/2480/38 2343/2481/38 2472/2614/38 2471/2612/38
f 2394/2530/90 2395/2531/90 2524/2615/90 2523/2613/90
f 2343/2481/39 2344/2482/39 2473/2616/39 2472/2614/39
f 2395/2531/91 2396/2532/91 2525/2617/91 2524/2615/91
f 2344/2482/40 2345/2483/40 2474/2618/40 2473/2616/40
f 2396/2532/92 2397/2533/92 2526/2619/92 2525/2617/92
f 2345/2483/41 2346/2484/41 2475/2620/41 2474/2618/41
f 2397/2533/93 2398/2534/93 2527/2621/93 2526/2619/93
f 2346/2484/42 2347/2485/42 2476/2622/42 2475/2620/42
f 2398/2534/94 2399/2535/94 2528/2623/94 2527/2621/94
f 2347/2485/43 2348/2486/43 2477/2624/43 2476/2622/43
f 2399/2535/95 2400/2536/95 2529/2625/95 2528/2623/95
f 2348/2486/44 2349/2487/44 2478/2626/44 2477/2624/44
f 2400/2536/96 2401/2537/96 2530/2627/96 2529/2625/96
f 2349/2487/45 2350/2488/45 2479/2628/45 2478/2626/45
f 2401/2537/97 2402/2538/97 2531/2629/97 2530/2627/97
f 2350/2488/46 2351/2489/46 2480/2630/46 2479/2628/46
f 2402/2538/98 2403/2539/98 2532/2631/98 2531/2629/98
f 2351/2489/47 2352/2490/47 2481/2632/47 2480/2630/47
f 2403/2539/99 2404/2540/99 2533/2633/99 2532/2631/99
f 2352/2490/48 2353/2491/48 2482/2634/48 2481/2632/48
f 2404/2540/100 2405/2541/100 2534/2635/100 2533/2633/100
f 2353/2491/49 2354/2492/49 2483/2636/49 2482/2634/49
f 2405/2541/101 2406/2542/101 2535/2637/101 2534/2635/101
f 2354/2492/50 2355/2493/50 2484/2638/50 2483/2636/50
f 2406/2542/102 2407/2543/102 2536/2639/102 2535/2637/102
f 2355/2493/51 2356/2494/51 2485/2640/51 2484/2638/51
f 2305/2444/1 2306/2443/1 2434/2641/1 2433/2642/1
f 2407/2543/103 2408/2544/103 2537/2643/103 2536/2639/103
f 2356/2494/52 2357/2495/52 2486/2644/52 2485/2640/52
f 2432/2568/129 2305/2444/129 2433/2642/129 2435/2586/129
f 2408/2544/104 2409/2545/104 2538/2645/104 2537/2643/104
f 2357/2495/53 2358/2496/53 2487/2646/53 2486/2644/53
f 2306/2443/2 2307/2445/2 2436/2647/2 2434/2641/2
f 2409/2545/105 2410/2546/105 2539/2648/105 2538/2645/105
f 2358/2496/54 2359/2497/54 2488/2649/54 2487/2646/54
f 2307/2445/3 2308/2446/3 2437/2650/3 2436/2647/3
f 2410/2546/106 2411/2547/106 2540/2651/106 2539/2648/106
f 2359/2497/55 2360/2498/55 2489/2652/55 2488/2649/55
f 2308/2446/4 2309/2447/4 2438/2653/4 2437/2650/4
f 2411/2547/107 2412/2548/107 2541/2654/107 2540/2651/107
f 2360/2498/56 2361/2499/56 2490/2655/56 2489/2652/56
f 2309/2447/5 2310/2448/5 2439/2656/5 2438/2653/5
f 2412/2548/108 2413/2549/108 2542/2657/108 2541/2654/108
f 2361/2499/57 2362/2500/57 2491/2658/57 2490/2655/57
f 2310/2448/6 2311/2449/6 2440/2659/6 2439/2656/6
f 2413/2549/109 2414/2550/109 2543/2660/109 2542/2657/109
f 2362/2500/58 2363/2501/58 2492/2661/58 2491/2658/58
f 2311/2449/7 2312/2450/7 2441/2662/7 2440/2659/7
f 2414/2550/110 2415/2551/110 2544/2663/110 2543/2660/110
f 2363/2501/59 2364/2502/59 2493/2664/59 2492/2661/59
f 2312/2450/8 2313/2451/8 2442/2665/8 2441/2662/8
f 2415/2551/111 2416/2552/111 2545/2666/111 2544/2663/111
f 2364/2502/60 2365/2503/60 2494/2667/60 2493/2664/60
f 2313/2451/9 2314/2452/9 2443/2668/9 2442/2665/9
f 2416/2552/112 2417/2553/112 2546/2669/112 2545/2666/112
f 2365/2503/61 2366/2504/61 2495/2670/61 2494/2667/61
f 2314/2452/10 2315/2453/10 2444/2671/10 2443/2668/10
f 2417/2553/132 2418/2554/132 2547/2672/132 2546/2669/132
f 2366/2504/62 2367/2505/62 2496/2673/62 2495/2670/62
f 2315/2453/11 2316/2454/11 2445/2674/11 2444/2671/11
f 2418/2554/114 2419/2555/114 2548/2675/114 2547/2672/114
f 2367/2505/63 2368/2506/63 2497/2676/63 2496/2673/63
f 2316/2454/12 2317/2455/12 2446/2677/12 2445/2674/12
f 2419/2555/115 2420/2556/115 2549/2678/115 2548/2675/115
f 2368/2506/64 2369/2507/64 2498/2679/64 2497/2676/64
f 2317/2455/13 2318/2456/13 2447/2680/13 2446/2677/13
f 2420/2556/116 2421/2557/116 2550/2681/116 2549/2678/116
f 2369/2507/65 2370/2508/65 2499/2682/65 2498/2679/65
f 2318/2456/14 2319/2457/14 2448/2683/14 2447/2680/14
f 2421/2557/117 2422/2558/117 2551/2684/117 2550/2681/117
f 2370/2508/66 2371/2509/66 2500/2685/66 2499/2682/66
f 2319/2457/15 2320/2458/15 2449/2686/15 2448/2683/15
f 2422/2558/118 2423/2559/118 2552/2687/118 2551/2684/118
f 2371/2509/67 2372/2510/67 2501/2688/67 2500/2685/67
f 2320/2458/16 2321/2459/16 2450/2689/16 2449/2686/16
f 2423/2559/119 2424/2560/119 2553/2690/119 2552/2687/119
f 2372/2510/68 2373/2511/68 2502/2691/68 2501/2688/68
f 2321/2459/17 2322/2460/17 2451/2692/17 2450/2689/17
f 2424/2560/120 2425/2561/120 2554/2693/120 2553/2690/120
f 2373/2511/69 2374/2512/69 2503/2694/69 2502/2691/69
f 2322/2460/18 2323/2461/18 2452/2695/18 2451/2692/18
f 2425/2561/121 2426/2562/121 2555/2696/121 2554/2693/121
f 2374/2512/70 2375/2313/70 2504/2316/70 2503/2694/70
f 2323/2461/19 2324/2462/19 2453/2573/19 2452/2695/19
f 2426/2562/122 2427/2563/122 2556/2575/122 2555/2696/122
f 2592/2697/31 2593/2698/31 2721/2699/31 2720/2700/31
f 2454/2572/131 2455/2576/131 2583/2701/131 2582/2702/131
f 2557/2574/131 2558/2577/131 2686/2703/131 2685/2704/131
f 2506/2569/131 2507/2578/131 2635/2705/131 2634/2570/131
f 2455/2576/131 2456/2579/131 2584/2706/131 2583/2701/131
f 2558/2577/131 2559/2580/131 2687/2707/131 2686/2703/131
f 2507/2578/131 2508/2581/131 2636/2708/131 2635/2705/131
f 2456/2579/131 2457/2582/131 2585/2709/131 2584/2706/131
f 2559/2580/131 2560/2583/131 2688/2710/131 2687/2707/131
f 2508/2581/131 2509/2584/131 2637/2711/131 2636/2708/131
f 2457/2582/131 2458/2585/131 2586/2712/131 2585/2709/131
f 2560/2583/131 2435/2586/131 2563/2713/131 2688/2710/131
f 2509/2584/131 2510/2587/131 2638/2714/131 2637/2711/131
f 2458/2585/131 2459/2588/131 2587/2715/131 2586/2712/131
f 2510/2587/131 2511/2589/131 2639/2716/131 2638/2714/131
f 2459/2588/131 2460/2590/131 2588/2717/131 2587/2715/131
f 2511/2589/131 2512/2591/131 2640/2718/131 2639/2716/131
f 2460/2590/131 2461/2592/131 2589/2719/131 2588/2717/131
f 2512/2591/131 2513/2593/131 2641/2720/131 2640/2718/131
f 2461/2592/131 2462/2594/131 2590/2721/131 2589/2719/131
f 2513/2593/131 2514/2595/131 2642/2722/131 2641/2720/131
f 2462/2594/131 2463/2596/131 2591/2723/131 2590/2721/131
f 2514/2595/131 2515/2597/131 2643/2724/131 2642/2722/131
f 2463/2596/131 2464/2598/131 2592/2697/131 2591/2723/131
f 2515/2597/131 2516/2599/131 2644/2725/131 2643/2724/131
f 2464/2598/131 2465/2600/131 2593/2698/131 2592/2697/131
f 2516/2599/131 2517/2601/131 2645/2726/131 2644/2725/131
f 2465/2600/131 2466/2602/131 2594/2727/131 2593/2698/131
f 2517/2601/131 2518/2603/131 2646/2728/131 2645/2726/131
f 2466/2602/131 2467/2604/131 2595/2729/131 2594/2727/131
f 2518/2603/131 2519/2605/131 2647/2730/131 2646/2728/131
f 2467/2604/131 2468/2606/131 2596/2731/131 2595/2729/131
f 2519/2605/131 2520/2607/131 2648/2732/131 2647/2730/131
f 2468/2606/131 2469/2608/131 2597/2733/131 2596/2731/131
f 2520/2607/131 2521/2609/131 2649/2734/131 2648/2732/131
f 2469/2608/131 2470/2610/131 2598/2735/131 2597/2733/131
f 2521/2609/131 2522/2611/131 2650/2736/131 2649/2734/131
f 2470/2610/131 2471/2612/131 2599/2737/131 2598/2735/131
f 2522/2611/131 2523/2613/131 2651/2738/131 2650/2736/131
f 2471/2612/131 2472/2614/131 2600/2739/131 2599/2737/131
f 2523/2613/131 2524/2615/131 2652/2740/131 2651/2738/131
f 2472/2614/131 2473/2616/131 2601/2741/131 2600/2739/131
f 2524/2615/131 2525/2617/131 2653/2742/131 2652/2740/131
f 2473/2616/131 2474/2618/131 2602/2743/131 2601/2741/131
f 2525/2617/131 2526/2619/131 2654/2744/131 2653/2742/131
f 2474/2618/131 2475/2620/131 2603/2745/131 2602/2743/131
f 2526/2619/131 2527/2621/131 2655/2746/131 2654/2744/131
f 2475/2620/131 2476/2622/131 2604/2747/131 2603/2745/131
f 2527/2621/131 2528/2623/131 2656/2748/131 2655/2746/131
f 2476/2622/131 2477/2624/131 2605/2749/131 2604/2747/131
f 2528/2623/131 2529/2625/131 2657/2750/131 2656/2748/131
f 2477/2624/131 2478/2626/131 2606/2751/131 2605/2749/131
f 2529/2625/131 2530/2627/131 2658/2752/131 2657/2750/131
f 2478/2626/131 2479/2628/131 2607/2753/131 2606/2751/131
f 2530/2627/131 2531/2629/131 2659/2754/131 2658/2752/131
f 2479/2628/131 2480/2630/131 2608/2755/131 2607/2753/131
f 2531/2629/131 2532/2631/131 2660/2756/131 2659/2754/131
f 2480/2630/131 2481/2632/131 2609/2757/131 2608/2755/131
f 2532/2631/131 2533/2633/131 2661/2758/131 2660/2756/131
f 2481/2632/131 2482/2634/131 2610/2759/131 2609/2757/131
f 2533/2633/131 2534/2635/131 2662/2760/131 2661/2758/131
f 2482/2634/131 2483/2636/131 2611/2761/131 2610/2759/131
f 2534/2635/131 2535/2637/131 2663/2762/131 2662/2760/131
f 2483/2636/131 2484/2638/131 2612/2763/131 2611/2761/131
f 2535/2637/131 2536/2639/131 2664/2764/131 2663/2762/131
f 2484/2638/131 2485/2640/131 2613/2765/131 2612/2763/131
f 2433/2642/131 2434/2641/131 2562/2766/131 2561/2767/131
f 2536/2639/131 2537/2643/131 2665/2768/131 2664/2764/131
f 2485/2640/131 2486/2644/131 2614/2769/131 2613/2765/131
f 2435/2586/131 2433/2642/131 2561/2767/131 2563/2713/131
f 2537/2643/131 2538/2645/131 2666/2770/131 2665/2768/131
f 2486/2644/131 2487/2646/131 2615/2771/131 2614/2769/131
f 2434/2641/131 2436/2647/131 2564/2772/131 2562/2766/131
f 2538/2645/131 2539/2648/131 2667/2773/131 2666/2770/131
f 2487/2646/131 2488/2649/131 2616/2774/131 2615/2771/131
f 2436/2647/131 2437/2650/131 2565/2775/131 2564/2772/131
f 2539/2648/131 2540/2651/131 2668/2776/131 2667/2773/131
f 2488/2649/131 2489/2652/131 2617/2777/131 2616/2774/131
f 2437/2650/131 2438/2653/131 2566/2778/131 2565/2775/131
f 2540/2651/131 2541/2654/131 2669/2779/131 2668/2776/131
f 2489/2652/131 2490/2655/131 2618/2780/131 2617/2777/131
f 2438/2653/131 2439/2656/131 2567/2781/131 2566/2778/131
f 2541/2654/131 2542/2657/131 2670/2782/131 2669/2779/131
f 2490/2655/131 2491/2658/131 2619/2783/131 2618/2780/131
f 2439/2656/131 2440/2659/131 2568/2784/131 2567/2781/131
f 2542/2657/131 2543/2660/131 2671/2785/131 2670/2782/131
f 2491/2658/131 2492/2661/131 2620/2786/131 2619/2783/131
f 2440/2659/131 2441/2662/131 2569/2787/131 2568/2784/131
f 2543/2660/131 2544/2663/131 2672/2788/131 2671/2785/131
f 2492/2661/131 2493/2664/131 2621/2789/131 2620/2786/131
f 2441/2662/131 2442/2665/131 2570/2790/131 2569/2787/131
f 2544/2663/131 2545/2666/131 2673/2791/131 2672/2788/131
f 2493/2664/131 2494/2667/131 2622/2792/131 2621/2789/131
f 2442/2665/131 2443/2668/131 2571/2793/131 2570/2790/131
f 2545/2666/131 2546/2669/131 2674/2794/131 2673/2791/131
f 2494/2667/131 2495/2670/131 2623/2795/131 2622/2792/131
f 2443/2668/131 2444/2671/131 2572/2796/131 2571/2793/131
f 2546/2669/131 2547/2672/131 2675/2797/131 2674/2794/131
f 2495/2670/131 2496/2673/131 2624/2798/131 2623/2795/131
f 2444/2671/131 2445/2674/131 2573/2799/131 2572/2796/131
f 2547/2672/131 2548/2675/131 2676/2800/131 2675/2797/131
f 2496/2673/131 2497/2676/131 2625/2801/131 2624/2798/131
f 2445/2674/131 2446/2677/131 2574/2802/131 2573/2799/131
f 2548/2675/131 2549/2678/131 2677/2803/131 2676/2800/131
f 2497/2676/131 2498/2679/131 2626/2804/131 2625/2801/131
f 2446/2677/131 2447/2680/131 2575/2805/131 2574/2802/131
f 2549/2678/131 2550/2681/131 2678/2806/131 2677/2803/131
f 2498/2679/131 2499/2682/131 2627/2807/131 2626/2804/131
f 2447/2680/131 2448/2683/131 2576/2808/131 2575/2805/131
f 2550/2681/131 2551/2684/131 2679/2809/131 2678/2806/131
f 2499/2682/131 2500/2685/131 2628/2810/131 2627/2807/131
f 2448/2683/131 2449/2686/131 2577/2811/131 2576/2808/131
f 2551/2684/131 2552/2687/131 2680/2812/131 2679/2809/131
f 2500/2685/131 2501/2688/131 2629/2813/131 2628/2810/131
f 2449/2686/131 2450/2689/131 2578/2814/131 2577/2811/131
f 2552/2687/131 2553/2690/131 2681/2815/131 2680/2812/131
f 2501/2688/131 2502/2691/131 2630/2816/131 2629/2813/131
f 2450/2689/131 2451/2692/131 2579/2817/131 2578/2814/131
f 2553/2690/131 2554/2693/131 2682/2818/131 2681/2815/131
f 2502/2691/131 2503/2694/131 2631/2819/131 2630/2816/131
f 2451/2692/131 2452/2695/131 2580/2820/131 2579/2817/131
f 2554/2693/131 2555/2696/131 2683/2821/131 2682/2818/131
f 2503/2694/131 2504/2316/131 2632/2822/131 2631/2819/131
f 2452/2695/131 2453/2573/131 2581/2823/131 2580/2820/131
f 2555/2696/131 2556/2575/131 2684/2824/131 2683/2821/131
f 2504/2316/131 2505/2315/131 2633/2571/131 2632/2822/131
f 2453/2573/131 2454/2572/131 2582/2702/131 2581/2823/131
f 2556/2575/131 2557/2574/131 2685/2704/131 2684/2824/131
f 2822/2825/6 2823/2826/6 2952/2827/6 2951/2828/6
f 2644/2725/83 2645/2726/83 2773/2829/83 2772/2830/83
f 2593/2698/32 2594/2727/32 2722/2831/32 2721/2699/32
f 2645/2726/84 2646/2728/84 2774/2832/84 2773/2829/84
f 2594/2727/33 2595/2729/33 2723/2833/33 2722/2831/33
f 2646/2728/133 2647/2730/133 2775/2834/133 2774/2832/133
f 2595/2729/34 2596/2731/34 2724/2835/34 2723/2833/34
f 2647/2730/86 2648/2732/86 2776/2836/86 2775/2834/86
f 2596/2731/35 2597/2733/35 2725/2837/35 2724/2835/35
f 2648/2732/87 2649/2734/87 2777/2838/87 2776/2836/87
f 2597/2733/36 2598/2735/36 2726/2839/36 2725/2837/36
f 2649/2734/88 2650/2736/88 2778/2840/88 2777/2838/88
f 2598/2735/37 2599/2737/37 2727/2841/37 2726/2839/37
f 2650/2736/89 2651/2738/89 2779/2842/89 2778/2840/89
f 2599/2737/38 2600/2739/38 2728/2843/38 2727/2841/38
f 2651/2738/90 2652/2740/90 2780/2844/90 2779/2842/90
f 2600/2739/39 2601/2741/39 2729/2845/39 2728/2843/39
f 2652/2740/91 2653/2742/91 2781/2846/91 2780/2844/91
f 2601/2741/40 2602/2743/40 2730/2847/40 2729/2845/40
f 2653/2742/92 2654/2744/92 2782/2848/92 2781/2846/92
f 2602/2743/41 2603/2745/41 2731/2849/41 2730/2847/41
f 2654/2744/93 2655/2746/93 2783/2850/93 2782/2848/93
f 2603/2745/42 2604/2747/42 2732/2851/42 2731/2849/42
f 2655/2746/94 2656/2748/94 2784/2852/94 2783/2850/94
f 2604/2747/43 2605/2749/43 2733/2853/43 2732/2851/43
f 2656/2748/95 2657/2750/95 2785/2854/95 2784/2852/95
f 2605/2749/44 2606/2751/44 2734/2855/44 2733/2853/44
f 2657/2750/96 2658/2752/96 2786/2856/96 2785/2854/96
f 2606/2751/45 2607/2753/45 2735/2857/45 2734/2855/45
f 2658/2752/97 2659/2754/97 2787/2858/97 2786/2856/97
f 2607/2753/46 2608/2755/46 2736/2859/46 2735/2857/46
f 2659/2754/98 2660/2756/98 2788/2860/98 2787/2858/98
f 2608/2755/47 2609/2757/47 2737/2861/47 2736/2859/47
f 2660/2756/99 2661/2758/99 2789/2862/99 2788/2860/99
f 2609/2757/48 2610/2759/48 2738/2863/48 2737/2861/48
f 2661/2758/100 2662/2760/100 2790/2864/100 2789/2862/100
f 2610/2759/49 2611/2761/49 2739/2865/49 2738/2863/49
f 2662/2760/101 2663/2762/101 2791/2866/101 2790/2864/101
f 2611/2761/50 2612/2763/50 2740/2867/50 2739/2865/50
f 2663/2762/102 2664/2764/102 2792/2868/102 2791/2866/102
f 2612/2763/51 2613/2765/51 2741/2869/51 2740/2867/51
f 2561/2767/1 2562/2766/1 2690/2870/1 2689/2871/1
f 2664/2764/103 2665/2768/103 2793/2872/103 2792/2868/103
f 2613/2765/52 2614/2769/52 2742/2873/52 2741/2869/52
f 2563/2713/129 2561/2767/129 2689/2871/129 2691/2874/129
f 2665/2768/104 2666/2770/104 2794/2875/104 2793/2872/104
f 2614/2769/53 2615/2771/53 2743/2876/53 2742/2873/53
f 2562/2766/2 2564/2772/2 2692/2877/2 2690/2870/2
f 2666/2770/105 2667/2773/105 2795/2878/105 2794/2875/105
f 2615/2771/54 2616/2774/54 2744/2879/54 2743/2876/54
f 2564/2772/3 2565/2775/3 2693/2880/3 2692/2877/3
f 2667/2773/106 2668/2776/106 2796/2881/106 2795/2878/106
f 2616/2774/55 2617/2777/55 2745/2882/55 2744/2879/55
f 2565/2775/4 2566/2778/4 2694/2883/4 2693/2880/4
f 2668/2776/107 2669/2779/107 2797/2884/107 2796/2881/107
f 2617/2777/56 2618/2780/56 2746/2885/56 2745/2882/56
f 2566/2778/5 2567/2781/5 2695/2886/5 2694/2883/5
f 2669/2779/108 2670/2782/108 2798/2887/108 2797/2884/108
f 2618/2780/57 2619/2783/57 2747/2888/57 2746/2885/57
f 2567/2781/6 2568/2784/6 2696/2889/6 2695/2886/6
f 2670/2782/109 2671/2785/109 2799/2890/109 2798/2887/109
f 2619/2783/58 2620/2786/58 2748/2891/58 2747/2888/58
f 2568/2784/7 2569/2787/7 2697/2892/7 2696/2889/7
f 2671/2785/110 2672/2788/110 2800/2893/110 2799/2890/110
f 2620/2786/59 2621/2789/59 2749/2894/59 2748/2891/59
f 2569/2787/8 2570/2790/8 2698/2895/8 2697/2892/8
f 2672/2788/111 2673/2791/111 2801/2896/111 2800/2893/111
f 2621/2789/60 2622/2792/60 2750/2897/60 2749/2894/60
f 2570/2790/9 2571/2793/9 2699/2898/9 2698/2895/9
f 2673/2791/112 2674/2794/112 2802/2899/112 2801/2896/112
f 2622/2792/61 2623/2795/61 2751/2900/61 2750/2897/61
f 2571/2793/10 2572/2796/10 2700/2901/10 2699/2898/10
f 2674/2794/132 2675/2797/132 2803/2902/132 2802/2899/132
f 2623/2795/62 2624/2798/62 2752/2903/62 2751/2900/62
f 2572/2796/11 2573/2799/11 2701/2904/11 2700/2901/11
f 2675/2797/114 2676/2800/114 2804/2905/114 2803/2902/114
f 2624/2798/63 2625/2801/63 2753/2906/63 2752/2903/63
f 2573/2799/12 2574/2802/12 2702/2907/12 2701/2904/12
f 2676/2800/115 2677/2803/115 2805/2908/115 2804/2905/115
f 2625/2801/64 2626/2804/64 2754/2909/64 2753/2906/64
f 2574/2802/13 2575/2805/13 2703/2910/13 2702/2907/13
f 2677/2803/116 2678/2806/116 2806/2911/116 2805/2908/116
f 2626/2804/65 2627/2807/65 2755/2912/65 2754/2909/65
f 2575/2805/14 2576/2808/14 2704/2913/14 2703/2910/14
f 2678/2806/117 2679/2809/117 2807/2914/117 2806/2911/117
f 2627/2807/66 2628/2810/66 2756/2915/66 2755/2912/66
f 2576/2808/15 2577/2811/15 2705/2916/15 2704/2913/15
f 2679/2809/118 2680/2812/118 2808/2917/118 2807/2914/118
f 2628/2810/67 2629/2813/67 2757/2918/67 2756/2915/67
f 2577/2811/16 2578/2814/16 2706/2919/16 2705/2916/16
f 2680/2812/119 2681/2815/119 2809/2920/119 2808/2917/119
f 2629/2813/68 2630/2816/68 2758/2921/68 2757/2918/68
f 2578/2814/17 2579/2817/17 2707/2922/17 2706/2919/17
f 2681/2815/120 2682/2818/120 2810/2923/120 2809/2920/120
f 2630/2816/69 2631/2819/69 2759/2924/69 2758/2921/69
f 2579/2817/18 2580/2820/18 2708/2925/18 2707/2922/18
f 2682/2818/121 2683/2821/121 2811/2926/121 2810/2923/121
f 2631/2819/70 2632/2822/70 2760/2927/70 2759/2924/70
f 2580/2820/19 2581/2823/19 2709/2928/19 2708/2925/19
f 2683/2821/122 2684/2824/122 2812/2929/122 2811/2926/122
f 2632/2822/71 2633/2571/71 2761/2930/71 2760/2927/71
f 2581/2823/20 2582/2702/20 2710/2931/20 2709/2928/20
f 2684/2824/123 2685/2704/123 2813/2932/123 2812/2929/123
f 2633/2571/72 2634/2570/72 2762/2933/72 2761/2930/72
f 2582/2702/21 2583/2701/21 2711/2934/21 2710/2931/21
f 2685/2704/124 2686/2703/124 2814/2935/124 2813/2932/124
f 2634/2570/73 2635/2705/73 2763/2936/73 2762/2933/73
f 2583/2701/22 2584/2706/22 2712/2937/22 2711/2934/22
f 2686/2703/125 2687/2707/125 2815/2938/125 2814/2935/125
f 2635/2705/74 2636/2708/74 2764/2939/74 2763/2936/74
f 2584/2706/23 2585/2709/23 2713/2940/23 2712/2937/23
f 2687/2707/126 2688/2710/126 2816/2941/126 2815/2938/126
f 2636/2708/75 2637/2711/75 2765/2942/75 2764/2939/75
f 2585/2709/24 2586/2712/24 2714/2943/24 2713/2940/24
f 2688/2710/128 2563/2713/128 2691/2874/128 2816/2941/128
f 2637/2711/76 2638/2714/76 2766/2944/76 2765/2942/76
f 2586/2712/25 2587/2715/25 2715/2945/25 2714/2943/25
f 2638/2714/77 2639/2716/77 2767/2946/77 2766/2944/77
f 2587/2715/26 2588/2717/26 2716/2947/26 2715/2945/26
f 2639/2716/78 2640/2718/78 2768/2948/78 2767/2946/78
f 2588/2717/27 2589/2719/27 2717/2949/27 2716/2947/27
f 2640/2718/79 2641/2720/79 2769/2950/79 2768/2948/79
f 2589/2719/28 2590/2721/28 2718/2951/28 2717/2949/28
f 2641/2720/80 2642/2722/80 2770/2952/80 2769/2950/80
f 2590/2721/29 2591/2723/29 2719/2953/29 2718/2951/29
f 2642/2722/81 2643/2724/81 2771/2954/81 2770/2952/81
f 2591/2723/30 2592/2697/30 2720/2700/30 2719/2953/30
f 2643/2724/82 2644/2725/82 2772/2830/82 2771/2954/82
f 2689/2871/130 2690/2870/130 2818/2955/130 2817/2956/130
f 2690/2870/130 2692/2877/130 2819/2957/130 2818/2955/130
f 2692/2877/130 2693/2880/130 2820/2958/130 2819/2957/130
f 2693/2880/130 2694/2883/130 2821/2959/130 2820/2958/130
f 2694/2883/130 2695/2886/130 2822/2825/130 2821/2959/130
f 2695/2886/130 2696/2889/130 2823/2826/130 2822/2825/130
f 2696/2889/130 2697/2892/130 2824/2960/130 2823/2826/130
f 2697/2892/130 2698/2895/130 2825/2961/130 2824/2960/130
f 2698/2895/130 2699/2898/130 2826/2962/130 2825/2961/130
f 2699/2898/130 2700/2901/130 2827/2963/130 2826/2962/130
f 2700/2901/130 2701/2904/130 2828/2964/130 2827/2963/130
f 2701/2904/130 2702/2907/130 2829/2965/130 2828/2964/130
f 2702/2907/130 2703/2910/130 2830/2966/130 2829/2965/130
f 2703/2910/130 2704/2913/130 2831/2967/130 2830/2966/130
f 2704/2913/130 2705/2916/130 2832/2968/130 2831/2967/130
f 2705/2916/130 2706/2919/130 2833/2969/130 2832/2968/130
f 2706/2919/130 2707/2922/130 2834/2970/130 2833/2969/130
f 2707/2922/130 2708/2925/130 2835/2971/130 2834/2970/130
f 2708/2925/130 2709/2928/130 2836/2972/130 2835/2971/130
f 2709/2928/130 2710/2931/130 2837/2973/130 2836/2972/130
f 2710/2931/130 2711/2934/130 2838/2974/130 2837/2973/130
f 2711/2934/130 2712/2937/130 2839/2975/130 2838/2974/130
f 2712/2937/130 2713/2940/130 2840/2976/130 2839/2975/130
f 2713/2940/130 2714/2943/130 2841/2977/130 2840/2976/130
f 2714/2943/130 2715/2945/130 2842/2978/130 2841/2977/130
f 2715/2945/130 2716/2947/130 2843/2979/130 2842/2978/130
f 2716/2947/130 2717/2949/130 2844/2980/130 2843/2979/130
f 2717/2949/130 2718/2951/130 2845/2981/130 2844/2980/130
f 2718/2951/130 2719/2953/130 2846/2982/130 2845/2981/130
f 2719/2953/130 2720/2700/130 2847/2983/130 2846/2982/130
f 2720/2700/130 2721/2699/130 2848/2984/130 2847/2983/130
f 2721/2699/130 2722/2831/130 2849/2985/130 2848/2984/130
f 2722/2831/130 2723/2833/130 2850/2986/130 2849/2985/130
f 2723/2833/130 2724/2835/130 2851/2987/130 2850/2986/130
f 2724/2835/130 2725/2837/130 2852/2988/130 2851/2987/130
f 2725/2837/130 2726/2839/130 2853/2989/130 2852/2988/130
f 2726/2839/130 2727/2841/130 2854/2990/130 2853/2989/130
f 2727/2841/130 2728/2843/130 2855/2991/130 2854/2990/130
f 2728/2843/130 2729/2845/130 2856/2992/130 2855/2991/130
f 2729/2845/130 2730/2847/130 2857/2993/130 2856/2992/130
f 2730/2847/130 2731/2849/130 2858/2994/130 2857/2993/130
f 2731/2849/130 2732/2851/130 2859/2995/130 2858/2994/130
f 2732/2851/130 2733/2853/130 2860/2996/130 2859/2995/130
f 2733/2853/130 2734/2855/130 2861/2997/130 2860/2996/130
f 2734/2855/130 2735/2857/130 2862/2998/130 2861/2997/130
f 2735/2857/130 2736/2859/130 2863/2999/130 2862/2998/130
f 2736/2859/130 2737/2861/130 2864/3000/130 2863/2999/130
f 2737/2861/130 2738/2863/130 2865/3001/130 2864/3000/130
f 2738/2863/130 2739/2865/130 2866/3002/130 2865/3001/130
f 2739/2865/130 2740/2867/130 2867/3003/130 2866/3002/130
f 2740/2867/130 2741/2869/130 2868/3004/130 2867/3003/130
f 2741/2869/130 2742/2873/130 2869/3005/130 2868/3004/130
f 2742/2873/130 2743/2876/130 2870/3006/130 2869/3005/130
f 2743/2876/130 2744/2879/130 2871/3007/130 2870/3006/130
f 2744/2879/130 2745/2882/130 2872/3008/130 2871/3007/130
f 2745/2882/130 2746/2885/130 2873/3009/130 2872/3008/130
f 2746/2885/130 2747/2888/130 2874/3010/130 2873/3009/130
f 2747/2888/130 2748/2891/130 2875/3011/130 2874/3010/130
f 2748/2891/130 2749/2894/130 2876/3012/130 2875/3011/130
f 2749/2894/130 2750/2897/130 2877/3013/130 2876/3012/130
f 2750/2897/130 2751/2900/130 2878/3014/130 2877/3013/130
f 2751/2900/130 2752/2903/130 2879/3015/130 2878/3014/130
f 2752/2903/130 2753/2906/130 2880/3016/130 2879/3015/130
f 2753/2906/130 2754/2909/130 2881/3017/130 2880/3016/130
f 2754/2909/130 2755/2912/130 2882/3018/130 2881/3017/130
f 2755/2912/130 2756/2915/130 2883/3019/130 2882/3018/130
f 2756/2915/130 2757/2918/130 2884/3020/130 2883/3019/130
f 2757/2918/130 2758/2921/130 2885/3021/130 2884/3020/130
f 2758/2921/130 2759/2924/130 2886/3022/130 2885/3021/130
f 2759/2924/130 2760/2927/130 2887/3023/130 2886/3022/130
f 2760/2927/130 2761/2930/130 2888/3024/130 2887/3023/130
f 2761/2930/130 2762/2933/130 2889/3025/130 2888/3024/130
f 2762/2933/130 2763/2936/130 2890/3026/130 2889/3025/130
f 2763/2936/130 2764/2939/130 2891/3027/130 2890/3026/130
f 2764/2939/130 2765/2942/130 2892/3028/130 2891/3027/130
f 2765/2942/130 2766/2944/130 2893/3029/130 2892/3028/130
f 2766/2944/130 2767/2946/130 2894/3030/130 2893/3029/130
f 2767/2946/130 2768/2948/130 2895/3031/130 2894/3030/130
f 2768/2948/130 2769/2950/130 2896/3032/130 2895/3031/130
f 2769/2950/130 2770/2952/130 2897/3033/130 2896/3032/130
f 2770/2952/130 2771/2954/130 2898/3034/130 2897/3033/130
f 2771/2954/130 2772/2830/130 2899/3035/130 2898/3034/130
f 2772/2830/130 2773/2829/130 2900/3036/130 2899/3035/130
f 2773/2829/130 2774/2832/130 2901/3037/130 2900/3036/130
f 2774/2832/130 2775/2834/130 2902/3038/130 2901/3037/130
f 2775/2834/130 2776/2836/130 2903/3039/130 2902/3038/130
f 2776/2836/130 2777/2838/130 2904/3040/130 2903/3039/130
f 2777/2838/130 2778/2840/130 2905/3041/130 2904/3040/130
f 2778/2840/130 2779/2842/130 2906/3042/130 2905/3041/130
f 2779/2842/130 2780/2844/130 2907/3043/130 2906/3042/130
f 2780/2844/130 2781/2846/130 2908/3044/130 2907/3043/130
f 2781/2846/130 2782/2848/130 2909/3045/130 2908/3044/130
f 2782/2848/130 2783/2850/130 2910/3046/130 2909/3045/130
f 2783/2850/130 2784/2852/130 2911/3047/130 2910/3046/130
f 2784/2852/130 2785/2854/130 2912/3048/130 2911/3047/130
f 2785/2854/130 2786/2856/130 2913/3049/130 2912/3048/130
f 2786/2856/130 2787/2858/130 2914/3050/130 2913/3049/130
f 2787/2858/130 2788/2860/130 2915/3051/130 2914/3050/130
f 2788/2860/130 2789/2862/130 2916/3052/130 2915/3051/130
f 2789/2862/130 2790/2864/130 2917/3053/130 2916/3052/130
f 2790/2864/130 2791/2866/130 2918/3054/130 2917/3053/130
f 2791/2866/130 2792/2868/130 2919/3055/130 2918/3054/130
f 2792/2868/130 2793/2872/130 2920/3056/130 2919/3055/130
f 2793/2872/130 2794/2875/130 2921/3057/130 2920/3056/130
f 2794/2875/130 2795/2878/130 2922/3058/130 2921/3057/130
f 2795/2878/130 2796/2881/130 2923/3059/130 2922/3058/130
f 2796/2881/130 2797/2884/130 2924/3060/130 2923/3059/130
f 2797/2884/130 2798/2887/130 2925/3061/130 2924/3060/130
f 2798/2887/130 2799/2890/130 2926/3062/130 2925/3061/130
f 2799/2890/130 2800/2893/130 2927/3063/130 2926/3062/130
f 2800/2893/130 2801/2896/130 2928/3064/130 2927/3063/130
f 2801/2896/130 2802/2899/130 2929/3065/130 2928/3064/130
f 2802/2899/130 2803/2902/130 2930/3066/130 2929/3065/130
f 2803/2902/130 2804/2905/130 2931/3067/130 2930/3066/130
f 2804/2905/130 2805/2908/130 2932/3068/130 2931/3067/130
f 2805/2908/130 2806/2911/130 2933/3069/130 2932/3068/130
f 2806/2911/130 2807/2914/130 2934/3070/130 2933/3069/130
f 2807/2914/130 2808/2917/130 2935/3071/130 2934/3070/130
f 2808/2917/130 2809/2920/130 2936/3072/130 2935/3071/130
f 2809/2920/130 2810/2923/130 2937/3073/130 2936/3072/130
f 2810/2923/130 2811/2926/130 2938/3074/130 2937/3073/130
f 2811/2926/130 2812/2929/130 2939/3075/130 2938/3074/130
f 2812/2929/130 2813/2932/130 2940/3076/130 2939/3075/130
f 2813/2932/130 2814/2935/130 2941/3077/130 2940/3076/130
f 2814/2935/130 2815/2938/130 2942/3078/130 2941/3077/130
f 2815/2938/130 2816/2941/130 2943/3079/130 2942/3078/130
f 2816/2941/130 2691/2874/130 2944/3080/130 2943/3079/130
f 2691/2874/130 2689/2871/130 2817/2956/130 2944/3080/130
f 2952/2827/131 2953/3081/131 3081/3082/131 3080/3083/131
f 2925/3061/109 2926/3062/109 3055/3084/109 3054/3085/109
f 2874/3010/58 2875/3011/58 3004/3086/58 3003/3087/58
f 2823/2826/7 2824/2960/7 2953/3081/7 2952/2827/7
f 2926/3062/110 2927/3063/110 3056/3088/110 3055/3084/110
f 2875/3011/59 2876/3012/59 3005/3089/59 3004/3086/59
f 2824/2960/8 2825/2961/8 2954/3090/8 2953/3081/8
f 2927/3063/111 2928/3064/111 3057/3091/111 3056/3088/111
f 2876/3012/60 2877/3013/60 3006/3092/60 3005/3089/60
f 2825/2961/9 2826/2962/9 2955/3093/9 2954/3090/9
f 2928/3064/112 2929/3065/112 3058/3094/112 3057/3091/112
f 2877/3013/61 2878/3014/61 3007/3095/61 3006/3092/61
f 2826/2962/10 2827/2963/10 2956/3096/10 2955/3093/10
f 2929/3065/132 2930/3066/132 3059/3097/132 3058/3094/132
f 2878/3014/62 2879/3015/62 3008/3098/62 3007/3095/62
f 2827/2963/11 2828/2964/11 2957/3099/11 2956/3096/11
f 2930/3066/114 2931/3067/114 3060/3100/114 3059/3097/114
f 2879/3015/63 2880/3016/63 3009/3101/63 3008/3098/63
f 2828/2964/12 2829/2965/12 2958/3102/12 2957/3099/12
f 2931/3067/115 2932/3068/115 3061/3103/115 3060/3100/115
f 2880/3016/64 2881/3017/64 3010/3104/64 3009/3101/64
f 2829/2965/13 2830/2966/13 2959/3105/13 2958/3102/13
f 2932/3068/116 2933/3069/116 3062/3106/116 3061/3103/116
f 2881/3017/65 2882/3018/65 3011/3107/65 3010/3104/65
f 2830/2966/14 2831/2967/14 2960/3108/14 2959/3105/14
f 2933/3069/117 2934/3070/117 3063/3109/117 3062/3106/117
f 2882/3018/66 2883/3019/66 3012/3110/66 3011/3107/66
f 2831/2967/15 2832/2968/15 2961/3111/15 2960/3108/15
f 2934/3070/118 2935/3071/118 3064/3112/118 3063/3109/118
f 2883/3019/67 2884/3020/67 3013/3113/67 3012/3110/67
f 2832/2968/16 2833/2969/16 2962/3114/16 2961/3111/16
f 2935/3071/119 2936/3072/119 3065/3115/119 3064/3112/119
f 2884/3020/68 2885/3021/68 3014/3116/68 3013/3113/68
f 2833/2969/17 2834/2970/17 2963/3117/17 2962/3114/17
f 2936/3072/120 2937/3073/120 3066/3118/120 3065/3115/120
f 2885/3021/69 2886/3022/69 3015/3119/69 3014/3116/69
f 2834/2970/18 2835/2971/18 2964/3120/18 2963/3117/18
f 2937/3073/121 2938/3074/121 3067/3121/121 3066/3118/121
f 2886/3022/70 2887/3023/70 3016/3122/70 3015/3119/70
f 2835/2971/19 2836/2972/19 2965/3123/19 2964/3120/19
f 2938/3074/122 2939/3075/122 3068/3124/122 3067/3121/122
f 2887/3023/71 2888/3024/71 3017/3125/71 3016/3122/71
f 2836/2972/20 2837/2973/20 2966/3126/20 2965/3123/20
f 2939/3075/123 2940/3076/123 3069/3127/123 3068/3124/123
f 2888/3024/72 2889/3025/72 3018/3128/72 3017/3125/72
f 2837/2973/21 2838/2974/21 2967/3129/21 2966/3126/21
f 2940/3076/124 2941/3077/124 3070/3130/124 3069/3127/124
f 2889/3025/73 2890/3026/73 3019/3131/73 3018/3128/73
f 2838/2974/22 2839/2975/22 2968/3132/22 2967/3129/22
f 2941/3077/125 2942/3078/125 3071/3133/125 3070/3130/125
f 2890/3026/74 2891/3027/74 3020/3134/74 3019/3131/74
f 2839/2975/23 2840/2976/23 2969/3135/23 2968/3132/23
f 2942/3078/126 2943/3079/126 3072/3136/126 3071/3133/126
f 2891/3027/75 2892/3028/75 3021/3137/75 3020/3134/75
f 2840/2976/24 2841/2977/24 2970/3138/24 2969/3135/24
f 2943/3079/128 2944/3080/128 2947/3139/128 3072/3136/128
f 2892/3028/76 2893/3029/76 3022/3140/76 3021/3137/76
f 2841/2977/25 2842/2978/25 2971/3141/25 2970/3138/25
f 2893/3029/77 2894/3030/77 3023/3142/77 3022/3140/77
f 2842/2978/26 2843/2979/26 2972/3143/26 2971/3141/26
f 2894/3030/78 2895/3031/78 3024/3144/78 3023/3142/78
f 2843/2979/27 2844/2980/27 2973/3145/27 2972/3143/27
f 2895/3031/79 2896/3032/79 3025/3146/79 3024/3144/79
f 2844/2980/28 2845/2981/28 2974/3147/28 2973/3145/28
f 2896/3032/80 2897/3033/80 3026/3148/80 3025/3146/80
f 2845/2981/29 2846/2982/29 2975/3149/29 2974/3147/29
f 2897/3033/81 2898/3034/81 3027/3150/81 3026/3148/81
f 2846/2982/30 2847/2983/30 2976/3151/30 2975/3149/30
f 2898/3034/82 2899/3035/82 3028/3152/82 3027/3150/82
f 2847/2983/31 2848/2984/31 2977/3153/31 2976/3151/31
f 2899/3035/83 2900/3036/83 3029/3154/83 3028/3152/83
f 2848/2984/32 2849/2985/32 2978/3155/32 2977/3153/32
f 2900/3036/84 2901/3037/84 3030/3156/84 3029/3154/84
f 2849/2985/33 2850/2986/33 2979/3157/33 2978/3155/33
f 2901/3037/85 2902/3038/85 3031/3158/85 3030/3156/85
f 2850/2986/34 2851/2987/34 2980/3159/34 2979/3157/34
f 2902/3038/86 2903/3039/86 3032/3160/86 3031/3158/86
f 2851/2987/35 2852/2988/35 2981/3161/35 2980/3159/35
f 2903/3039/87 2904/3040/87 3033/3162/87 3032/3160/87
f 2852/2988/36 2853/2989/36 2982/3163/36 2981/3161/36
f 2904/3040/88 2905/3041/88 3034/3164/88 3033/3162/88
f 2853/2989/37 2854/2990/37 2983/3165/37 2982/3163/37
f 2905/3041/89 2906/3042/89 3035/3166/89 3034/3164/89
f 2854/2990/38 2855/2991/38 2984/3167/38 2983/3165/38
f 2906/3042/90 2907/3043/90 3036/3168/90 3035/3166/90
f 2855/2991/39 2856/2992/39 2985/3169/39 2984/3167/39
f 2907/3043/91 2908/3044/91 3037/3170/91 3036/3168/91
f 2856/2992/40 2857/2993/40 2986/3171/40 2985/3169/40
f 2908/3044/92 2909/3045/92 3038/3172/92 3037/3170/92
f 2857/2993/41 2858/2994/41 2987/3173/41 2986/3171/41
f 2909/3045/93 2910/3046/93 3039/3174/93 3038/3172/93
f 2858/2994/42 2859/2995/42 2988/3175/42 2987/3173/42
f 2910/3046/94 2911/3047/94 3040/3176/94 3039/3174/94
f 2859/2995/43 2860/2996/43 2989/3177/43 2988/3175/43
f 2911/3047/95 2912/3048/95 3041/3178/95 3040/3176/95
f 2860/2996/44 2861/2997/44 2990/3179/44 2989/3177/44
f 2912/3048/96 2913/3049/96 3042/3180/96 3041/3178/96
f 2861/2997/45 2862/2998/45 2991/3181/45 2990/3179/45
f 2913/3049/97 2914/3050/97 3043/3182/97 3042/3180/97
f 2862/2998/46 2863/2999/46 2992/3183/46 2991/3181/46
f 2914/3050/98 2915/3051/98 3044/3184/98 3043/3182/98
f 2863/2999/47 2864/3000/47 2993/3185/47 2992/3183/47
f 2915/3051/99 2916/3052/99 3045/3186/99 3044/3184/99
f 2864/3000/48 2865/3001/48 2994/3187/48 2993/3185/48
f 2916/3052/100 2917/3053/100 3046/3188/100 3045/3186/100
f 2865/3001/49 2866/3002/49 2995/3189/49 2994/3187/49
f 2917/3053/101 2918/3054/101 3047/3190/101 3046/3188/101
f 2866/3002/50 2867/3003/50 2996/3191/50 2995/3189/50
f 2918/3054/102 2919/3055/102 3048/3192/102 3047/3190/102
f 2867/3003/51 2868/3004/51 2997/3193/51 2996/3191/51
f 2817/2956/1 2818/2955/1 2946/3194/1 2945/3195/1
f 2919/3055/103 2920/3056/103 3049/3196/103 3048/3192/103
f 2868/3004/52 2869/3005/52 2998/3197/52 2997/3193/52
f 2944/3080/129 2817/2956/129 2945/3195/129 2947/3139/129
f 2920/3056/104 2921/3057/104 3050/3198/104 3049/3196/104
f 2869/3005/53 2870/3006/53 2999/3199/53 2998/3197/53
f 2818/2955/2 2819/2957/2 2948/3200/2 2946/3194/2
f 2921/3057/105 2922/3058/105 3051/3201/105 3050/3198/105
f 2870/3006/54 2871/3007/54 3000/3202/54 2999/3199/54
f 2819/2957/3 2820/2958/3 2949/3203/3 2948/3200/3
f 2922/3058/106 2923/3059/106 3052/3204/106 3051/3201/106
f 2871/3007/55 2872/3008/55 3001/3205/55 3000/3202/55
f 2820/2958/4 2821/2959/4 2950/3206/4 2949/3203/4
f 2923/3059/107 2924/3060/107 3053/3207/107 3052/3204/107
f 2872/3008/56 2873/3009/56 3002/3208/56 3001/3205/56
f 2821/2959/5 2822/2825/5 2951/2828/5 2950/3206/5
f 2924/3060/108 2925/3061/108 3054/3085/108 3053/3207/108
f 2873/3009/57 2874/3010/57 3003/3087/57 3002/3208/57
f 3193/3209/120 3194/3210/120 3322/3211/120 3321/3212/120
f 3055/3084/131 3056/3088/131 3184/3213/131 3183/3214/131
f 3004/3086/131 3005/3089/131 3133/3215/131 3132/3216/131
f 2953/3081/131 2954/3090/131 3082/3217/131 3081/3082/131
f 3056/3088/131 3057/3091/131 3185/3218/131 3184/3213/131
f 3005/3089/131 3006/3092/131 3134/3219/131 3133/3215/131
f 2954/3090/131 2955/3093/131 3083/3220/131 3082/3217/131
f 3057/3091/131 3058/3094/131 3186/3221/131 3185/3218/131
f 3006/3092/131 3007/3095/131 3135/3222/131 3134/3219/131
f 2955/3093/131 2956/3096/131 3084/3223/131 3083/3220/131
f 3058/3094/131 3059/3097/131 3187/3224/131 3186/3221/131
f 3007/3095/131 3008/3098/131 3136/3225/131 3135/3222/131
f 2956/3096/131 2957/3099/131 3085/3226/131 3084/3223/131
f 3059/3097/131 3060/3100/131 3188/3227/131 3187/3224/131
f 3008/3098/131 3009/3101/131 3137/3228/131 3136/3225/131
f 2957/3099/131 2958/3102/131 3086/3229/131 3085/3226/131
f 3060/3100/131 3061/3103/131 3189/3230/131 3188/3227/131
f 3009/3101/131 3010/3104/131 3138/3231/131 3137/3228/131
f 2958/3102/131 2959/3105/131 3087/3232/131 3086/3229/131
f 3061/3103/131 3062/3106/131 3190/3233/131 3189/3230/131
f 3010/3104/131 3011/3107/131 3139/3234/131 3138/3231/131
f 2959/3105/131 2960/3108/131 3088/3235/131 3087/3232/131
f 3062/3106/131 3063/3109/131 3191/3236/131 3190/3233/131
f 3011/3107/131 3012/3110/131 3140/3237/131 3139/3234/131
f 2960/3108/131 2961/3111/131 3089/3238/131 3088/3235/131
f 3063/3109/131 3064/3112/131 3192/3239/131 3191/3236/131
f 3012/3110/131 3013/3113/131 3141/3240/131 3140/3237/131
f 2961/3111/131 2962/3114/131 3090/3241/131 3089/3238/131
f 3064/3112/131 3065/3115/131 3193/3209/131 3192/3239/131
f 3013/3113/131 3014/3116/131 3142/3242/131 3141/3240/131
f 2962/3114/131 2963/3117/131 3091/3243/131 3090/3241/131
f 3065/3115/131 3066/3118/131 3194/3210/131 3193/3209/131
f 3014/3116/131 3015/3119/131 3143/3244/131 3142/3242/131
f 2963/3117/131 2964/3120/131 3092/3245/131 3091/3243/131
f 3066/3118/131 3067/3121/131 3195/3246/131 3194/3210/131
f 3015/3119/131 3016/3122/131 3144/3247/131 3143/3244/131
f 2964/3120/131 2965/3123/131 3093/3248/131 3092/3245/131
f 3067/3121/131 3068/3124/131 3196/3249/131 3195/3246/131
f 3016/3122/131 3017/3125/131 3145/3250/131 3144/3247/131
f 2965/3123/131 2966/3126/131 3094/3251/131 3093/3248/131
f 3068/3124/131 3069/3127/131 3197/3252/131 3196/3249/131
f 3017/3125/131 3018/3128/131 3146/3253/131 3145/3250/131
f 2966/3126/131 2967/3129/131 3095/3254/131 3094/3251/131
f 3069/3127/131 3070/3130/131 3198/3255/131 3197/3252/131
f 3018/3128/131 3019/3131/131 3147/3256/131 3146/3253/131
f 2967/3129/131 2968/3132/131 3096/3257/131 3095/3254/131
f 3070/3130/131 3071/3133/131 3199/3258/131 3198/3255/131
f 3019/3131/131 3020/3134/131 3148/3259/131 3147/3256/131
f 2968/3132/131 2969/3135/131 3097/3260/131 3096/3257/131
f 3071/3133/131 3072/3136/131 3200/3261/131 3199/3258/131
f 3020/3134/131 3021/3137/131 3149/3262/131 3148/3259/131
f 2969/3135/131 2970/3138/131 3098/3263/131 3097/3260/131
f 3072/3136/131 2947/3139/131 3075/3264/131 3200/3261/131
f 3021/3137/131 3022/3140/131 3150/3265/131 3149/3262/131
f 2970/3138/131 2971/3141/131 3099/3266/131 3098/3263/131
f 3022/3140/131 3023/3142/131 3151/3267/131 3150/3265/131
f 2971/3141/131 2972/3143/131 3100/3268/131 3099/3266/131
f 3023/3142/131 3024/3144/131 3152/3269/131 3151/3267/131
f 2972/3143/131 2973/3145/131 3101/3270/131 3100/3268/131
f 3024/3144/131 3025/3146/131 3153/3271/131 3152/3269/131
f 2973/3145/131 2974/3147/131 3102/3272/131 3101/3270/131
f 3025/3146/131 3026/3148/131 3154/3273/131 3153/3271/131
f 2974/3147/131 2975/3149/131 3103/3274/131 3102/3272/131
f 3026/3148/131 3027/3150/131 3155/3275/131 3154/3273/131
f 2975/3149/131 2976/3151/131 3104/3276/131 3103/3274/131
f 3027/3150/131 3028/3152/131 3156/3277/131 3155/3275/131
f 2976/3151/131 2977/3153/131 3105/3278/131 3104/3276/131
f 3028/3152/131 3029/3154/131 3157/3279/131 3156/3277/131
f 2977/3153/131 2978/3155/131 3106/3280/131 3105/3278/131
f 3029/3154/131 3030/3156/131 3158/3281/131 3157/3279/131
f 2978/3155/131 2979/3157/131 3107/3282/131 3106/3280/131
f 3030/3156/131 3031/3158/131 3159/3283/131 3158/3281/131
f 2979/3157/131 2980/3159/131 3108/3284/131 3107/3282/131
f 3031/3158/131 3032/3160/131 3160/3285/131 3159/3283/131
f 2980/3159/131 2981/3161/131 3109/3286/131 3108/3284/131
f 3032/3160/131 3033/3162/131 3161/3287/131 3160/3285/131
f 2981/3161/131 2982/3163/131 3110/3288/131 3109/3286/131
f 3033/3162/131 3034/3164/131 3162/3289/131 3161/3287/131
f 2982/3163/131 2983/3165/131 3111/3290/131 3110/3288/131
f 3034/3164/131 3035/3166/131 3163/3291/131 3162/3289/131
f 2983/3165/131 2984/3167/131 3112/3292/131 3111/3290/131
f 3035/3166/131 3036/3168/131 3164/3293/131 3163/3291/131
f 2984/3167/131 2985/3169/131 3113/3294/131 3112/3292/131
f 3036/3168/131 3037/3170/131 3165/3295/131 3164/3293/131
f 2985/3169/131 2986/3171/131 3114/3296/131 3113/3294/131
f 3037/3170/131 3038/3172/131 3166/3297/131 3165/3295/131
f 2986/3171/131 2987/3173/131 3115/3298/131 3114/3296/131
f 3038/3172/131 3039/3174/131 3167/3299/131 3166/3297/131
f 2987/3173/131 2988/3175/131 3116/3300/131 3115/3298/131
f 3039/3174/131 3040/3176/131 3168/3301/131 3167/3299/131
f 2988/3175/131 2989/3177/131 3117/3302/131 3116/3300/131
f 3040/3176/131 3041/3178/131 3169/3303/131 3168/3301/131
f 2989/3177/131 2990/3179/131 3118/3304/131 3117/3302/131
f 3041/3178/131 3042/3180/131 3170/3305/131 3169/3303/131
f 2990/3179/131 2991/3181/131 3119/3306/131 3118/3304/131
f 3042/3180/131 3043/3182/131 3171/3307/131 3170/3305/131
f 2991/3181/131 2992/3183/131 3120/3308/131 3119/3306/131
f 3043/3182/131 3044/3184/131 3172/3309/131 3171/3307/131
f 2992/3183/131 2993/3185/131 3121/3310/131 3120/3308/131
f 3044/3184/131 3045/3186/131 3173/3311/131 3172/3309/131
f 2993/3185/131 2994/3187/131 3122/3312/131 3121/3310/131
f 3045/3186/131 3046/3188/131 3174/3313/131 3173/3311/131
f 2994/3187/131 2995/3189/131 3123/3314/131 3122/3312/131
f 3046/3188/131 3047/3190/131 3175/3315/131 3174/3313/131
f 2995/3189/131 2996/3191/131 3124/3316/131 3123/3314/131
f 3047/3190/131 3048/3192/131 3176/3317/131 3175/3315/131
f 2996/3191/131 2997/3193/131 3125/3318/131 3124/3316/131
f 2945/3195/131 2946/3194/131 3074/3319/131 3073/3320/131
f 3048/3192/131 3049/3196/131 3177/3321/131 3176/3317/131
f 2997/3193/131 2998/3197/131 3126/3322/131 3125/3318/131
f 2947/3139/131 2945/3195/131 3073/3320/131 3075/3264/131
f 3049/3196/131 3050/3198/131 3178/3323/131 3177/3321/131
f 2998/3197/131 2999/3199/131 3127/3324/131 3126/3322/131
f 2946/3194/131 2948/3200/131 3076/3325/131 3074/3319/131
f 3050/3198/131 3051/3201/131 3179/3326/131 3178/3323/131
f 2999/3199/131 3000/3202/131 3128/3327/131 3127/3324/131
f 2948/3200/131 2949/3203/131 3077/3328/131 3076/3325/131
f 3051/3201/131 3052/3204/131 3180/3329/131 3179/3326/131
f 3000/3202/131 3001/3205/131 3129/3330/131 3128/3327/131
f 2949/3203/131 2950/3206/131 3078/3331/131 3077/3328/131
f 3052/3204/131 3053/3207/131 3181/3332/131 3180/3329/131
f 3001/3205/131 3002/3208/131 3130/3333/131 3129/3330/131
f 2950/3206/131 2951/2828/131 3079/3334/131 3078/3331/131
f 3053/3207/131 3054/3085/131 3182/3335/131 3181/3332/131
f 3002/3208/131 3003/3087/131 3131/3336/131 3130/3333/131
f 2951/2828/131 2952/2827/131 3080/3083/131 3079/3334/131
f 3054/3085/131 3055/3084/131 3183/3214/131 3182/3335/131
f 3003/3087/131 3004/3086/131 3132/3216/131 3131/3336/131
f 3349/3337/21 3350/3338/21 3479/3339/21 3478/3340/21
f 3142/3242/69 3143/3244/69 3271/3341/69 3270/3342/69
f 3091/3243/18 3092/3245/18 3220/3343/18 3219/3344/18
f 3194/3210/121 3195/3246/121 3323/3345/121 3322/3211/121
f 3143/3244/70 3144/3247/70 3272/3346/70 3271/3341/70
f 3092/3245/19 3093/3248/19 3221/3347/19 3220/3343/19
f 3195/3246/122 3196/3249/122 3324/3348/122 3323/3345/122
f 3144/3247/71 3145/3250/71 3273/3349/71 3272/3346/71
f 3093/3248/20 3094/3251/20 3222/3350/20 3221/3347/20
f 3196/3249/123 3197/3252/123 3325/3351/123 3324/3348/123
f 3145/3250/72 3146/3253/72 3274/3352/72 3273/3349/72
f 3094/3251/21 3095/3254/21 3223/3353/21 3222/3350/21
f 3197/3252/124 3198/3255/124 3326/3354/124 3325/3351/124
f 3146/3253/73 3147/3256/73 3275/3355/73 3274/3352/73
f 3095/3254/22 3096/3257/22 3224/3356/22 3223/3353/22
f 3198/3255/125 3199/3258/125 3327/3357/125 3326/3354/125
f 3147/3256/74 3148/3259/74 3276/3358/74 3275/3355/74
f 3096/3257/23 3097/3260/23 3225/3359/23 3224/3356/23
f 3199/3258/126 3200/3261/126 3328/3360/126 3327/3357/126
f 3148/3259/75 3149/3262/75 3277/3361/75 3276/3358/75
f 3097/3260/24 3098/3263/24 3226/3362/24 3225/3359/24
f 3200/3261/128 3075/3264/128 3203/3363/128 3328/3360/128
f 3149/3262/76 3150/3265/76 3278/3364/76 3277/3361/76
f 3098/3263/25 3099/3266/25 3227/3365/25 3226/3362/25
f 3150/3265/77 3151/3267/77 3279/3366/77 3278/3364/77
f 3099/3266/26 3100/3268/26 3228/3367/26 3227/3365/26
f 3151/3267/78 3152/3269/78 3280/3368/78 3279/3366/78
f 3100/3268/27 3101/3270/27 3229/3369/27 3228/3367/27
f 3152/3269/79 3153/3271/79 3281/3370/79 3280/3368/79
f 3101/3270/28 3102/3272/28 3230/3371/28 3229/3369/28
f 3153/3271/80 3154/3273/80 3282/3372/80 3281/3370/80
f 3102/3272/29 3103/3274/29 3231/3373/29 3230/3371/29
f 3154/3273/81 3155/3275/81 3283/3374/81 3282/3372/81
f 3103/3274/30 3104/3276/30 3232/3375/30 3231/3373/30
f 3155/3275/82 3156/3277/82 3284/3376/82 3283/3374/82
f 3104/3276/31 3105/3278/31 3233/3377/31 3232/3375/31
f 3156/3277/83 3157/3279/83 3285/3378/83 3284/3376/83
f 3105/3278/32 3106/3280/32 3234/3379/32 3233/3377/32
f 3157/3279/84 3158/3281/84 3286/3380/84 3285/3378/84
f 3106/3280/33 3107/3282/33 3235/3381/33 3234/3379/33
f 3158/3281/85 3159/3283/85 3287/3382/85 3286/3380/85
f 3107/3282/34 3108/3284/34 3236/3383/34 3235/3381/34
f 3159/3283/86 3160/3285/86 3288/3384/86 3287/3382/86
f 3108/3284/35 3109/3286/35 3237/3385/35 3236/3383/35
f 3160/3285/87 3161/3287/87 3289/3386/87 3288/3384/87
f 3109/3286/36 3110/3288/36 3238/3387/36 3237/3385/36
f 3161/3287/88 3162/3289/88 3290/3388/88 3289/3386/88
f 3110/3288/37 3111/3290/37 3239/3389/37 3238/3387/37
f 3162/3289/89 3163/3291/89 3291/3390/89 3290/3388/89
f 3111/3290/38 3112/3292/38 3240/3391/38 3239/3389/38
f 3163/3291/90 3164/3293/90 3292/3392/90 3291/3390/90
f 3112/3292/39 3113/3294/39 3241/3393/39 3240/3391/39
f 3164/3293/91 3165/3295/91 3293/3394/91 3292/3392/91
f 3113/3294/40 3114/3296/40 3242/3395/40 3241/3393/40
f 3165/3295/92 3166/3297/92 3294/3396/92 3293/3394/92
f 3114/3296/41 3115/3298/41 3243/3397/41 3242/3395/41
f 3166/3297/93 3167/3299/93 3295/3398/93 3294/3396/93
f 3115/3298/42 3116/3300/42 3244/3399/42 3243/3397/42
f 3167/3299/94 3168/3301/94 3296/3400/94 3295/3398/94
f 3116/3300/43 3117/3302/43 3245/3401/43 3244/3399/43
f 3168/3301/95 3169/3303/95 3297/3402/95 3296/3400/95
f 3117/3302/44 3118/3304/44 3246/3403/44 3245/3401/44
f 3169/3303/96 3170/3305/96 3298/3404/96 3297/3402/96
f 3118/3304/45 3119/3306/45 3247/3405/45 3246/3403/45
f 3170/3305/97 3171/3307/97 3299/3406/97 3298/3404/97
f 3119/3306/46 3120/3308/46 3248/3407/46 3247/3405/46
f 3171/3307/98 3172/3309/98 3300/3408/98 3299/3406/98
f 3120/3308/47 3121/3310/47 3249/3409/47 3248/3407/47
f 3172/3309/99 3173/3311/99 3301/3410/99 3300/3408/99
f 3121/3310/48 3122/3312/48 3250/3411/48 3249/3409/48
f 3173/3311/100 3174/3313/100 3302/3412/100 3301/3410/100
f 3122/3312/49 3123/3314/49 3251/3413/49 3250/3411/49
f 3174/3313/101 3175/3315/101 3303/3414/101 3302/3412/101
f 3123/3314/50 3124/3316/50 3252/3415/50 3251/3413/50
f 3175/3315/102 3176/3317/102 3304/3416/102 3303/3414/102
f 3124/3316/51 3125/3318/51 3253/3417/51 3252/3415/51
f 3073/3320/1 3074/3319/1 3202/3418/1 3201/3419/1
f 3176/3317/103 3177/3321/103 3305/3420/103 3304/3416/103
f 3125/3318/52 3126/3322/52 3254/3421/52 3253/3417/52
f 3075/3264/129 3073/3320/129 3201/3419/129 3203/3363/129
f 3177/3321/104 3178/3323/104 3306/3422/104 3305/3420/104
f 3126/3322/53 3127/3324/53 3255/3423/53 3254/3421/53
f 3074/3319/2 3076/3325/2 3204/3424/2 3202/3418/2
f 3178/3323/105 3179/3326/105 3307/3425/105 3306/3422/105
f 3127/3324/54 3128/3327/54 3256/3426/54 3255/3423/54
f 3076/3325/3 3077/3328/3 3205/3427/3 3204/3424/3
f 3179/3326/106 3180/3329/106 3308/3428/106 3307/3425/106
f 3128/3327/55 3129/3330/55 3257/3429/55 3256/3426/55
f 3077/3328/4 3078/3331/4 3206/3430/4 3205/3427/4
f 3180/3329/107 3181/3332/107 3309/3431/107 3308/3428/107
f 3129/3330/56 3130/3333/56 3258/3432/56 3257/3429/56
f 3078/3331/5 3079/3334/5 3207/3433/5 3206/3430/5
f 3181/3332/108 3182/3335/108 3310/3434/108 3309/3431/108
f 3130/3333/57 3131/3336/57 3259/3435/57 3258/3432/57
f 3079/3334/6 3080/3083/6 3208/3436/6 3207/3433/6
f 3182/3335/109 3183/3214/109 3311/3437/109 3310/3434/109
f 3131/3336/58 3132/3216/58 3260/3438/58 3259/3435/58
f 3080/3083/7 3081/3082/7 3209/3439/7 3208/3436/7
f 3183/3214/110 3184/3213/110 3312/3440/110 3311/3437/110
f 3132/3216/59 3133/3215/59 3261/3441/59 3260/3438/59
f 3081/3082/8 3082/3217/8 3210/3442/8 3209/3439/8
f 3184/3213/111 3185/3218/111 3313/3443/111 3312/3440/111
f 3133/3215/60 3134/3219/60 3262/3444/60 3261/3441/60
f 3082/3217/9 3083/3220/9 3211/3445/9 3210/3442/9
f 3185/3218/112 3186/3221/112 3314/3446/112 3313/3443/112
f 3134/3219/61 3135/3222/61 3263/3447/61 3262/3444/61
f 3083/3220/10 3084/3223/10 3212/3448/10 3211/3445/10
f 3186/3221/113 3187/3224/113 3315/3449/113 3314/3446/113
f 3135/3222/62 3136/3225/62 3264/3450/62 3263/3447/62
f 3084/3223/11 3085/3226/11 3213/3451/11 3212/3448/11
f 3187/3224/114 3188/3227/114 3316/3452/114 3315/3449/114
f 3136/3225/63 3137/3228/63 3265/3453/63 3264/3450/63
f 3085/3226/12 3086/3229/12 3214/3454/12 3213/3451/12
f 3188/3227/115 3189/3230/115 3317/3455/115 3316/3452/115
f 3137/3228/64 3138/3231/64 3266/3456/64 3265/3453/64
f 3086/3229/13 3087/3232/13 3215/3457/13 3214/3454/13
f 3189/3230/116 3190/3233/116 3318/3458/116 3317/3455/116
f 3138/3231/65 3139/3234/65 3267/3459/65 3266/3456/65
f 3087/3232/14 3088/3235/14 3216/3460/14 3215/3457/14
f 3190/3233/117 3191/3236/117 3319/3461/117 3318/3458/117
f 3139/3234/66 3140/3237/66 3268/3462/66 3267/3459/66
f 3088/3235/15 3089/3238/15 3217/3463/15 3216/3460/15
f 3191/3236/118 3192/3239/118 3320/3464/118 3319/3461/118
f 3140/3237/67 3141/3240/67 3269/3465/67 3268/3462/67
f 3089/3238/16 3090/3241/16 3218/3466/16 3217/3463/16
f 3192/3239/119 3193/3209/119 3321/3212/119 3320/3464/119
f 3141/3240/68 3142/3242/68 3270/3342/68 3269/3465/68
f 3090/3241/17 3091/3243/17 3219/3344/17 3218/3466/17
f 3201/3419/130 3202/3418/130 3330/3467/130 3329/3468/130
f 3202/3418/130 3204/3424/130 3331/3469/130 3330/3467/130
f 3204/3424/130 3205/3427/130 3332/3470/130 3331/3469/130
f 3205/3427/130 3206/3430/130 3333/3471/130 3332/3470/130
f 3206/3430/130 3207/3433/130 3334/3472/130 3333/3471/130
f 3207/3433/130 3208/3436/130 3335/3473/130 3334/3472/130
f 3208/3436/130 3209/3439/130 3336/3474/130 3335/3473/130
f 3209/3439/130 3210/3442/130 3337/3475/130 3336/3474/130
f 3210/3442/130 3211/3445/130 3338/3476/130 3337/3475/130
f 3211/3445/130 3212/3448/130 3339/3477/130 3338/3476/130
f 3212/3448/130 3213/3451/130 3340/3478/130 3339/3477/130
f 3213/3451/130 3214/3454/130 3341/3479/130 3340/3478/130
f 3214/3454/130 3215/3457/130 3342/3480/130 3341/3479/130
f 3215/3457/130 3216/3460/130 3343/3481/130 3342/3480/130
f 3216/3460/130 3217/3463/130 3344/3482/130 3343/3481/130
f 3217/3463/130 3218/3466/130 3345/3483/130 3344/3482/130
f 3218/3466/130 3219/3344/130 3346/3484/130 3345/3483/130
f 3219/3344/130 3220/3343/130 3347/3485/130 3346/3484/130
f 3220/3343/130 3221/3347/130 3348/3486/130 3347/3485/130
f 3221/3347/130 3222/3350/130 3349/3337/130 3348/3486/130
f 3222/3350/130 3223/3353/130 3350/3338/130 3349/3337/130
f 3223/3353/130 3224/3356/130 3351/3487/130 3350/3338/130
f 3224/3356/130 3225/3359/130 3352/3488/130 3351/3487/130
f 3225/3359/130 3226/3362/130 3353/3489/130 3352/3488/130
f 3226/3362/130 3227/3365/130 3354/3490/130 3353/3489/130
f 3227/3365/130 3228/3367/130 3355/3491/130 3354/3490/130
f 3228/3367/130 3229/3369/130 3356/3492/130 3355/3491/130
f 3229/3369/130 3230/3371/130 3357/3493/130 3356/3492/130
f 3230/3371/130 3231/3373/130 3358/3494/130 3357/3493/130
f 3231/3373/130 3232/3375/130 3359/3495/130 3358/3494/130
f 3232/3375/130 3233/3377/130 3360/3496/130 3359/3495/130
f 3233/3377/130 3234/3379/130 3361/3497/130 3360/3496/130
f 3234/3379/130 3235/3381/130 3362/3498/130 3361/3497/130
f 3235/3381/130 3236/3383/130 3363/3499/130 3362/3498/130
f 3236/3383/130 3237/3385/130 3364/3500/130 3363/3499/130
f 3237/3385/130 3238/3387/130 3365/3501/130 3364/3500/130
f 3238/3387/130 3239/3389/130 3366/3502/130 3365/3501/130
f 3239/3389/130 3240/3391/130 3367/3503/130 3366/3502/130
f 3240/3391/130 3241/3393/130 3368/3504/130 3367/3503/130
f 3241/3393/130 3242/3395/130 3369/3505/130 3368/3504/130
f 3242/3395/130 3243/3397/130 3370/3506/130 3369/3505/130
f 3243/3397/130 3244/3399/130 3371/3507/130 3370/3506/130
f 3244/3399/130 3245/3401/130 3372/3508/130 3371/3507/130
f 3245/3401/130 3246/3403/130 3373/3509/130 3372/3508/130
f 3246/3403/130 3247/3405/130 3374/3510/130 3373/3509/130
f 3247/3405/130 3248/3407/130 3375/3511/130 3374/3510/130
f 3248/3407/130 3249/3409/130 3376/3512/130 3375/3511/130
f 3249/3409/130 3250/3411/130 3377/3513/130 3376/3512/130
f 3250/3411/130 3251/3413/130 3378/3514/130 3377/3513/130
f 3251/3413/130 3252/3415/130 3379/3515/130 3378/3514/130
f 3252/3415/130 3253/3417/130 3380/3516/130 3379/3515/130
f 3253/3417/130 3254/3421/130 3381/3517/130 3380/3516/130
f 3254/3421/130 3255/3423/130 3382/3518/130 3381/3517/130
f 3255/3423/130 3256/3426/130 3383/3519/130 3382/3518/130
f 3256/3426/130 3257/3429/130 3384/3520/130 3383/3519/130
f 3257/3429/130 3258/3432/130 3385/3521/130 3384/3520/130
f 3258/3432/130 3259/3435/130 3386/3522/130 3385/3521/130
f 3259/3435/130 3260/3438/130 3387/3523/130 3386/3522/130
f 3260/3438/130 3261/3441/130 3388/3524/130 3387/3523/130
f 3261/3441/130 3262/3444/130 3389/3525/130 3388/3524/130
f 3262/3444/130 3263/3447/130 3390/3526/130 3389/3525/130
f 3263/3447/130 3264/3450/130 3391/3527/130 3390/3526/130
f 3264/3450/130 3265/3453/130 3392/3528/130 3391/3527/130
f 3265/3453/130 3266/3456/130 3393/3529/130 3392/3528/130
f 3266/3456/130 3267/3459/130 3394/3530/130 3393/3529/130
f 3267/3459/130 3268/3462/130 3395/3531/130 3394/3530/130
f 3268/3462/130 3269/3465/130 3396/3532/130 3395/3531/130
f 3269/3465/130 3270/3342/130 3397/3533/130 3396/3532/130
f 3270/3342/130 3271/3341/130 3398/3534/130 3397/3533/130
f 3271/3341/130 3272/3346/130 3399/3535/130 3398/3534/130
f 3272/3346/130 3273/3349/130 3400/3536/130 3399/3535/130
f 3273/3349/130 3274/3352/130 3401/3537/130 3400/3536/130
f 3274/3352/130 3275/3355/130 3402/3538/130 3401/3537/130
f 3275/3355/130 3276/3358/130 3403/3539/130 3402/3538/130
f 3276/3358/130 3277/3361/130 3404/3540/130 3403/3539/130
f 3277/3361/130 3278/3364/130 3405/3541/130 3404/3540/130
f 3278/3364/130 3279/3366/130 3406/3542/130 3405/3541/130
f 3279/3366/130 3280/3368/130 3407/3543/130 3406/3542/130
f 3280/3368/130 3281/3370/130 3408/3544/130 3407/3543/130
f 3281/3370/130 3282/3372/130 3409/3545/130 3408/3544/130
f 3282/3372/130 3283/3374/130 3410/3546/130 3409/3545/130
f 3283/3374/130 3284/3376/130 3411/3547/130 3410/3546/130
f 3284/3376/130 3285/3378/130 3412/3548/130 3411/3547/130
f 3285/3378/130 3286/3380/130 3413/3549/130 3412/3548/130
f 3286/3380/130 3287/3382/130 3414/3550/130 3413/3549/130
f 3287/3382/130 3288/3384/130 3415/3551/130 3414/3550/130
f 3288/3384/130 3289/3386/130 3416/3552/130 3415/3551/130
f 3289/3386/130 3290/3388/130 3417/3553/130 3416/3552/130
f 3290/3388/130 3291/3390/130 3418/3554/130 3417/3553/130
f 3291/3390/130 3292/3392/130 3419/3555/130 3418/3554/130
f 3292/3392/130 3293/3394/130 3420/3556/130 3419/3555/130
f 3293/3394/130 3294/3396/130 3421/3557/130 3420/3556/130
f 3294/3396/130 3295/3398/130 3422/3558/130 3421/3557/130
f 3295/3398/130 3296/3400/130 3423/3559/130 3422/3558/130
f 3296/3400/130 3297/3402/130 3424/3560/130 3423/3559/130
f 3297/3402/130 3298/3404/130 3425/3561/130 3424/3560/130
f 3298/3404/130 3299/3406/130 3426/3562/130 3425/3561/130
f 3299/3406/130 3300/3408/130 3427/3563/130 3426/3562/130
f 3300/3408/130 3301/3410/130 3428/3564/130 3427/3563/130
f 3301/3410/130 3302/3412/130 3429/3565/130 3428/3564/130
f 3302/3412/130 3303/3414/130 3430/3566/130 3429/3565/130
f 3303/3414/130 3304/3416/130 3431/3567/130 3430/3566/130
f 3304/3416/130 3305/3420/130 3432/3568/130 3431/3567/130
f 3305/3420/130 3306/3422/130 3433/3569/130 3432/3568/130
f 3306/3422/130 3307/3425/130 3434/3570/130 3433/3569/130
f 3307/3425/130 3308/3428/130 3435/3571/130 3434/3570/130
f 3308/3428/130 3309/3431/130 3436/3572/130 3435/3571/130
f 3309/3431/130 3310/3434/130 3437/3573/130 3436/3572/130
f 3310/3434/130 3311/3437/130 3438/3574/130 3437/3573/130
f 3311/3437/130 3312/3440/130 3439/3575/130 3438/3574/130
f 3312/3440/130 3313/3443/130 3440/3576/130 3439/3575/130
f 3313/3443/130 3314/3446/130 3441/3577/130 3440/3576/130
f 3314/3446/130 3315/3449/130 3442/3578/130 3441/3577/130
f 3315/3449/130 3316/3452/130 3443/3579/130 3442/3578/130
f 3316/3452/130 3317/3455/130 3444/3580/130 3443/3579/130
f 3317/3455/130 3318/3458/130 3445/3581/130 3444/3580/130
f 3318/3458/130 3319/3461/130 3446/3582/130 3445/3581/130
f 3319/3461/130 3320/3464/130 3447/3583/130 3446/3582/130
f 3320/3464/130 3321/3212/130 3448/3584/130 3447/3583/130
f 3321/3212/130 3322/3211/130 3449/3585/130 3448/3584/130
f 3322/3211/130 3323/3345/130 3450/3586/130 3449/3585/130
f 3323/3345/130 3324/3348/130 3451/3587/130 3450/3586/130
f 3324/3348/130 3325/3351/130 3452/3588/130 3451/3587/130
f 3325/3351/130 3326/3354/130 3453/3589/130 3452/3588/130
f 3326/3354/130 3327/3357/130 3454/3590/130 3453/3589/130
f 3327/3357/130 3328/3360/130 3455/3591/130 3454/3590/130
f 3328/3360/130 3203/3363/130 3456/3592/130 3455/3591/130
f 3203/3363/130 3201/3419/130 3329/3468/130 3456/3592/130
f 3461/3593/134 3462/3594/134 3590/3595/134 3589/3596/134
f 3400/3536/72 3401/3537/72 3530/3597/72 3529/3598/72
f 3452/3588/124 3453/3589/124 3582/3599/124 3581/3600/124
f 3350/3338/22 3351/3487/22 3480/3601/22 3479/3339/22
f 3401/3537/73 3402/3538/73 3531/3602/73 3530/3597/73
f 3453/3589/125 3454/3590/125 3583/3603/125 3582/3599/125
f 3351/3487/23 3352/3488/23 3481/3604/23 3480/3601/23
f 3402/3538/74 3403/3539/74 3532/3605/74 3531/3602/74
f 3454/3590/126 3455/3591/126 3584/3606/126 3583/3603/126
f 3403/3539/75 3404/3540/75 3533/3607/75 3532/3605/75
f 3352/3488/24 3353/3489/24 3482/3608/24 3481/3604/24
f 3455/3591/128 3456/3592/128 3459/3609/128 3584/3606/128
f 3404/3540/76 3405/3541/76 3534/3610/76 3533/3607/76
f 3353/3489/25 3354/3490/25 3483/3611/25 3482/3608/25
f 3405/3541/77 3406/3542/77 3535/3612/77 3534/3610/77
f 3354/3490/26 3355/3491/26 3484/3613/26 3483/3611/26
f 3406/3542/78 3407/3543/78 3536/3614/78 3535/3612/78
f 3355/3491/27 3356/3492/27 3485/3615/27 3484/3613/27
f 3407/3543/79 3408/3544/79 3537/3616/79 3536/3614/79
f 3356/3492/28 3357/3493/28 3486/3617/28 3485/3615/28
f 3408/3544/80 3409/3545/80 3538/3618/80 3537/3616/80
f 3357/3493/29 3358/3494/29 3487/3619/29 3486/3617/29
f 3409/3545/81 3410/3546/81 3539/3620/81 3538/3618/81
f 3358/3494/30 3359/3495/30 3488/3621/30 3487/3619/30
f 3410/3546/82 3411/3547/82 3540/3622/82 3539/3620/82
f 3359/3495/31 3360/3496/31 3489/3623/31 3488/3621/31
f 3411/3547/83 3412/3548/83 3541/3624/83 3540/3622/83
f 3360/3496/32 3361/3497/32 3490/3625/32 3489/3623/32
f 3412/3548/84 3413/3549/84 3542/3626/84 3541/3624/84
f 3361/3497/33 3362/3498/33 3491/3627/33 3490/3625/33
f 3413/3549/85 3414/3550/85 3543/3628/85 3542/3626/85
f 3362/3498/34 3363/3499/34 3492/3629/34 3491/3627/34
f 3414/3550/86 3415/3551/86 3544/3630/86 3543/3628/86
f 3363/3499/35 3364/3500/35 3493/3631/35 3492/3629/35
f 3415/3551/87 3416/3552/87 3545/3632/87 3544/3630/87
f 3364/3500/36 3365/3501/36 3494/3633/36 3493/3631/36
f 3416/3552/88 3417/3553/88 3546/3634/88 3545/3632/88
f 3365/3501/37 3366/3502/37 3495/3635/37 3494/3633/37
f 3417/3553/89 3418/3554/89 3547/3636/89 3546/3634/89
f 3366/3502/38 3367/3503/38 3496/3637/38 3495/3635/38
f 3418/3554/90 3419/3555/90 3548/3638/90 3547/3636/90
f 3367/3503/39 3368/3504/39 3497/3639/39 3496/3637/39
f 3419/3555/91 3420/3556/91 3549/3640/91 3548/3638/91
f 3368/3504/40 3369/3505/40 3498/3641/40 3497/3639/40
f 3420/3556/92 3421/3557/92 3550/3642/92 3549/3640/92
f 3369/3505/41 3370/3506/41 3499/3643/41 3498/3641/41
f 3421/3557/93 3422/3558/93 3551/3644/93 3550/3642/93
f 3370/3506/42 3371/3507/42 3500/3645/42 3499/3643/42
f 3422/3558/94 3423/3559/94 3552/3646/94 3551/3644/94
f 3371/3507/43 3372/3508/43 3501/3647/43 3500/3645/43
f 3423/3559/95 3424/3560/95 3553/3648/95 3552/3646/95
f 3372/3508/44 3373/3509/44 3502/3649/44 3501/3647/44
f 3424/3560/96 3425/3561/96 3554/3650/96 3553/3648/96
f 3373/3509/45 3374/3510/45 3503/3651/45 3502/3649/45
f 3425/3561/97 3426/3562/97 3555/3652/97 3554/3650/97
f 3374/3510/46 3375/3511/46 3504/3653/46 3503/3651/46
f 3426/3562/98 3427/3563/98 3556/3654/98 3555/3652/98
f 3375/3511/47 3376/3512/47 3505/3655/47 3504/3653/47
f 3427/3563/99 3428/3564/99 3557/3656/99 3556/3654/99
f 3376/3512/48 3377/3513/48 3506/3657/48 3505/3655/48
f 3428/3564/100 3429/3565/100 3558/3658/100 3557/3656/100
f 3377/3513/49 3378/3514/49 3507/3659/49 3506/3657/49
f 3429/3565/101 3430/3566/101 3559/3660/101 3558/3658/101
f 3378/3514/50 3379/3515/50 3508/3661/50 3507/3659/50
f 3430/3566/102 3431/3567/102 3560/3662/102 3559/3660/102
f 3329/3468/1 3330/3467/1 3458/3663/1 3457/3664/1
f 3379/3515/51 3380/3516/51 3509/3665/51 3508/3661/51
f 3431/3567/103 3432/3568/103 3561/3666/103 3560/3662/103
f 3456/3592/129 3329/3468/129 3457/3664/129 3459/3609/129
f 3380/3516/52 3381/3517/52 3510/3667/52 3509/3665/52
f 3432/3568/104 3433/3569/104 3562/3668/104 3561/3666/104
f 3330/3467/2 3331/3469/2 3460/3669/2 3458/3663/2
f 3381/3517/53 3382/3518/53 3511/3670/53 3510/3667/53
f 3433/3569/105 3434/3570/105 3563/3671/105 3562/3668/105
f 3331/3469/3 3332/3470/3 3461/3593/3 3460/3669/3
f 3382/3518/54 3383/3519/54 3512/3672/54 3511/3670/54
f 3434/3570/106 3435/3571/106 3564/3673/106 3563/3671/106
f 3332/3470/4 3333/3471/4 3462/3594/4 3461/3593/4
f 3383/3519/55 3384/3520/55 3513/3674/55 3512/3672/55
f 3435/3571/107 3436/3572/107 3565/3675/107 3564/3673/107
f 3333/3471/5 3334/3472/5 3463/3676/5 3462/3594/5
f 3384/3520/56 3385/3521/56 3514/3677/56 3513/3674/56
f 3436/3572/108 3437/3573/108 3566/3678/108 3565/3675/108
f 3334/3472/6 3335/3473/6 3464/3679/6 3463/3676/6
f 3385/3521/57 3386/3522/57 3515/3680/57 3514/3677/57
f 3437/3573/109 3438/3574/109 3567/3681/109 3566/3678/109
f 3386/3522/58 3387/3523/58 3516/3682/58 3515/3680/58
f 3335/3473/7 3336/3474/7 3465/3683/7 3464/3679/7
f 3438/3574/110 3439/3575/110 3568/3684/110 3567/3681/110
f 3336/3474/8 3337/3475/8 3466/3685/8 3465/3683/8
f 3387/3523/59 3388/3524/59 3517/3686/59 3516/3682/59
f 3439/3575/111 3440/3576/111 3569/3687/111 3568/3684/111
f 3337/3475/9 3338/3476/9 3467/3688/9 3466/3685/9
f 3388/3524/60 3389/3525/60 3518/3689/60 3517/3686/60
f 3440/3576/112 3441/3577/112 3570/3690/112 3569/3687/112
f 3338/3476/10 3339/3477/10 3468/3691/10 3467/3688/10
f 3389/3525/61 3390/3526/61 3519/3692/61 3518/3689/61
f 3441/3577/113 3442/3578/113 3571/3693/113 3570/3690/113
f 3339/3477/11 3340/3478/11 3469/3694/11 3468/3691/11
f 3390/3526/62 3391/3527/62 3520/3695/62 3519/3692/62
f 3442/3578/114 3443/3579/114 3572/3696/114 3571/3693/114
f 3340/3478/12 3341/3479/12 3470/3697/12 3469/3694/12
f 3391/3527/63 3392/3528/63 3521/3698/63 3520/3695/63
f 3443/3579/115 3444/3580/115 3573/3699/115 3572/3696/115
f 3341/3479/13 3342/3480/13 3471/3700/13 3470/3697/13
f 3392/3528/64 3393/3529/64 3522/3701/64 3521/3698/64
f 3444/3580/116 3445/3581/116 3574/3702/116 3573/3699/116
f 3342/3480/14 3343/3481/14 3472/3703/14 3471/3700/14
f 3393/3529/65 3394/3530/65 3523/3704/65 3522/3701/65
f 3445/3581/117 3446/3582/117 3575/3705/117 3574/3702/117
f 3343/3481/15 3344/3482/15 3473/3706/15 3472/3703/15
f 3394/3530/66 3395/3531/66 3524/3707/66 3523/3704/66
f 3446/3582/118 3447/3583/118 3576/3708/118 3575/3705/118
f 3344/3482/16 3345/3483/16 3474/3709/16 3473/3706/16
f 3395/3531/67 3396/3532/67 3525/3710/67 3524/3707/67
f 3447/3583/119 3448/3584/119 3577/3711/119 3576/3708/119
f 3345/3483/17 3346/3484/17 3475/3712/17 3474/3709/17
f 3396/3532/68 3397/3533/68 3526/3713/68 3525/3710/68
f 3448/3584/120 3449/3585/120 3578/3714/120 3577/3711/120
f 3346/3484/18 3347/3485/18 3476/3715/18 3475/3712/18
f 3397/3533/69 3398/3534/69 3527/3716/69 3526/3713/69
f 3449/3585/121 3450/3586/121 3579/3717/121 3578/3714/121
f 3347/3485/19 3348/3486/19 3477/3718/19 3476/3715/19
f 3398/3534/70 3399/3535/70 3528/3719/70 3527/3716/70
f 3450/3586/122 3451/3587/122 3580/3720/122 3579/3717/122
f 3348/3486/20 3349/3337/20 3478/3340/20 3477/3718/20
f 3399/3535/71 3400/3536/71 3529/3598/71 3528/3719/71
f 3451/3587/123 3452/3588/123 3581/3600/123 3580/3720/123
f 3585/3721/130 3586/3722/130 3588/3723/130 3589/3596/130 3590/3595/130 3591/3724/130 3592/3725/130 3593/3726/130 3594/3727/130 3595/3728/130 3596/3729/130 3597/3730/130 3598/3731/130 3599/3732/130 3600/3733/130 3601/3734/130 3602/3735/130 3603/3736/130 3604/3737/130 3605/3738/130 3606/3739/130 3607/3740/130 3608/3741/130 3609/3742/130 3610/3743/130 3611/3744/130 3612/3745/130 3613/3746/130 3614/3747/130 3615/3748/130 3616/3749/130 3617/3750/130 3618/3751/130 3619/3752/130 3620/3753/130 3621/3754/130 3622/3755/130 3623/3756/130 3624/3757/130 3625/3758/130 3626/3759/130 3627/3760/130 3628/3761/130 3629/3762/130 3630/3763/130 3631/3764/130 3632/3765/130 3633/3766/130 3634/3767/130 3635/3768/130 3636/3769/130 3637/3770/130 3638/3771/130 3639/3772/130 3640/3773/130 3641/3774/130 3642/3775/130 3643/3776/130 3644/3777/130 3645/3778/130 3646/3779/130 3647/3780/130 3648/3781/130 3649/3782/130 3650/3783/130 3651/3784/130 3652/3785/130 3653/3786/130 3654/3787/130 3655/3788/130 3656/3789/130 3657/3790/130 3658/3791/130 3659/3792/130 3660/3793/130 3661/3794/130 3662/3795/130 3663/3796/130 3664/3797/130 3665/3798/130 3666/3799/130 3667/3800/130 3668/3801/130 3669/3802/130 3670/3803/130 3671/3804/130 3672/3805/130 3673/3806/130 3674/3807/130 3675/3808/130 3676/3809/130 3677/3810/130 3678/3811/130 3679/3812/130 3680/3813/130 3681/3814/130 3682/3815/130 3683/3816/130 3684/3817/130 3685/3818/130 3686/3819/130 3687/3820/130 3688/3821/130 3689/3822/130 3690/3823/130 3691/3824/130 3692/3825/130 3693/3826/130 3694/3827/130 3695/3828/130 3696/3829/130 3697/3830/130 3698/3831/130 3699/3832/130 3700/3833/130 3701/3834/130 3702/3835/130 3703/3836/130 3704/3837/130 3705/3838/130 3706/3839/130 3707/3840/130 3708/3841/130 3709/3842/130 3710/3843/130 3711/3844/130 3712/3845/130 3587/3846/130
f 3564/3673/135 3565/3675/135 3693/3826/135 3692/3825/135
f 3513/3674/136 3514/3677/136 3642/3775/136 3641/3774/136
f 3462/3594/137 3463/3676/137 3591/3724/137 3590/3595/137
f 3565/3675/138 3566/3678/138 3694/3827/138 3693/3826/138
f 3514/3677/139 3515/3680/139 3643/3776/139 3642/3775/139
f 3463/3676/140 3464/3679/140 3592/3725/140 3591/3724/140
f 3566/3678/141 3567/3681/141 3695/3828/141 3694/3827/141
f 3515/3680/142 3516/3682/142 3644/3777/142 3643/3776/142
f 3464/3679/143 3465/3683/143 3593/3726/143 3592/3725/143
f 3567/3681/144 3568/3684/144 3696/3829/144 3695/3828/144
f 3516/3682/145 3517/3686/145 3645/3778/145 3644/3777/145
f 3465/3683/146 3466/3685/146 3594/3727/146 3593/3726/146
f 3568/3684/147 3569/3687/147 3697/3830/147 3696/3829/147
f 3517/3686/148 3518/3689/148 3646/3779/148 3645/3778/148
f 3466/3685/149 3467/3688/149 3595/3728/149 3594/3727/149
f 3569/3687/150 3570/3690/150 3698/3831/150 3697/3830/150
f 3518/3689/151 3519/3692/151 3647/3780/151 3646/3779/151
f 3467/3688/152 3468/3691/152 3596/3729/152 3595/3728/152
f 3570/3690/153 3571/3693/153 3699/3832/153 3698/3831/153
f 3519/3692/154 3520/3695/154 3648/3781/154 3647/3780/154
f 3468/3691/155 3469/3694/155 3597/3730/155 3596/3729/155
f 3571/3693/156 3572/3696/156 3700/3833/156 3699/3832/156
f 3520/3695/157 3521/3698/157 3649/3782/157 3648/3781/157
f 3469/3694/158 3470/3697/158 3598/3731/158 3597/3730/158
f 3572/3696/159 3573/3699/159 3701/3834/159 3700/3833/159
f 3521/3698/160 3522/3701/160 3650/3783/160 3649/3782/160
f 3470/3697/161 3471/3700/161 3599/3732/161 3598/3731/161
f 3573/3699/162 3574/3702/162 3702/3835/162 3701/3834/162
f 3522/3701/163 3523/3704/163 3651/3784/163 3650/3783/163
f 3471/3700/164 3472/3703/164 3600/3733/164 3599/3732/164
f 3574/3702/165 3575/3705/165 3703/3836/165 3702/3835/165
f 3523/3704/166 3524/3707/166 3652/3785/166 3651/3784/166
f 3472/3703/167 3473/3706/167 3601/3734/167 3600/3733/167
f 3575/3705/168 3576/3708/168 3704/3837/168 3703/3836/168
f 3524/3707/169 3525/3710/169 3653/3786/169 3652/3785/169
f 3473/3706/170 3474/3709/170 3602/3735/170 3601/3734/170
f 3576/3708/171 3577/3711/171 3705/3838/171 3704/3837/171
f 3525/3710/172 3526/3713/172 3654/3787/172 3653/3786/172
f 3474/3709/173 3475/3712/173 3603/3736/173 3602/3735/173
f 3577/3711/174 3578/3714/174 3706/3839/174 3705/3838/174
f 3526/3713/175 3527/3716/175 3655/3788/175 3654/3787/175
f 3475/3712/176 3476/3715/176 3604/3737/176 3603/3736/176
f 3578/3714/177 3579/3717/177 3707/3840/177 3706/3839/177
f 3527/3716/178 3528/3719/178 3656/3789/178 3655/3788/178
f 3476/3715/179 3477/3718/179 3605/3738/179 3604/3737/179
f 3579/3717/180 3580/3720/180 3708/3841/180 3707/3840/180
f 3528/3719/181 3529/3598/181 3657/3790/181 3656/3789/181
f 3477/3718/182 3478/3340/182 3606/3739/182 3605/3738/182
f 3580/3720/183 3581/3600/183 3709/3842/183 3708/3841/183
f 3529/3598/184 3530/3597/184 3658/3791/184 3657/3790/184
f 3478/3340/185 3479/3339/185 3607/3740/185 3606/3739/185
f 3581/3600/186 3582/3599/186 3710/3843/186 3709/3842/186
f 3530/3597/187 3531/3602/187 3659/3792/187 3658/3791/187
f 3479/3339/188 3480/3601/188 3608/3741/188 3607/3740/188
f 3582/3599/189 3583/3603/189 3711/3844/189 3710/3843/189
f 3531/3602/190 3532/3605/190 3660/3793/190 3659/3792/190
f 3480/3601/191 3481/3604/191 3609/3742/191 3608/3741/191
f 3583/3603/192 3584/3606/192 3712/3845/192 3711/3844/192
f 3532/3605/193 3533/3607/193 3661/3794/193 3660/3793/193
f 3481/3604/194 3482/3608/194 3610/3743/194 3609/3742/194
f 3584/3606/195 3459/3609/195 3587/3846/195 3712/3845/195
f 3533/3607/196 3534/3610/196 3662/3795/196 3661/3794/196
f 3482/3608/197 3483/3611/197 3611/3744/197 3610/3743/197
f 3534/3610/198 3535/3612/198 3663/3796/198 3662/3795/198
f 3483/3611/199 3484/3613/199 3612/3745/199 3611/3744/199
f 3535/3612/200 3536/3614/200 3664/3797/200 3663/3796/200
f 3484/3613/201 3485/3615/201 3613/3746/201 3612/3745/201
f 3536/3614/202 3537/3616/202 3665/3798/202 3664/3797/202
f 3485/3615/203 3486/3617/203 3614/3747/203 3613/3746/203
f 3537/3616/204 3538/3618/204 3666/3799/204 3665/3798/204
f 3486/3617/205 3487/3619/205 3615/3748/205 3614/3747/205
f 3538/3618/206 3539/3620/206 3667/3800/206 3666/3799/206
f 3487/3619/207 3488/3621/207 3616/3749/207 3615/3748/207
f 3539/3620/208 3540/3622/208 3668/3801/208 3667/3800/208
f 3488/3621/209 3489/3623/209 3617/3750/209 3616/3749/209
f 3540/3622/210 3541/3624/210 3669/3802/210 3668/3801/210
f 3489/3623/211 3490/3625/211 3618/3751/211 3617/3750/211
f 3541/3624/212 3542/3626/212 3670/3803/212 3669/3802/212
f 3490/3625/213 3491/3627/213 3619/3752/213 3618/3751/213
f 3542/3626/214 3543/3628/214 3671/3804/214 3670/3803/214
f 3491/3627/215 3492/3629/215 3620/3753/215 3619/3752/215
f 3543/3628/216 3544/3630/216 3672/3805/216 3671/3804/216
f 3492/3629/217 3493/3631/217 3621/3754/217 3620/3753/217
f 3544/3630/218 3545/3632/218 3673/3806/218 3672/3805/218
f 3493/3631/219 3494/3633/219 3622/3755/219 3621/3754/219
f 3545/3632/220 3546/3634/220 3674/3807/220 3673/3806/220
f 3494/3633/221 3495/3635/221 3623/3756/221 3622/3755/221
f 3546/3634/222 3547/3636/222 3675/3808/222 3674/3807/222
f 3495/3635/223 3496/3637/223 3624/3757/223 3623/3756/223
f 3547/3636/224 3548/3638/224 3676/3809/224 3675/3808/224
f 3496/3637/225 3497/3639/225 3625/3758/225 3624/3757/225
f 3548/3638/226 3549/3640/226 3677/3810/226 3676/3809/226
f 3497/3639/227 3498/3641/227 3626/3759/227 3625/3758/227
f 3549/3640/228 3550/3642/228 3678/3811/228 3677/3810/228
f 3498/3641/229 3499/3643/229 3627/3760/229 3626/3759/229
f 3550/3642/230 3551/3644/230 3679/3812/230 3678/3811/230
f 3499/3643/231 3500/3645/231 3628/3761/231 3627/3760/231
f 3551/3644/232 3552/3646/232 3680/3813/232 3679/3812/232
f 3500/3645/233 3501/3647/233 3629/3762/233 3628/3761/233
f 3552/3646/234 3553/3648/234 3681/3814/234 3680/3813/234
f 3501/3647/235 3502/3649/235 3630/3763/235 3629/3762/235
f 3553/3648/236 3554/3650/236 3682/3815/236 3681/3814/236
f 3502/3649/237 3503/3651/237 3631/3764/237 3630/3763/237
f 3554/3650/238 3555/3652/238 3683/3816/238 3682/3815/238
f 3503/3651/239 3504/3653/239 3632/3765/239 3631/3764/239
f 3555/3652/240 3556/3654/240 3684/3817/240 3683/3816/240
f 3504/3653/241 3505/3655/241 3633/3766/241 3632/3765/241
f 3556/3654/242 3557/3656/242 3685/3818/242 3684/3817/242
f 3505/3655/243 3506/3657/243 3634/3767/243 3633/3766/243
f 3557/3656/244 3558/3658/244 3686/3819/244 3685/3818/244
f 3506/3657/245 3507/3659/245 3635/3768/245 3634/3767/245
f 3558/3658/246 3559/3660/246 3687/3820/246 3686/3819/246
f 3507/3659/247 3508/3661/247 3636/3769/247 3635/3768/247
f 3559/3660/248 3560/3662/248 3688/3821/248 3687/3820/248
f 3508/3661/249 3509/3665/249 3637/3770/249 3636/3769/249
f 3457/3664/250 3458/3663/250 3586/3722/250 3585/3721/250
f 3560/3662/251 3561/3666/251 3689/3822/251 3688/3821/251
f 3509/3665/252 3510/3667/252 3638/3771/252 3637/3770/252
f 3459/3609/253 3457/3664/253 3585/3721/253 3587/3846/253
f 3561/3666/254 3562/3668/254 3690/3823/254 3689/3822/254
f 3510/3667/255 3511/3670/255 3639/3772/255 3638/3771/255
f 3458/3663/256 3460/3669/256 3588/3723/256 3586/3722/256
f 3562/3668/257 3563/3671/257 3691/3824/257 3690/3823/257
f 3511/3670/258 3512/3672/258 3640/3773/258 3639/3772/258
f 3460/3669/259 3461/3593/259 3589/3596/259 3588/3723/259
f 3563/3671/260 3564/3673/260 3692/3825/260 3691/3824/260
f 3512/3672/261 3513/3674/261 3641/3774/261 3640/3773/261
f 4/3847/131 2/3848/131 3714/3849/131 3713/3850/131
f 2/3848/131 256/3851/131 3715/3852/131 3714/3849/131
f 256/3851/131 254/3853/131 3716/3854/131 3715/3852/131
f 254/3853/131 252/3855/131 3717/3856/131 3716/3854/131
f 252/3855/131 250/3857/131 3718/3858/131 3717/3856/131
f 250/3857/131 248/3859/131 3719/3860/131 3718/3858/131
f 248/3859/131 246/3861/131 3720/3862/131 3719/3860/131
f 246/3861/131 244/3863/131 3721/3864/131 3720/3862/131
f 244/3863/131 242/3865/131 3722/3866/131 3721/3864/131
f 242/3865/131 240/3867/131 3723/3868/131 3722/3866/131
f 240/3867/131 238/3869/131 3724/3870/131 3723/3868/131
f 238/3869/131 236/3871/131 3725/3872/131 3724/3870/131
f 236/3871/131 234/3873/131 3726/3874/131 3725/3872/131
f 234/3873/131 232/3875/131 3727/3876/131 3726/3874/131
f 232/3875/131 230/3877/131 3728/3878/131 3727/3876/131
f 230/3877/131 228/3879/131 3729/3880/131 3728/3878/131
f 228/3879/131 226/3881/131 3730/3882/131 3729/3880/131
f 226/3881/131 224/3883/131 3731/3884/131 3730/3882/131
f 224/3883/131 222/3885/131 3732/3886/131 3731/3884/131
f 222/3885/131 220/3887/131 3733/3888/131 3732/3886/131
f 220/3887/131 218/3889/131 3734/3890/131 3733/3888/131
f 218/3889/131 216/3891/131 3735/3892/131 3734/3890/131
f 216/3891/131 214/3893/131 3736/3894/131 3735/3892/131
f 214/3893/131 212/3895/131 3737/3896/131 3736/3894/131
f 212/3895/131 210/3897/131 3738/3898/131 3737/3896/131
f 210/3897/131 208/3899/131 3739/3900/131 3738/3898/131
f 208/3899/131 206/3901/131 3740/3902/131 3739/3900/131
f 206/3901/131 204/3903/131 3741/3904/131 3740/3902/131
f 204/3903/131 202/3905/131 3742/3906/131 3741/3904/131
f 202/3905/131 200/3907/131 3743/3908/131 3742/3906/131
f 200/3907/131 198/3909/131 3744/3910/131 3743/3908/131
f 198/3909/131 196/3911/131 3745/3912/131 3744/3910/131
f 196/3911/131 194/3913/131 3746/3914/131 3745/3912/131
f 194/3913/131 192/3915/131 3747/3916/131 3746/3914/131
f 192/3915/131 190/3917/131 3748/3918/131 3747/3916/131
f 190/3917/131 188/3919/131 3749/3920/131 3748/3918/131
f 188/3919/131 186/3921/131 3750/3922/131 3749/3920/131
f 186/3921/131 184/3923/131 3751/3924/131 3750/3922/131
f 184/3923/131 182/3925/131 3752/3926/131 3751/3924/131
f 182/3925/131 180/3927/131 3753/3928/131 3752/3926/131
f 180/3927/131 178/3929/131 3754/3930/131 3753/3928/131
f 178/3929/131 176/3931/131 3755/3932/131 3754/3930/131
f 176/3931/131 174/3933/131 3756/3934/131 3755/3932/131
f 174/3933/131 172/3935/131 3757/3936/131 3756/3934/131
f 172/3935/131 170/3937/131 3758/3938/131 3757/3936/131
f 170/3937/131 168/3939/131 3759/3940/131 3758/3938/131
f 168/3939/131 166/3941/131 3760/3942/131 3759/3940/131
f 166/3941/131 164/3943/131 3761/3944/131 3760/3942/131
f 164/3943/131 162/3945/131 3762/255/131 3761/3944/131
f 162/3945/131 160/3946/131 3763/256/131 3762/255/131
f 160/3946/131 158/3947/131 3764/3948/131 3763/256/131
f 158/3947/131 156/3949/131 3765/3950/131 3764/3948/131
f 156/3949/131 154/3951/131 3766/3952/131 3765/3950/131
f 154/3951/131 152/3953/131 3767/3954/131 3766/3952/131
f 152/3953/131 150/3955/131 3768/3956/131 3767/3954/131
f 150/3955/131 148/3957/131 3769/3958/131 3768/3956/131
f 148/3957/131 146/3959/131 3770/3960/131 3769/3958/131
f 146/3959/131 144/3961/131 3771/3962/131 3770/3960/131
f 144/3961/131 142/3963/131 3772/3964/131 3771/3962/131
f 142/3963/131 140/3965/131 3773/3966/131 3772/3964/131
f 140/3965/131 138/3967/131 3774/3968/131 3773/3966/131
f 138/3967/131 136/3969/131 3775/3970/131 3774/3968/131
f 136/3969/131 134/3971/131 3776/3972/131 3775/3970/131
f 134/3971/131 132/3973/131 3777/3974/131 3776/3972/131
f 132/3973/131 130/3975/131 3778/3976/131 3777/3974/131
f 130/3975/131 128/3977/131 3779/3978/131 3778/3976/131
f 128/3977/131 126/3979/131 3780/3980/131 3779/3978/131
f 126/3979/131 124/3981/131 3781/3982/131 3780/3980/131
f 124/3981/131 122/3983/131 3782/3984/131 3781/3982/131
f 122/3983/131 120/3985/131 3783/3986/131 3782/3984/131
f 120/3985/131 118/3987/131 3784/3988/131 3783/3986/131
f 118/3987/131 116/3989/131 3785/3990/131 3784/3988/131
f 116/3989/131 114/3991/131 3786/3992/131 3785/3990/131
f 114/3991/131 112/3993/131 3787/3994/131 3786/3992/131
f 112/3993/131 110/3995/131 3788/3996/131 3787/3994/131
f 110/3995/131 108/3997/131 3789/3998/131 3788/3996/131
f 108/3997/131 106/3999/131 3790/4000/131 3789/3998/131
f 106/3999/131 104/4001/131 3791/4002/131 3790/4000/131
f 104/4001/131 102/4003/131 3792/4004/131 3791/4002/131
f 102/4003/131 100/4005/131 3793/4006/131 3792/4004/131
f 100/4005/131 98/4007/131 3794/4008/131 3793/4006/131
f 98/4007/131 96/4009/131 3795/4010/131 3794/4008/131
f 96/4009/131 94/4011/131 3796/4012/131 3795/4010/131
f 94/4011/131 92/4013/131 3797/4014/131 3796/4012/131
f 92/4013/131 90/4015/131 3798/4016/131 3797/4014/131
f 90/4015/131 88/4017/131 3799/4018/131 3798/4016/131
f 88/4017/131 86/4019/131 3800/4020/131 3799/4018/131
f 86/4019/131 84/4021/131 3801/4022/131 3800/4020/131
f 84/4021/131 82/4023/131 3802/4024/131 3801/4022/131
f 82/4023/131 80/4025/131 3803/4026/131 3802/4024/131
f 80/4025/131 78/4027/131 3804/4028/131 3803/4026/131
f 78/4027/131 76/4029/131 3805/4030/131 3804/4028/131
f 76/4029/131 74/4031/131 3806/4032/131 3805/4030/131
f 74/4031/131 72/4033/131 3807/4034/131 3806/4032/131
f 72/4033/131 70/4035/131 3808/4036/131 3807/4034/131
f 70/4035/131 68/4037/131 3809/4038/131 3808/4036/131
f 68/4037/131 66/4039/131 3810/4040/131 3809/4038/131
f 66/4039/131 64/4041/131 3811/4042/131 3810/4040/131
f 64/4041/131 62/4043/131 3812/4044/131 3811/4042/131
f 62/4043/131 60/4045/131 3813/4046/131 3812/4044/131
f 60/4045/131 58/4047/131 3814/4048/131 3813/4046/131
f 58/4047/131 56/4049/131 3815/4050/131 3814/4048/131
f 56/4049/131 54/4051/131 3816/4052/131 3815/4050/131
f 54/4051/131 52/4053/131 3817/4054/131 3816/4052/131
f 52/4053/131 50/4055/131 3818/4056/131 3817/4054/131
f 50/4055/131 48/4057/131 3819/4058/131 3818/4056/131
f 48/4057/131 46/4059/131 3820/4060/131 3819/4058/131
f 46/4059/131 44/4061/131 3821/4062/131 3820/4060/131
f 44/4061/131 42/4063/131 3822/4064/131 3821/4062/131
f 42/4063/131 40/4065/131 3823/4066/131 3822/4064/131
f 40/4065/131 38/4067/131 3824/4068/131 3823/4066/131
f 38/4067/131 36/4069/131 3825/4070/131 3824/4068/131
f 36/4069/131 34/4071/131 3826/4072/131 3825/4070/131
f 34/4071/131 32/4073/131 3827/4074/131 3826/4072/131
f 32/4073/131 30/4075/131 3828/4076/131 3827/4074/131
f 30/4075/131 28/4077/131 3829/4078/131 3828/4076/131
f 28/4077/131 26/4079/131 3830/4080/131 3829/4078/131
f 26/4079/131 24/4081/131 3831/4082/131 3830/4080/131
f 24/4081/131 22/4083/131 3832/4084/131 3831/4082/131
f 22/4083/131 20/4085/131 3833/4086/131 3832/4084/131
f 20/4085/131 18/4087/131 3834/4088/131 3833/4086/131
f 18/4087/131 16/4089/131 3835/4090/131 3834/4088/131
f 16/4089/131 14/4091/131 3836/4092/131 3835/4090/131
f 14/4091/131 12/4093/131 3837/4094/131 3836/4092/131
f 12/4093/131 10/4095/131 3838/4096/131 3837/4094/131
f 10/4095/131 8/4097/131 3839/4098/131 3838/4096/131
f 8/4097/131 6/4099/131 3840/4100/131 3839/4098/131
f 6/4099/131 4/3847/131 3713/3850/131 3840/4100/131
f 3892/257/262 3893/4101/262 4021/4102/262 4020/4103/262
f 3814/4048/28 3815/4050/28 3944/4104/28 3943/4105/28
f 3763/256/79 3764/3948/79 3893/4101/79 3892/257/79
f 3713/3850/1 3714/3849/1 3842/4106/1 3841/4107/1
f 3815/4050/27 3816/4052/27 3945/4108/27 3944/4104/27
f 3764/3948/78 3765/3950/78 3894/4109/78 3893/4101/78
f 3840/4100/2 3713/3850/2 3841/4107/2 3843/4110/2
f 3816/4052/26 3817/4054/26 3946/4111/26 3945/4108/26
f 3765/3950/77 3766/3952/77 3895/4112/77 3894/4109/77
f 3714/3849/129 3715/3852/129 3844/4113/129 3842/4106/129
f 3817/4054/25 3818/4056/25 3947/4114/25 3946/4111/25
f 3766/3952/76 3767/3954/76 3896/4115/76 3895/4112/76
f 3715/3852/128 3716/3854/128 3845/4116/128 3844/4113/128
f 3818/4056/24 3819/4058/24 3948/4117/24 3947/4114/24
f 3767/3954/75 3768/3956/75 3897/4118/75 3896/4115/75
f 3716/3854/126 3717/3856/126 3846/4119/126 3845/4116/126
f 3819/4058/23 3820/4060/23 3949/4120/23 3948/4117/23
f 3768/3956/74 3769/3958/74 3898/4121/74 3897/4118/74
f 3717/3856/125 3718/3858/125 3847/4122/125 3846/4119/125
f 3820/4060/22 3821/4062/22 3950/4123/22 3949/4120/22
f 3769/3958/73 3770/3960/73 3899/4124/73 3898/4121/73
f 3718/3858/124 3719/3860/124 3848/4125/124 3847/4122/124
f 3821/4062/21 3822/4064/21 3951/4126/21 3950/4123/21
f 3770/3960/72 3771/3962/72 3900/4127/72 3899/4124/72
f 3719/3860/123 3720/3862/123 3849/4128/123 3848/4125/123
f 3822/4064/20 3823/4066/20 3952/4129/20 3951/4126/20
f 3771/3962/71 3772/3964/71 3901/4130/71 3900/4127/71
f 3720/3862/122 3721/3864/122 3850/4131/122 3849/4128/122
f 3823/4066/19 3824/4068/19 3953/4132/19 3952/4129/19
f 3772/3964/70 3773/3966/70 3902/4133/70 3901/4130/70
f 3721/3864/121 3722/3866/121 3851/4134/121 3850/4131/121
f 3824/4068/18 3825/4070/18 3954/4135/18 3953/4132/18
f 3773/3966/69 3774/3968/69 3903/4136/69 3902/4133/69
f 3722/3866/120 3723/3868/120 3852/4137/120 3851/4134/120
f 3825/4070/17 3826/4072/17 3955/4138/17 3954/4135/17
f 3774/3968/68 3775/3970/68 3904/4139/68 3903/4136/68
f 3723/3868/119 3724/3870/119 3853/4140/119 3852/4137/119
f 3826/4072/16 3827/4074/16 3956/4141/16 3955/4138/16
f 3775/3970/67 3776/3972/67 3905/4142/67 3904/4139/67
f 3724/3870/118 3725/3872/118 3854/4143/118 3853/4140/118
f 3827/4074/15 3828/4076/15 3957/4144/15 3956/4141/15
f 3776/3972/66 3777/3974/66 3906/4145/66 3905/4142/66
f 3725/3872/117 3726/3874/117 3855/4146/117 3854/4143/117
f 3828/4076/14 3829/4078/14 3958/4147/14 3957/4144/14
f 3777/3974/65 3778/3976/65 3907/4148/65 3906/4145/65
f 3726/3874/116 3727/3876/116 3856/4149/116 3855/4146/116
f 3829/4078/13 3830/4080/13 3959/4150/13 3958/4147/13
f 3778/3976/64 3779/3978/64 3908/4151/64 3907/4148/64
f 3727/3876/115 3728/3878/115 3857/4152/115 3856/4149/115
f 3830/4080/12 3831/4082/12 3960/4153/12 3959/4150/12
f 3779/3978/63 3780/3980/63 3909/4154/63 3908/4151/63
f 3728/3878/114 3729/3880/114 3858/4155/114 3857/4152/114
f 3831/4082/11 3832/4084/11 3961/4156/11 3960/4153/11
f 3780/3980/62 3781/3982/62 3910/4157/62 3909/4154/62
f 3729/3880/113 3730/3882/113 3859/4158/113 3858/4155/113
f 3832/4084/10 3833/4086/10 3962/4159/10 3961/4156/10
f 3781/3982/61 3782/3984/61 3911/4160/61 3910/4157/61
f 3730/3882/112 3731/3884/112 3860/4161/112 3859/4158/112
f 3833/4086/9 3834/4088/9 3963/4162/9 3962/4159/9
f 3782/3984/60 3783/3986/60 3912/4163/60 3911/4160/60
f 3731/3884/111 3732/3886/111 3861/4164/111 3860/4161/111
f 3834/4088/8 3835/4090/8 3964/4165/8 3963/4162/8
f 3783/3986/59 3784/3988/59 3913/4166/59 3912/4163/59
f 3732/3886/110 3733/3888/110 3862/4167/110 3861/4164/110
f 3835/4090/7 3836/4092/7 3965/4168/7 3964/4165/7
f 3784/3988/58 3785/3990/58 3914/4169/58 3913/4166/58
f 3733/3888/109 3734/3890/109 3863/4170/109 3862/4167/109
f 3836/4092/6 3837/4094/6 3966/4171/6 3965/4168/6
f 3785/3990/57 3786/3992/57 3915/4172/57 3914/4169/57
f 3734/3890/108 3735/3892/108 3864/4173/108 3863/4170/108
f 3837/4094/5 3838/4096/5 3967/4174/5 3966/4171/5
f 3786/3992/56 3787/3994/56 3916/4175/56 3915/4172/56
f 3735/3892/107 3736/3894/107 3865/4176/107 3864/4173/107
f 3838/4096/4 3839/4098/4 3968/4177/4 3967/4174/4
f 3787/3994/55 3788/3996/55 3917/4178/55 3916/4175/55
f 3736/3894/106 3737/3896/106 3866/4179/106 3865/4176/106
f 3839/4098/3 3840/4100/3 3843/4110/3 3968/4177/3
f 3788/3996/54 3789/3998/54 3918/4180/54 3917/4178/54
f 3737/3896/105 3738/3898/105 3867/4181/105 3866/4179/105
f 3789/3998/53 3790/4000/53 3919/4182/53 3918/4180/53
f 3738/3898/104 3739/3900/104 3868/4183/104 3867/4181/104
f 3790/4000/52 3791/4002/52 3920/4184/52 3919/4182/52
f 3739/3900/103 3740/3902/103 3869/4185/103 3868/4183/103
f 3791/4002/51 3792/4004/51 3921/4186/51 3920/4184/51
f 3740/3902/102 3741/3904/102 3870/4187/102 3869/4185/102
f 3792/4004/50 3793/4006/50 3922/4188/50 3921/4186/50
f 3741/3904/101 3742/3906/101 3871/4189/101 3870/4187/101
f 3793/4006/49 3794/4008/49 3923/4190/49 3922/4188/49
f 3742/3906/100 3743/3908/100 3872/4191/100 3871/4189/100
f 3794/4008/48 3795/4010/48 3924/4192/48 3923/4190/48
f 3743/3908/99 3744/3910/99 3873/4193/99 3872/4191/99
f 3795/4010/47 3796/4012/47 3925/4194/47 3924/4192/47
f 3744/3910/98 3745/3912/98 3874/4195/98 3873/4193/98
f 3796/4012/46 3797/4014/46 3926/4196/46 3925/4194/46
f 3745/3912/97 3746/3914/97 3875/4197/97 3874/4195/97
f 3797/4014/45 3798/4016/45 3927/4198/45 3926/4196/45
f 3746/3914/96 3747/3916/96 3876/4199/96 3875/4197/96
f 3798/4016/44 3799/4018/44 3928/4200/44 3927/4198/44
f 3747/3916/95 3748/3918/95 3877/4201/95 3876/4199/95
f 3799/4018/43 3800/4020/43 3929/4202/43 3928/4200/43
f 3748/3918/94 3749/3920/94 3878/4203/94 3877/4201/94
f 3800/4020/42 3801/4022/42 3930/4204/42 3929/4202/42
f 3749/3920/93 3750/3922/93 3879/4205/93 3878/4203/93
f 3801/4022/41 3802/4024/41 3931/4206/41 3930/4204/41
f 3750/3922/92 3751/3924/92 3880/4207/92 3879/4205/92
f 3802/4024/40 3803/4026/40 3932/4208/40 3931/4206/40
f 3751/3924/91 3752/3926/91 3881/4209/91 3880/4207/91
f 3803/4026/39 3804/4028/39 3933/4210/39 3932/4208/39
f 3752/3926/90 3753/3928/90 3882/4211/90 3881/4209/90
f 3804/4028/38 3805/4030/38 3934/4212/38 3933/4210/38
f 3753/3928/89 3754/3930/89 3883/4213/89 3882/4211/89
f 3805/4030/37 3806/4032/37 3935/4214/37 3934/4212/37
f 3754/3930/88 3755/3932/88 3884/4215/88 3883/4213/88
f 3806/4032/36 3807/4034/36 3936/4216/36 3935/4214/36
f 3755/3932/87 3756/3934/87 3885/4217/87 3884/4215/87
f 3807/4034/35 3808/4036/35 3937/4218/35 3936/4216/35
f 3756/3934/86 3757/3936/86 3886/4219/86 3885/4217/86
f 3808/4036/34 3809/4038/34 3938/4220/34 3937/4218/34
f 3757/3936/85 3758/3938/85 3887/4221/85 3886/4219/85
f 3809/4038/33 3810/4040/33 3939/4222/33 3938/4220/33
f 3758/3938/84 3759/3940/84 3888/4223/84 3887/4221/84
f 3810/4040/32 3811/4042/32 3940/4224/32 3939/4222/32
f 3759/3940/83 3760/3942/83 3889/4225/83 3888/4223/83
f 3811/4042/31 3812/4044/31 3941/4226/31 3940/4224/31
f 3760/3942/82 3761/3944/82 3890/4227/82 3889/4225/82
f 3812/4044/30 3813/4046/30 3942/4228/30 3941/4226/30
f 3761/3944/81 3762/255/81 3891/258/81 3890/4227/81
f 3813/4046/29 3814/4048/29 3943/4105/29 3942/4228/29
f 4021/4102/78 4022/4229/78 4150/4230/78 4149/4231/78
f 3841/4107/263 3842/4106/263 3970/4232/263 3969/4233/263
f 3944/4104/264 3945/4108/264 4073/4234/264 4072/4235/264
f 3893/4101/265 3894/4109/265 4022/4229/265 4021/4102/265
f 3843/4110/266 3841/4107/266 3969/4233/266 3971/4236/266
f 3945/4108/267 3946/4111/267 4074/4237/267 4073/4234/267
f 3894/4109/268 3895/4112/268 4023/4238/268 4022/4229/268
f 3842/4106/269 3844/4113/269 3972/4239/269 3970/4232/269
f 3946/4111/270 3947/4114/270 4075/4240/270 4074/4237/270
f 3895/4112/271 3896/4115/271 4024/4241/271 4023/4238/271
f 3844/4113/272 3845/4116/272 3973/4242/272 3972/4239/272
f 3947/4114/273 3948/4117/273 4076/4243/273 4075/4240/273
f 3896/4115/274 3897/4118/274 4025/4244/274 4024/4241/274
f 3845/4116/275 3846/4119/275 3974/4245/275 3973/4242/275
f 3948/4117/276 3949/4120/276 4077/4246/276 4076/4243/276
f 3897/4118/277 3898/4121/277 4026/4247/277 4025/4244/277
f 3846/4119/278 3847/4122/278 3975/4248/278 3974/4245/278
f 3949/4120/279 3950/4123/279 4078/4249/279 4077/4246/279
f 3898/4121/280 3899/4124/280 4027/4250/280 4026/4247/280
f 3847/4122/281 3848/4125/281 3976/4251/281 3975/4248/281
f 3950/4123/282 3951/4126/282 4079/4252/282 4078/4249/282
f 3899/4124/283 3900/4127/283 4028/4253/283 4027/4250/283
f 3848/4125/284 3849/4128/284 3977/4254/284 3976/4251/284
f 3951/4126/285 3952/4129/285 4080/4255/285 4079/4252/285
f 3900/4127/286 3901/4130/286 4029/4256/286 4028/4253/286
f 3849/4128/287 3850/4131/287 3978/4257/287 3977/4254/287
f 3952/4129/288 3953/4132/288 4081/4258/288 4080/4255/288
f 3901/4130/289 3902/4133/289 4030/4259/289 4029/4256/289
f 3850/4131/290 3851/4134/290 3979/4260/290 3978/4257/290
f 3953/4132/291 3954/4135/291 4082/4261/291 4081/4258/291
f 3902/4133/292 3903/4136/292 4031/4262/292 4030/4259/292
f 3851/4134/293 3852/4137/293 3980/4263/293 3979/4260/293
f 3954/4135/294 3955/4138/294 4083/4264/294 4082/4261/294
f 3903/4136/295 3904/4139/295 4032/4265/295 4031/4262/295
f 3852/4137/296 3853/4140/296 3981/4266/296 3980/4263/296
f 3955/4138/297 3956/4141/297 4084/4267/297 4083/4264/297
f 3904/4139/298 3905/4142/298 4033/4268/298 4032/4265/298
f 3853/4140/299 3854/4143/299 3982/4269/299 3981/4266/299
f 3956/4141/300 3957/4144/300 4085/4270/300 4084/4267/300
f 3905/4142/301 3906/4145/301 4034/4271/301 4033/4268/301
f 3854/4143/302 3855/4146/302 3983/4272/302 3982/4269/302
f 3957/4144/303 3958/4147/303 4086/4273/303 4085/4270/303
f 3906/4145/304 3907/4148/304 4035/4274/304 4034/4271/304
f 3855/4146/305 3856/4149/305 3984/4275/305 3983/4272/305
f 3958/4147/306 3959/4150/306 4087/4276/306 4086/4273/306
f 3907/4148/307 3908/4151/307 4036/4277/307 4035/4274/307
f 3856/4149/308 3857/4152/308 3985/4278/308 3984/4275/308
f 3959/4150/309 3960/4153/309 4088/4279/309 4087/4276/309
f 3908/4151/310 3909/4154/310 4037/4280/310 4036/4277/310
f 3857/4152/311 3858/4155/311 3986/4281/311 3985/4278/311
f 3960/4153/312 3961/4156/312 4089/4282/312 4088/4279/312
f 3909/4154/313 3910/4157/313 4038/4283/313 4037/4280/313
f 3858/4155/314 3859/4158/314 3987/4284/314 3986/4281/314
f 3961/4156/315 3962/4159/315 4090/4285/315 4089/4282/315
f 3910/4157/316 3911/4160/316 4039/4286/316 4038/4283/316
f 3859/4158/317 3860/4161/317 3988/4287/317 3987/4284/317
f 3962/4159/318 3963/4162/318 4091/4288/318 4090/4285/318
f 3911/4160/319 3912/4163/319 4040/4289/319 4039/4286/319
f 3860/4161/320 3861/4164/320 3989/4290/320 3988/4287/320
f 3963/4162/321 3964/4165/321 4092/4291/321 4091/4288/321
f 3912/4163/322 3913/4166/322 4041/4292/322 4040/4289/322
f 3861/4164/323 3862/4167/323 3990/4293/323 3989/4290/323
f 3964/4165/324 3965/4168/324 4093/4294/324 4092/4291/324
f 3913/4166/325 3914/4169/325 4042/4295/325 4041/4292/325
f 3862/4167/326 3863/4170/326 3991/4296/326 3990/4293/326
f 3965/4168/327 3966/4171/327 4094/4297/327 4093/4294/327
f 3914/4169/328 3915/4172/328 4043/4298/328 4042/4295/328
f 3863/4170/329 3864/4173/329 3992/4299/329 3991/4296/329
f 3966/4171/330 3967/4174/330 4095/4300/330 4094/4297/330
f 3915/4172/331 3916/4175/331 4044/4301/331 4043/4298/331
f 3864/4173/332 3865/4176/332 3993/4302/332 3992/4299/332
f 3967/4174/333 3968/4177/333 4096/4303/333 4095/4300/333
f 3916/4175/334 3917/4178/334 4045/4304/334 4044/4301/334
f 3865/4176/335 3866/4179/335 3994/4305/335 3993/4302/335
f 3968/4177/336 3843/4110/336 3971/4236/336 4096/4303/336
f 3917/4178/337 3918/4180/337 4046/4306/337 4045/4304/337
f 3866/4179/338 3867/4181/338 3995/4307/338 3994/4305/338
f 3918/4180/339 3919/4182/339 4047/4308/339 4046/4306/339
f 3867/4181/340 3868/4183/340 3996/4309/340 3995/4307/340
f 3919/4182/341 3920/4184/341 4048/4310/341 4047/4308/341
f 3868/4183/342 3869/4185/342 3997/4311/342 3996/4309/342
f 3920/4184/343 3921/4186/343 4049/4312/343 4048/4310/343
f 3869/4185/344 3870/4187/344 3998/4313/344 3997/4311/344
f 3921/4186/345 3922/4188/345 4050/4314/345 4049/4312/345
f 3870/4187/346 3871/4189/346 3999/4315/346 3998/4313/346
f 3922/4188/347 3923/4190/347 4051/4316/347 4050/4314/347
f 3871/4189/348 3872/4191/348 4000/4317/348 3999/4315/348
f 3923/4190/349 3924/4192/349 4052/4318/349 4051/4316/349
f 3872/4191/350 3873/4193/350 4001/4319/350 4000/4317/350
f 3924/4192/351 3925/4194/351 4053/4320/351 4052/4318/351
f 3873/4193/352 3874/4195/352 4002/4321/352 4001/4319/352
f 3925/4194/353 3926/4196/353 4054/4322/353 4053/4320/353
f 3874/4195/354 3875/4197/354 4003/4323/354 4002/4321/354
f 3926/4196/355 3927/4198/355 4055/4324/355 4054/4322/355
f 3875/4197/356 3876/4199/356 4004/4325/356 4003/4323/356
f 3927/4198/357 3928/4200/357 4056/4326/357 4055/4324/357
f 3876/4199/358 3877/4201/358 4005/4327/358 4004/4325/358
f 3928/4200/359 3929/4202/359 4057/4328/359 4056/4326/359
f 3877/4201/360 3878/4203/360 4006/4329/360 4005/4327/360
f 3929/4202/361 3930/4204/361 4058/4330/361 4057/4328/361
f 3878/4203/362 3879/4205/362 4007/4331/362 4006/4329/362
f 3930/4204/363 3931/4206/363 4059/4332/363 4058/4330/363
f 3879/4205/364 3880/4207/364 4008/4333/364 4007/4331/364
f 3931/4206/365 3932/4208/365 4060/4334/365 4059/4332/365
f 3880/4207/366 3881/4209/366 4009/4335/366 4008/4333/366
f 3932/4208/367 3933/4210/367 4061/4336/367 4060/4334/367
f 3881/4209/368 3882/4211/368 4010/4337/368 4009/4335/368
f 3933/4210/369 3934/4212/369 4062/4338/369 4061/4336/369
f 3882/4211/370 3883/4213/370 4011/4339/370 4010/4337/370
f 3934/4212/371 3935/4214/371 4063/4340/371 4062/4338/371
f 3883/4213/372 3884/4215/372 4012/4341/372 4011/4339/372
f 3935/4214/373 3936/4216/373 4064/4342/373 4063/4340/373
f 3884/4215/374 3885/4217/374 4013/4343/374 4012/4341/374
f 3936/4216/375 3937/4218/375 4065/4344/375 4064/4342/375
f 3885/4217/376 3886/4219/376 4014/4345/376 4013/4343/376
f 3937/4218/377 3938/4220/377 4066/4346/377 4065/4344/377
f 3886/4219/378 3887/4221/378 4015/4347/378 4014/4345/378
f 3938/4220/379 3939/4222/379 4067/4348/379 4066/4346/379
f 3887/4221/380 3888/4223/380 4016/4349/380 4015/4347/380
f 3939/4222/381 3940/4224/381 4068/4350/381 4067/4348/381
f 3888/4223/382 3889/4225/382 4017/4351/382 4016/4349/382
f 3940/4224/383 3941/4226/383 4069/4352/383 4068/4350/383
f 3889/4225/384 3890/4227/384 4018/4353/384 4017/4351/384
f 3941/4226/385 3942/4228/385 4070/4354/385 4069/4352/385
f 3890/4227/386 3891/258/386 4019/4355/386 4018/4353/386
f 3942/4228/387 3943/4105/387 4071/4356/387 4070/4354/387
f 3891/258/388 3892/257/388 4020/4103/388 4019/4355/388
f 3943/4105/389 3944/4104/389 4072/4235/389 4071/4356/389
f 4150/4230/390 4151/4357/390 5145/4358/390 5144/4359/390
f 3971/4236/2 3969/4233/2 4097/4360/2 4099/4361/2
f 4073/4234/26 4074/4237/26 4202/4362/26 4201/4363/26
f 4022/4229/77 4023/4238/77 4151/4357/77 4150/4230/77
f 3970/4232/129 3972/4239/129 4100/4364/129 4098/4365/129
f 4074/4237/25 4075/4240/25 4203/4366/25 4202/4362/25
f 4023/4238/76 4024/4241/76 4152/4367/76 4151/4357/76
f 3972/4239/128 3973/4242/128 4101/4368/128 4100/4364/128
f 4075/4240/24 4076/4243/24 4204/4369/24 4203/4366/24
f 4024/4241/75 4025/4244/75 4153/4370/75 4152/4367/75
f 3973/4242/126 3974/4245/126 4102/4371/126 4101/4368/126
f 4076/4243/23 4077/4246/23 4205/4372/23 4204/4369/23
f 4025/4244/74 4026/4247/74 4154/4373/74 4153/4370/74
f 3974/4245/125 3975/4248/125 4103/4374/125 4102/4371/125
f 4077/4246/22 4078/4249/22 4206/4375/22 4205/4372/22
f 4026/4247/73 4027/4250/73 4155/4376/73 4154/4373/73
f 3975/4248/124 3976/4251/124 4104/4377/124 4103/4374/124
f 4078/4249/21 4079/4252/21 4207/4378/21 4206/4375/21
f 4027/4250/72 4028/4253/72 4156/4379/72 4155/4376/72
f 3976/4251/123 3977/4254/123 4105/4380/123 4104/4377/123
f 4079/4252/20 4080/4255/20 4208/4381/20 4207/4378/20
f 4028/4253/71 4029/4256/71 4157/4382/71 4156/4379/71
f 3977/4254/122 3978/4257/122 4106/4383/122 4105/4380/122
f 4080/4255/19 4081/4258/19 4209/4384/19 4208/4381/19
f 4029/4256/70 4030/4259/70 4158/4385/70 4157/4382/70
f 3978/4257/121 3979/4260/121 4107/4386/121 4106/4383/121
f 4081/4258/18 4082/4261/18 4210/4387/18 4209/4384/18
f 4030/4259/69 4031/4262/69 4159/4388/69 4158/4385/69
f 3979/4260/120 3980/4263/120 4108/4389/120 4107/4386/120
f 4082/4261/17 4083/4264/17 4211/4390/17 4210/4387/17
f 4031/4262/68 4032/4265/68 4160/4391/68 4159/4388/68
f 3980/4263/119 3981/4266/119 4109/4392/119 4108/4389/119
f 4083/4264/16 4084/4267/16 4212/4393/16 4211/4390/16
f 4032/4265/67 4033/4268/67 4161/4394/67 4160/4391/67
f 3981/4266/118 3982/4269/118 4110/4395/118 4109/4392/118
f 4084/4267/15 4085/4270/15 4213/4396/15 4212/4393/15
f 4033/4268/66 4034/4271/66 4162/4397/66 4161/4394/66
f 3982/4269/117 3983/4272/117 4111/4398/117 4110/4395/117
f 4085/4270/14 4086/4273/14 4214/4399/14 4213/4396/14
f 4034/4271/65 4035/4274/65 4163/4400/65 4162/4397/65
f 3983/4272/116 3984/4275/116 4112/4401/116 4111/4398/116
f 4086/4273/13 4087/4276/13 4215/4402/13 4214/4399/13
f 4035/4274/64 4036/4277/64 4164/4403/64 4163/4400/64
f 3984/4275/115 3985/4278/115 4113/4404/115 4112/4401/115
f 4087/4276/12 4088/4279/12 4216/4405/12 4215/4402/12
f 4036/4277/63 4037/4280/63 4165/4406/63 4164/4403/63
f 3985/4278/114 3986/4281/114 4114/4407/114 4113/4404/114
f 4088/4279/11 4089/4282/11 4217/4408/11 4216/4405/11
f 4037/4280/62 4038/4283/62 4166/4409/62 4165/4406/62
f 3986/4281/113 3987/4284/113 4115/4410/113 4114/4407/113
f 4089/4282/10 4090/4285/10 4218/4411/10 4217/4408/10
f 4038/4283/61 4039/4286/61 4167/4412/61 4166/4409/61
f 3987/4284/112 3988/4287/112 4116/4413/112 4115/4410/112
f 4090/4285/9 4091/4288/9 4219/4414/9 4218/4411/9
f 4039/4286/60 4040/4289/60 4168/4415/60 4167/4412/60
f 3988/4287/111 3989/4290/111 4117/4416/111 4116/4413/111
f 4091/4288/8 4092/4291/8 4220/4417/8 4219/4414/8
f 4040/4289/59 4041/4292/59 4169/4418/59 4168/4415/59
f 3989/4290/110 3990/4293/110 4118/4419/110 4117/4416/110
f 4092/4291/7 4093/4294/7 4221/4420/7 4220/4417/7
f 4041/4292/58 4042/4295/58 4170/4421/58 4169/4418/58
f 3990/4293/109 3991/4296/109 4119/4422/109 4118/4419/109
f 4093/4294/6 4094/4297/6 4222/4423/6 4221/4420/6
f 4042/4295/57 4043/4298/57 4171/4424/57 4170/4421/57
f 3991/4296/108 3992/4299/108 4120/4425/108 4119/4422/108
f 4094/4297/5 4095/4300/5 4223/4426/5 4222/4423/5
f 4043/4298/56 4044/4301/56 4172/4427/56 4171/4424/56
f 3992/4299/107 3993/4302/107 4121/4428/107 4120/4425/107
f 4095/4300/4 4096/4303/4 4224/4429/4 4223/4426/4
f 4044/4301/55 4045/4304/55 4173/4430/55 4172/4427/55
f 3993/4302/106 3994/4305/106 4122/4431/106 4121/4428/106
f 4096/4303/3 3971/4236/3 4099/4361/3 4224/4429/3
f 4045/4304/54 4046/4306/54 4174/4432/54 4173/4430/54
f 3994/4305/105 3995/4307/105 4123/4433/105 4122/4431/105
f 4046/4306/53 4047/4308/53 4175/4434/53 4174/4432/53
f 3995/4307/104 3996/4309/104 4124/4435/104 4123/4433/104
f 4047/4308/52 4048/4310/52 4176/4436/52 4175/4434/52
f 3996/4309/103 3997/4311/103 4125/4437/103 4124/4435/103
f 4048/4310/51 4049/4312/51 4177/4438/51 4176/4436/51
f 3997/4311/102 3998/4313/102 4126/4439/102 4125/4437/102
f 4049/4312/50 4050/4314/50 4178/4440/50 4177/4438/50
f 3998/4313/101 3999/4315/101 4127/4441/101 4126/4439/101
f 4050/4314/49 4051/4316/49 4179/4442/49 4178/4440/49
f 3999/4315/100 4000/4317/100 4128/4443/100 4127/4441/100
f 4051/4316/48 4052/4318/48 4180/4444/48 4179/4442/48
f 4000/4317/99 4001/4319/99 4129/4445/99 4128/4443/99
f 4052/4318/47 4053/4320/47 4181/4446/47 4180/4444/47
f 4001/4319/98 4002/4321/98 4130/4447/98 4129/4445/98
f 4053/4320/46 4054/4322/46 4182/4448/46 4181/4446/46
f 4002/4321/97 4003/4323/97 4131/4449/97 4130/4447/97
f 4054/4322/45 4055/4324/45 4183/4450/45 4182/4448/45
f 4003/4323/96 4004/4325/96 4132/4451/96 4131/4449/96
f 4055/4324/44 4056/4326/44 4184/4452/44 4183/4450/44
f 4004/4325/95 4005/4327/95 4133/4453/95 4132/4451/95
f 4056/4326/43 4057/4328/43 4185/4454/43 4184/4452/43
f 4005/4327/94 4006/4329/94 4134/4455/94 4133/4453/94
f 4057/4328/42 4058/4330/42 4186/4456/42 4185/4454/42
f 4006/4329/93 4007/4331/93 4135/4457/93 4134/4455/93
f 4058/4330/41 4059/4332/41 4187/4458/41 4186/4456/41
f 4007/4331/92 4008/4333/92 4136/4459/92 4135/4457/92
f 4059/4332/40 4060/4334/40 4188/4460/40 4187/4458/40
f 4008/4333/91 4009/4335/91 4137/4461/91 4136/4459/91
f 4060/4334/39 4061/4336/39 4189/4462/39 4188/4460/39
f 4009/4335/90 4010/4337/90 4138/4463/90 4137/4461/90
f 4061/4336/38 4062/4338/38 4190/4464/38 4189/4462/38
f 4010/4337/89 4011/4339/89 4139/4465/89 4138/4463/89
f 4062/4338/37 4063/4340/37 4191/4466/37 4190/4464/37
f 4011/4339/88 4012/4341/88 4140/4467/88 4139/4465/88
f 4063/4340/36 4064/4342/36 4192/4468/36 4191/4466/36
f 4012/4341/87 4013/4343/87 4141/4469/87 4140/4467/87
f 4064/4342/35 4065/4344/35 4193/4470/35 4192/4468/35
f 4013/4343/86 4014/4345/86 4142/4471/86 4141/4469/86
f 4065/4344/34 4066/4346/34 4194/4472/34 4193/4470/34
f 4014/4345/85 4015/4347/85 4143/4473/85 4142/4471/85
f 4066/4346/33 4067/4348/33 4195/4474/33 4194/4472/33
f 4015/4347/84 4016/4349/84 4144/4475/84 4143/4473/84
f 4067/4348/32 4068/4350/32 4196/4476/32 4195/4474/32
f 4016/4349/83 4017/4351/83 4145/4477/83 4144/4475/83
f 4068/4350/31 4069/4352/31 4197/4478/31 4196/4476/31
f 4017/4351/82 4018/4353/82 4146/4479/82 4145/4477/82
f 4069/4352/30 4070/4354/30 4198/4480/30 4197/4478/30
f 4018/4353/81 4019/4355/81 4147/4481/81 4146/4479/81
f 4070/4354/29 4071/4356/29 4199/4482/29 4198/4480/29
f 4019/4355/127 4020/4103/127 4148/4483/127 4147/4481/127
f 4071/4356/28 4072/4235/28 4200/4484/28 4199/4482/28
f 4020/4103/79 4021/4102/79 4149/4231/79 4148/4483/79
f 3969/4233/1 3970/4232/1 4098/4365/1 4097/4360/1
f 4072/4235/27 4073/4234/27 4201/4363/27 4200/4484/27
f 4251/4485/104 4252/4486/104 5246/4487/104 5245/4488/104
f 4098/4365/391 4100/4364/391 5094/4489/391 5092/4490/391
f 4202/4362/392 4203/4366/392 5197/4491/392 5196/4492/392
f 4151/4357/393 4152/4367/393 5146/4493/393 5145/4358/393
f 4100/4364/394 4101/4368/394 5095/4494/394 5094/4489/394
f 4203/4366/395 4204/4369/395 5198/4495/395 5197/4491/395
f 4152/4367/396 4153/4370/396 5147/4496/396 5146/4493/396
f 4101/4368/397 4102/4371/397 5096/4497/397 5095/4494/397
f 4204/4369/398 4205/4372/398 5199/4498/398 5198/4495/398
f 4153/4370/399 4154/4373/399 5148/4499/399 5147/4496/399
f 4102/4371/400 4103/4374/400 5097/4500/400 5096/4497/400
f 4205/4372/401 4206/4375/401 5200/4501/401 5199/4498/401
f 4154/4373/402 4155/4376/402 5149/4502/402 5148/4499/402
f 4103/4374/403 4104/4377/403 5098/4503/403 5097/4500/403
f 4206/4375/404 4207/4378/404 5201/4504/404 5200/4501/404
f 4155/4376/405 4156/4379/405 5150/4505/405 5149/4502/405
f 4104/4377/406 4105/4380/406 5099/4506/406 5098/4503/406
f 4207/4378/407 4208/4381/407 5202/4507/407 5201/4504/407
f 4156/4379/408 4157/4382/408 5151/4508/408 5150/4505/408
f 4105/4380/409 4106/4383/409 5100/4509/409 5099/4506/409
f 4208/4381/410 4209/4384/410 5203/4510/410 5202/4507/410
f 4157/4382/411 4158/4385/411 5152/4511/411 5151/4508/411
f 4106/4383/412 4107/4386/412 5101/4512/412 5100/4509/412
f 4209/4384/413 4210/4387/413 5204/4513/413 5203/4510/413
f 4158/4385/414 4159/4388/414 5153/4514/414 5152/4511/414
f 4107/4386/415 4108/4389/415 5102/4515/415 5101/4512/415
f 4210/4387/416 4211/4390/416 5205/4516/416 5204/4513/416
f 4159/4388/417 4160/4391/417 5154/4517/417 5153/4514/417
f 4108/4389/418 4109/4392/418 5103/4518/418 5102/4515/418
f 4211/4390/419 4212/4393/419 5206/4519/419 5205/4516/419
f 4160/4391/420 4161/4394/420 5155/4520/420 5154/4517/420
f 4109/4392/421 4110/4395/421 5104/4521/421 5103/4518/421
f 4212/4393/422 4213/4396/422 5207/4522/422 5206/4519/422
f 4161/4394/423 4162/4397/423 5156/4523/423 5155/4520/423
f 4110/4395/424 4111/4398/424 5105/4524/424 5104/4521/424
f 4213/4396/425 4214/4399/425 5208/4525/425 5207/4522/425
f 4162/4397/426 4163/4400/426 5157/4526/426 5156/4523/426
f 4111/4398/427 4112/4401/427 5106/4527/427 5105/4524/427
f 4214/4399/428 4215/4402/428 5209/4528/428 5208/4525/428
f 4163/4400/429 4164/4403/429 5158/4529/429 5157/4526/429
f 4112/4401/430 4113/4404/430 5107/4530/430 5106/4527/430
f 4215/4402/431 4216/4405/431 5210/4531/431 5209/4528/431
f 4164/4403/432 4165/4406/432 5159/4532/432 5158/4529/432
f 4113/4404/433 4114/4407/433 5108/4533/433 5107/4530/433
f 4216/4405/434 4217/4408/434 5211/4534/434 5210/4531/434
f 4165/4406/435 4166/4409/435 5160/4535/435 5159/4532/435
f 4114/4407/436 4115/4410/436 5109/4536/436 5108/4533/436
f 4217/4408/437 4218/4411/437 5212/4537/437 5211/4534/437
f 4166/4409/438 4167/4412/438 5161/4538/438 5160/4535/438
f 4115/4410/439 4116/4413/439 5110/4539/439 5109/4536/439
f 4218/4411/440 4219/4414/440 5213/4540/440 5212/4537/440
f 4167/4412/441 4168/4415/441 5162/4541/441 5161/4538/441
f 4116/4413/442 4117/4416/442 5111/4542/442 5110/4539/442
f 4219/4414/443 4220/4417/443 5214/4543/443 5213/4540/443
f 4168/4415/444 4169/4418/444 5163/4544/444 5162/4541/444
f 4117/4416/445 4118/4419/445 5112/4545/445 5111/4542/445
f 4220/4417/446 4221/4420/446 5215/4546/446 5214/4543/446
f 4169/4418/447 4170/4421/447 5164/4547/447 5163/4544/447
f 4118/4419/448 4119/4422/448 5113/4548/448 5112/4545/448
f 4221/4420/449 4222/4423/449 5216/4549/449 5215/4546/449
f 4170/4421/450 4171/4424/450 5165/4550/450 5164/4547/450
f 4119/4422/451 4120/4425/451 5114/4551/451 5113/4548/451
f 4222/4423/452 4223/4426/452 5217/4552/452 5216/4549/452
f 4171/4424/453 4172/4427/453 5166/4553/453 5165/4550/453
f 4120/4425/454 4121/4428/454 5115/4554/454 5114/4551/454
f 4172/4427/455 4173/4430/455 5167/4555/455 5166/4553/455
f 4121/4428/456 4122/4431/456 5116/4556/456 5115/4554/456
f 4223/4426/457 4224/4429/457 5218/4557/457 5217/4552/457
f 4173/4430/458 4174/4432/458 5168/4558/458 5167/4555/458
f 4122/4431/459 4123/4433/459 5117/4559/459 5116/4556/459
f 4224/4429/460 4099/4361/460 5093/4560/460 5218/4557/460
f 4174/4432/461 4175/4434/461 5169/4561/461 5168/4558/461
f 4123/4433/462 4124/4435/462 5118/4562/462 5117/4559/462
f 4175/4434/463 4176/4436/463 5170/4563/463 5169/4561/463
f 4124/4435/464 4125/4437/464 5119/4564/464 5118/4562/464
f 4176/4436/465 4177/4438/465 5171/4565/465 5170/4563/465
f 4125/4437/466 4126/4439/466 5120/4566/466 5119/4564/466
f 4177/4438/467 4178/4440/467 5172/4567/467 5171/4565/467
f 4126/4439/468 4127/4441/468 5121/4568/468 5120/4566/468
f 4178/4440/469 4179/4442/469 5173/4569/469 5172/4567/469
f 4127/4441/470 4128/4443/470 5122/4570/470 5121/4568/470
f 4179/4442/471 4180/4444/471 5174/4571/471 5173/4569/471
f 4128/4443/472 4129/4445/472 5123/4572/472 5122/4570/472
f 4180/4444/473 4181/4446/473 5175/4573/473 5174/4571/473
f 4129/4445/474 4130/4447/474 5124/4574/474 5123/4572/474
f 4181/4446/475 4182/4448/475 5176/4575/475 5175/4573/475
f 4130/4447/476 4131/4449/476 5125/4576/476 5124/4574/476
f 4182/4448/477 4183/4450/477 5177/4577/477 5176/4575/477
f 4131/4449/478 4132/4451/478 5126/4578/478 5125/4576/478
f 4183/4450/479 4184/4452/479 5178/4579/479 5177/4577/479
f 4132/4451/480 4133/4453/480 5127/4580/480 5126/4578/480
f 4184/4452/481 4185/4454/481 5179/4581/481 5178/4579/481
f 4133/4453/482 4134/4455/482 5128/4582/482 5127/4580/482
f 4185/4454/483 4186/4456/483 5180/4583/483 5179/4581/483
f 4134/4455/484 4135/4457/484 5129/4584/484 5128/4582/484
f 4186/4456/485 4187/4458/485 5181/4585/485 5180/4583/485
f 4135/4457/486 4136/4459/486 5130/4586/486 5129/4584/486
f 4187/4458/487 4188/4460/487 5182/4587/487 5181/4585/487
f 4136/4459/488 4137/4461/488 5131/4588/488 5130/4586/488
f 4188/4460/489 4189/4462/489 5183/4589/489 5182/4587/489
f 4137/4461/490 4138/4463/490 5132/4590/490 5131/4588/490
f 4189/4462/491 4190/4464/491 5184/4591/491 5183/4589/491
f 4138/4463/492 4139/4465/492 5133/4592/492 5132/4590/492
f 4190/4464/493 4191/4466/493 5185/4593/493 5184/4591/493
f 4139/4465/494 4140/4467/494 5134/4594/494 5133/4592/494
f 4191/4466/495 4192/4468/495 5186/4595/495 5185/4593/495
f 4140/4467/496 4141/4469/496 5135/4596/496 5134/4594/496
f 4192/4468/497 4193/4470/497 5187/4597/497 5186/4595/497
f 4141/4469/498 4142/4471/498 5136/4598/498 5135/4596/498
f 4193/4470/499 4194/4472/499 5188/4599/499 5187/4597/499
f 4142/4471/500 4143/4473/500 5137/4600/500 5136/4598/500
f 4194/4472/501 4195/4474/501 5189/4601/501 5188/4599/501
f 4143/4473/502 4144/4475/502 5138/4602/502 5137/4600/502
f 4195/4474/503 4196/4476/503 5190/4603/503 5189/4601/503
f 4144/4475/504 4145/4477/504 5139/4604/504 5138/4602/504
f 4196/4476/505 4197/4478/505 5191/4605/505 5190/4603/505
f 4145/4477/506 4146/4479/506 5140/4606/506 5139/4604/506
f 4197/4478/507 4198/4480/507 5192/4607/507 5191/4605/507
f 4146/4479/508 4147/4481/508 5141/4608/508 5140/4606/508
f 4198/4480/509 4199/4482/509 5193/4609/509 5192/4607/509
f 4147/4481/510 4148/4483/510 5142/4610/510 5141/4608/510
f 4199/4482/511 4200/4484/511 5194/4611/511 5193/4609/511
f 4148/4483/512 4149/4231/512 5143/4612/512 5142/4610/512
f 4097/4360/513 4098/4365/513 5092/4490/513 5091/4613/513
f 4200/4484/514 4201/4363/514 5195/4614/514 5194/4611/514
f 4149/4231/515 4150/4230/515 5144/4359/515 5143/4612/515
f 4099/4361/516 4097/4360/516 5091/4613/516 5093/4560/516
f 4201/4363/517 4202/4362/517 5196/4492/517 5195/4614/517
f 4353/4615/518 4354/4616/518 4356/4617/518 4355/4618/518
f 4355/4618/519 4356/4617/519 4358/4619/519 4357/4620/519
f 4357/4620/520 4358/4619/520 4360/4621/520 4359/4622/520
f 4359/4622/521 4360/4621/521 4362/4623/521 4361/4624/521
f 4362/4623/522 4360/4621/522 4393/4625/522 4399/4626/522
f 4361/4624/523 4362/4623/523 4364/4627/523 4363/4628/523
f 4363/4628/524 4364/4627/524 4354/4629/524 4353/4630/524
f 4353/4631/130 4355/4632/130 4357/4633/130 4359/4634/130 4361/4635/130 4363/4636/130
f 4394/4637/525 4386/4638/525 4383/4639/525 4390/4640/525
f 4360/4621/526 4358/4619/526 4387/4641/526 4393/4625/526
f 4364/4627/527 4362/4623/527 4399/4626/527 4405/4642/527
f 4358/4619/528 4356/4617/528 4375/4643/528 4387/4641/528
f 4376/4644/529 4379/4645/529 4382/4646/529 4372/4647/529
f 4366/4648/530 4370/4649/530 5409/4650/530
f 4400/4651/531 4392/4652/531 4389/4653/531 4396/4654/531
f 4378/4655/532 4404/4656/532 4401/4657/532 4380/4658/532
f 5361/4659/533 4369/4660/533 4370/4649/533
f 4406/4661/534 4398/4662/534 4395/4663/534 4402/4664/534
f 5360/4665/535 5361/4666/535 4370/4649/535 4366/4648/535
f 5358/4667/536 5360/4668/536 4366/4669/536 4365/4670/536
f 5361/4671/537 5365/4672/537 4368/4673/537 4369/4660/537
f 5365/4674/538 5358/4675/538 4367/4676/538 4368/4673/538
f 4354/4629/539 4364/4627/539 4405/4642/539 4377/4677/539
f 4356/4617/540 4354/4616/540 4377/4678/540 4375/4643/540
f 4371/4679/541 4372/4647/541 4373/4680/541
f 4374/4681/542 4375/4643/542 4376/4644/542
f 4377/4677/543 4378/4682/543 4379/4683/543
f 4380/4658/544 4381/4684/544 4382/4685/544
f 4383/4639/545 4384/4686/545 4385/4687/545
f 4386/4638/546 4387/4641/546 4388/4688/546
f 4389/4653/547 4390/4640/547 4391/4689/547
f 4392/4652/548 4393/4625/548 4394/4637/548
f 4395/4663/549 4396/4654/549 4397/4690/549
f 4398/4662/550 4399/4626/550 4400/4651/550
f 4401/4657/551 4402/4664/551 4403/4691/551
f 4404/4656/552 4405/4642/552 4406/4661/552
f 4371/4679/553 4374/4681/553 4376/4644/553 4372/4647/553
f 4375/4643/554 4377/4678/554 4379/4645/554 4376/4644/554
f 4378/4655/555 4380/4658/555 4382/4685/555 4379/4692/555
f 4381/4693/556 4373/4680/556 4372/4647/556 4382/4646/556
f 4383/4639/557 4386/4638/557 4388/4688/557 4384/4686/557
f 4387/4641/558 4375/4643/558 4374/4681/558 4388/4688/558
f 4373/4680/559 4385/4687/559 4384/4686/559 4371/4679/559
f 4389/4653/560 4392/4652/560 4394/4637/560 4390/4640/560
f 4393/4625/561 4387/4641/561 4386/4638/561 4394/4637/561
f 4385/4687/562 4391/4689/562 4390/4640/562 4383/4639/562
f 4395/4663/563 4398/4662/563 4400/4651/563 4396/4654/563
f 4399/4626/564 4393/4625/564 4392/4652/564 4400/4651/564
f 4391/4689/565 4397/4690/565 4396/4654/565 4389/4653/565
f 4401/4657/566 4404/4656/566 4406/4661/566 4402/4664/566
f 4405/4642/567 4399/4626/567 4398/4662/567 4406/4661/567
f 4397/4690/568 4403/4691/568 4402/4664/568 4395/4663/568
f 4377/4677/569 4405/4642/569 4404/4656/569 4378/4655/569
f 4403/4691/570 4381/4684/570 4380/4658/570 4401/4657/570
f 4388/4688/571 4374/4681/571 4371/4679/571 4384/4686/571
f 4407/4694/572 4419/4695/572 4420/4696/572 4408/4697/572
f 4408/4697/573 4420/4696/573 4421/4698/573 4409/4699/573
f 4409/4699/574 4421/4698/574 4422/4700/574 4410/4701/574
f 4410/4701/575 4422/4700/575 4423/4702/575 4411/4703/575
f 4411/4703/576 4423/4702/576 4424/4704/576 4412/4705/576
f 4412/4705/577 4424/4704/577 4425/4706/577 4413/4707/577
f 4413/4708/578 4425/4709/578 4426/4710/578 4414/4711/578
f 4414/4711/579 4426/4710/579 4427/4712/579 4415/4713/579
f 4415/4713/580 4427/4712/580 4428/4714/580 4416/4715/580
f 4416/4715/581 4428/4714/581 4429/4716/581 4417/4717/581
f 4417/4717/582 4429/4716/582 4430/4718/582 4418/4719/582
f 4418/4719/583 4430/4718/583 4419/4695/583 4407/4694/583
f 4419/4695/584 4431/4720/584 4432/4721/584 4420/4696/584
f 4420/4696/585 4432/4721/585 4433/4722/585 4421/4698/585
f 4421/4698/586 4433/4722/586 4434/4723/586 4422/4700/586
f 4422/4700/587 4434/4723/587 4435/4724/587 4423/4702/587
f 4423/4702/588 4435/4724/588 4436/4725/588 4424/4704/588
f 4424/4704/589 4436/4725/589 4437/4726/589 4425/4706/589
f 4425/4709/590 4437/4727/590 4438/4728/590 4426/4710/590
f 4426/4710/591 4438/4728/591 4439/4729/591 4427/4712/591
f 4427/4712/592 4439/4729/592 4440/4730/592 4428/4714/592
f 4428/4714/593 4440/4730/593 4441/4731/593 4429/4716/593
f 4429/4716/594 4441/4731/594 4442/4732/594 4430/4718/594
f 4430/4718/595 4442/4732/595 4431/4720/595 4419/4695/595
f 4431/4720/596 4443/4733/596 4444/4734/596 4432/4721/596
f 4432/4721/597 4444/4734/597 4445/4735/597 4433/4722/597
f 4433/4722/598 4445/4735/598 4446/4736/598 4434/4723/598
f 4434/4723/599 4446/4736/599 4447/4737/599 4435/4724/599
f 4435/4724/600 4447/4737/600 4448/4738/600 4436/4725/600
f 4436/4725/601 4448/4738/601 4449/4739/601 4437/4726/601
f 4437/4727/602 4449/4740/602 4450/4741/602 4438/4728/602
f 4438/4728/603 4450/4741/603 4451/4742/603 4439/4729/603
f 4439/4729/604 4451/4742/604 4452/4743/604 4440/4730/604
f 4440/4730/605 4452/4743/605 4453/4744/605 4441/4731/605
f 4441/4731/606 4453/4744/606 4454/4745/606 4442/4732/606
f 4442/4732/607 4454/4745/607 4443/4733/607 4431/4720/607
f 4443/4733/608 4455/4746/608 4456/4747/608 4444/4734/608
f 4444/4734/609 4456/4747/609 4457/4748/609 4445/4735/609
f 4445/4735/610 4457/4748/610 4458/4749/610 4446/4736/610
f 4446/4736/611 4458/4749/611 4459/4750/611 4447/4737/611
f 4447/4737/612 4459/4750/612 4460/4751/612 4448/4738/612
f 4448/4738/613 4460/4751/613 4461/4752/613 4449/4739/613
f 4449/4740/614 4461/4753/614 4462/4754/614 4450/4741/614
f 4450/4741/615 4462/4754/615 4463/4755/615 4451/4742/615
f 4451/4742/616 4463/4755/616 4464/4756/616 4452/4743/616
f 4452/4743/617 4464/4756/617 4465/4757/617 4453/4744/617
f 4453/4744/618 4465/4757/618 4466/4758/618 4454/4745/618
f 4454/4745/619 4466/4758/619 4455/4746/619 4443/4733/619
f 4455/4746/620 4467/4759/620 4468/4760/620 4456/4747/620
f 4456/4747/621 4468/4760/621 4469/4761/621 4457/4748/621
f 4457/4748/622 4469/4761/622 4470/4762/622 4458/4749/622
f 4458/4749/623 4470/4762/623 4471/4763/623 4459/4750/623
f 4459/4750/624 4471/4763/624 4472/4764/624 4460/4751/624
f 4460/4751/625 4472/4764/625 4473/4765/625 4461/4752/625
f 4461/4753/626 4473/4766/626 4474/4767/626 4462/4754/626
f 4462/4754/627 4474/4767/627 4475/4768/627 4463/4755/627
f 4463/4755/628 4475/4768/628 4476/4769/628 4464/4756/628
f 4464/4756/629 4476/4769/629 4477/4770/629 4465/4757/629
f 4465/4757/630 4477/4770/630 4478/4771/630 4466/4758/630
f 4466/4758/631 4478/4771/631 4467/4759/631 4455/4746/631
f 4467/4759/632 4479/4772/632 4480/4773/632 4468/4760/632
f 4468/4760/633 4480/4773/633 4481/4774/633 4469/4761/633
f 4469/4761/634 4481/4774/634 4482/4775/634 4470/4762/634
f 4470/4762/635 4482/4775/635 4483/4776/635 4471/4763/635
f 4471/4763/636 4483/4776/636 4484/4777/636 4472/4764/636
f 4472/4764/637 4484/4777/637 4485/4778/637 4473/4765/637
f 4473/4766/638 4485/4779/638 4486/4780/638 4474/4767/638
f 4474/4767/639 4486/4780/639 4487/4781/639 4475/4768/639
f 4475/4768/640 4487/4781/640 4488/4782/640 4476/4769/640
f 4476/4769/641 4488/4782/641 4489/4783/641 4477/4770/641
f 4477/4770/642 4489/4783/642 4490/4784/642 4478/4771/642
f 4478/4771/643 4490/4784/643 4479/4772/643 4467/4759/643
f 4479/4772/644 4491/4785/644 4492/4786/644 4480/4773/644
f 4480/4773/645 4492/4786/645 4493/4787/645 4481/4774/645
f 4481/4774/646 4493/4787/646 4494/4788/646 4482/4775/646
f 4482/4775/647 4494/4788/647 4495/4789/647 4483/4776/647
f 4483/4776/648 4495/4789/648 4496/4790/648 4484/4777/648
f 4484/4777/649 4496/4790/649 4497/4791/649 4485/4778/649
f 4485/4779/650 4497/4792/650 4498/4793/650 4486/4780/650
f 4486/4780/651 4498/4793/651 4499/4794/651 4487/4781/651
f 4487/4781/652 4499/4794/652 4500/4795/652 4488/4782/652
f 4488/4782/653 4500/4795/653 4501/4796/653 4489/4783/653
f 4489/4783/654 4501/4796/654 4502/4797/654 4490/4784/654
f 4490/4784/655 4502/4797/655 4491/4785/655 4479/4772/655
f 4491/4785/656 4503/4798/656 4504/4799/656 4492/4786/656
f 4492/4786/657 4504/4799/657 4505/4800/657 4493/4787/657
f 4493/4787/658 4505/4800/658 4506/4801/658 4494/4788/658
f 4494/4788/659 4506/4801/659 4507/4802/659 4495/4789/659
f 4495/4789/660 4507/4802/660 4508/4803/660 4496/4790/660
f 4496/4790/661 4508/4803/661 4509/4804/661 4497/4791/661
f 4497/4792/662 4509/4805/662 4510/4806/662 4498/4793/662
f 4498/4793/663 4510/4806/663 4511/4807/663 4499/4794/663
f 4499/4794/664 4511/4807/664 4512/4808/664 4500/4795/664
f 4500/4795/665 4512/4808/665 4513/4809/665 4501/4796/665
f 4501/4796/666 4513/4809/666 4514/4810/666 4502/4797/666
f 4502/4797/667 4514/4810/667 4503/4798/667 4491/4785/667
f 4503/4798/668 4515/4811/668 4516/4812/668 4504/4799/668
f 4504/4799/669 4516/4812/669 4517/4813/669 4505/4800/669
f 4505/4800/670 4517/4813/670 4518/4814/670 4506/4801/670
f 4506/4801/671 4518/4814/671 4519/4815/671 4507/4802/671
f 4507/4802/672 4519/4815/672 4520/4816/672 4508/4803/672
f 4508/4803/673 4520/4816/673 4521/4817/673 4509/4804/673
f 4509/4805/674 4521/4818/674 4522/4819/674 4510/4806/674
f 4510/4806/675 4522/4819/675 4523/4820/675 4511/4807/675
f 4511/4807/676 4523/4820/676 4524/4821/676 4512/4808/676
f 4512/4808/677 4524/4821/677 4525/4822/677 4513/4809/677
f 4513/4809/678 4525/4822/678 4526/4823/678 4514/4810/678
f 4514/4810/679 4526/4823/679 4515/4811/679 4503/4798/679
f 4515/4811/680 4527/4824/680 4528/4825/680 4516/4812/680
f 4516/4812/681 4528/4825/681 4529/4826/681 4517/4813/681
f 4517/4813/682 4529/4826/682 4530/4827/682 4518/4814/682
f 4518/4814/683 4530/4827/683 4531/4828/683 4519/4815/683
f 4519/4815/684 4531/4828/684 4532/4829/684 4520/4816/684
f 4520/4816/685 4532/4829/685 4533/4830/685 4521/4817/685
f 4521/4818/686 4533/4831/686 4534/4832/686 4522/4819/686
f 4522/4819/687 4534/4832/687 4535/4833/687 4523/4820/687
f 4523/4820/688 4535/4833/688 4536/4834/688 4524/4821/688
f 4524/4821/689 4536/4834/689 4537/4835/689 4525/4822/689
f 4525/4822/690 4537/4835/690 4538/4836/690 4526/4823/690
f 4526/4823/691 4538/4836/691 4527/4824/691 4515/4811/691
f 4527/4824/692 4539/4837/692 4540/4838/692 4528/4825/692
f 4528/4825/693 4540/4838/693 4541/4839/693 4529/4826/693
f 4529/4826/694 4541/4839/694 4542/4840/694 4530/4827/694
f 4530/4827/695 4542/4840/695 4543/4841/695 4531/4828/695
f 4531/4828/696 4543/4841/696 4544/4842/696 4532/4829/696
f 4532/4829/697 4544/4842/697 4545/4843/697 4533/4830/697
f 4533/4831/698 4545/4844/698 4546/4845/698 4534/4832/698
f 4534/4832/699 4546/4845/699 4547/4846/699 4535/4833/699
f 4535/4833/700 4547/4846/700 4548/4847/700 4536/4834/700
f 4536/4834/701 4548/4847/701 4549/4848/701 4537/4835/701
f 4537/4835/702 4549/4848/702 4550/4849/702 4538/4836/702
f 4538/4836/703 4550/4849/703 4539/4837/703 4527/4824/703
f 4539/4837/704 4551/4850/704 4552/4851/704 4540/4838/704
f 4540/4838/705 4552/4851/705 4553/4852/705 4541/4839/705
f 4541/4839/706 4553/4852/706 4554/4853/706 4542/4840/706
f 4542/4840/707 4554/4853/707 4555/4854/707 4543/4841/707
f 4543/4841/708 4555/4854/708 4556/4855/708 4544/4842/708
f 4544/4842/709 4556/4855/709 4557/4856/709 4545/4843/709
f 4545/4844/710 4557/4857/710 4558/4858/710 4546/4845/710
f 4546/4845/711 4558/4858/711 4559/4859/711 4547/4846/711
f 4547/4846/712 4559/4859/712 4560/4860/712 4548/4847/712
f 4548/4847/713 4560/4860/713 4561/4861/713 4549/4848/713
f 4549/4848/714 4561/4861/714 4562/4862/714 4550/4849/714
f 4550/4849/715 4562/4862/715 4551/4850/715 4539/4837/715
f 4551/4850/716 4563/4863/716 4564/4864/716 4552/4851/716
f 4552/4851/717 4564/4864/717 4565/4865/717 4553/4852/717
f 4553/4852/718 4565/4865/718 4566/4866/718 4554/4853/718
f 4554/4853/719 4566/4866/719 4567/4867/719 4555/4854/719
f 4555/4854/720 4567/4867/720 4568/4868/720 4556/4855/720
f 4556/4855/721 4568/4868/721 4569/4869/721 4557/4856/721
f 4557/4857/722 4569/4870/722 4570/4871/722 4558/4858/722
f 4558/4858/723 4570/4871/723 4571/4872/723 4559/4859/723
f 4559/4859/724 4571/4872/724 4572/4873/724 4560/4860/724
f 4560/4860/725 4572/4873/725 4573/4874/725 4561/4861/725
f 4561/4861/726 4573/4874/726 4574/4875/726 4562/4862/726
f 4562/4862/727 4574/4875/727 4563/4863/727 4551/4850/727
f 4563/4863/728 4575/4876/728 4576/4877/728 4564/4864/728
f 4564/4864/729 4576/4877/729 4577/4878/729 4565/4865/729
f 4565/4865/730 4577/4878/730 4578/4879/730 4566/4866/730
f 4566/4866/731 4578/4879/731 4579/4880/731 4567/4867/731
f 4567/4867/732 4579/4880/732 4580/4881/732 4568/4868/732
f 4568/4868/733 4580/4881/733 4581/4882/733 4569/4869/733
f 4569/4870/734 4581/4883/734 4582/4884/734 4570/4871/734
f 4570/4871/735 4582/4884/735 4583/4885/735 4571/4872/735
f 4571/4872/736 4583/4885/736 4584/4886/736 4572/4873/736
f 4572/4873/737 4584/4886/737 4585/4887/737 4573/4874/737
f 4573/4874/738 4585/4887/738 4586/4888/738 4574/4875/738
f 4574/4875/739 4586/4888/739 4575/4876/739 4563/4863/739
f 4575/4876/740 4587/4889/740 4588/4890/740 4576/4877/740
f 4576/4877/741 4588/4890/741 4589/4891/741 4577/4878/741
f 4577/4878/742 4589/4891/742 4590/4892/742 4578/4879/742
f 4578/4879/743 4590/4892/743 4591/4893/743 4579/4880/743
f 4579/4880/744 4591/4893/744 4592/4894/744 4580/4881/744
f 4580/4881/745 4592/4894/745 4593/4895/745 4581/4882/745
f 4581/4883/746 4593/4896/746 4594/4897/746 4582/4884/746
f 4582/4884/747 4594/4897/747 4595/4898/747 4583/4885/747
f 4583/4885/748 4595/4898/748 4596/4899/748 4584/4886/748
f 4584/4886/749 4596/4899/749 4597/4900/749 4585/4887/749
f 4585/4887/750 4597/4900/750 4598/4901/750 4586/4888/750
f 4586/4888/751 4598/4901/751 4587/4889/751 4575/4876/751
f 4587/4889/752 4599/4902/752 4600/4903/752 4588/4890/752
f 4588/4890/753 4600/4903/753 4601/4904/753 4589/4891/753
f 4589/4891/754 4601/4904/754 4602/4905/754 4590/4892/754
f 4590/4892/755 4602/4905/755 4603/4906/755 4591/4893/755
f 4591/4893/756 4603/4906/756 4604/4907/756 4592/4894/756
f 4592/4894/757 4604/4907/757 4605/4908/757 4593/4895/757
f 4593/4896/758 4605/4909/758 4606/4910/758 4594/4897/758
f 4594/4897/759 4606/4910/759 4607/4911/759 4595/4898/759
f 4595/4898/760 4607/4911/760 4608/4912/760 4596/4899/760
f 4596/4899/761 4608/4912/761 4609/4913/761 4597/4900/761
f 4597/4900/762 4609/4913/762 4610/4914/762 4598/4901/762
f 4598/4901/763 4610/4914/763 4599/4902/763 4587/4889/763
f 4599/4902/764 4611/4915/764 4612/4916/764 4600/4903/764
f 4600/4903/765 4612/4916/765 4613/4917/765 4601/4904/765
f 4601/4904/766 4613/4917/766 4614/4918/766 4602/4905/766
f 4602/4905/767 4614/4918/767 4615/4919/767 4603/4906/767
f 4603/4906/768 4615/4919/768 4616/4920/768 4604/4907/768
f 4604/4907/769 4616/4920/769 4617/4921/769 4605/4908/769
f 4605/4909/770 4617/4922/770 4618/4923/770 4606/4910/770
f 4606/4910/771 4618/4923/771 4619/4924/771 4607/4911/771
f 4607/4911/772 4619/4924/772 4620/4925/772 4608/4912/772
f 4608/4912/773 4620/4925/773 4621/4926/773 4609/4913/773
f 4609/4913/774 4621/4926/774 4622/4927/774 4610/4914/774
f 4610/4914/775 4622/4927/775 4611/4915/775 4599/4902/775
f 4611/4915/776 4623/4928/776 4624/4929/776 4612/4916/776
f 4612/4916/777 4624/4929/777 4625/4930/777 4613/4917/777
f 4613/4917/778 4625/4930/778 4626/4931/778 4614/4918/778
f 4614/4918/779 4626/4931/779 4627/4932/779 4615/4919/779
f 4615/4919/780 4627/4932/780 4628/4933/780 4616/4920/780
f 4616/4920/781 4628/4933/781 4629/4934/781 4617/4921/781
f 4617/4922/782 4629/4935/782 4630/4936/782 4618/4923/782
f 4618/4923/783 4630/4936/783 4631/4937/783 4619/4924/783
f 4619/4924/784 4631/4937/784 4632/4938/784 4620/4925/784
f 4620/4925/785 4632/4938/785 4633/4939/785 4621/4926/785
f 4621/4926/786 4633/4939/786 4634/4940/786 4622/4927/786
f 4622/4927/787 4634/4940/787 4623/4928/787 4611/4915/787
f 4623/4928/788 4635/4941/788 4636/4942/788 4624/4929/788
f 4624/4929/789 4636/4942/789 4637/4943/789 4625/4930/789
f 4625/4930/790 4637/4943/790 4638/4944/790 4626/4931/790
f 4626/4931/791 4638/4944/791 4639/4945/791 4627/4932/791
f 4627/4932/792 4639/4945/792 4640/4946/792 4628/4933/792
f 4628/4933/793 4640/4946/793 4641/4947/793 4629/4934/793
f 4629/4935/794 4641/4948/794 4642/4949/794 4630/4936/794
f 4630/4936/795 4642/4949/795 4643/4950/795 4631/4937/795
f 4631/4937/796 4643/4950/796 4644/4951/796 4632/4938/796
f 4632/4938/797 4644/4951/797 4645/4952/797 4633/4939/797
f 4633/4939/798 4645/4952/798 4646/4953/798 4634/4940/798
f 4634/4940/799 4646/4953/799 4635/4941/799 4623/4928/799
f 4635/4941/800 4647/4954/800 4648/4955/800 4636/4942/800
f 4636/4942/801 4648/4955/801 4649/4956/801 4637/4943/801
f 4637/4943/802 4649/4956/802 4650/4957/802 4638/4944/802
f 4638/4944/803 4650/4957/803 4651/4958/803 4639/4945/803
f 4639/4945/804 4651/4958/804 4652/4959/804 4640/4946/804
f 4640/4946/805 4652/4959/805 4653/4960/805 4641/4947/805
f 4641/4948/806 4653/4961/806 4654/4962/806 4642/4949/806
f 4642/4949/807 4654/4962/807 4655/4963/807 4643/4950/807
f 4643/4950/808 4655/4963/808 4656/4964/808 4644/4951/808
f 4644/4951/809 4656/4964/809 4657/4965/809 4645/4952/809
f 4645/4952/810 4657/4965/810 4658/4966/810 4646/4953/810
f 4646/4953/811 4658/4966/811 4647/4954/811 4635/4941/811
f 4647/4954/812 4659/4967/812 4660/4968/812 4648/4955/812
f 4648/4955/813 4660/4968/813 4661/4969/813 4649/4956/813
f 4649/4956/814 4661/4969/814 4662/4970/814 4650/4957/814
f 4650/4957/815 4662/4970/815 4663/4971/815 4651/4958/815
f 4651/4958/816 4663/4971/816 4664/4972/816 4652/4959/816
f 4652/4959/817 4664/4972/817 4665/4973/817 4653/4960/817
f 4653/4961/818 4665/4974/818 4666/4975/818 4654/4962/818
f 4654/4962/819 4666/4975/819 4667/4976/819 4655/4963/819
f 4655/4963/820 4667/4976/820 4668/4977/820 4656/4964/820
f 4656/4964/821 4668/4977/821 4669/4978/821 4657/4965/821
f 4657/4965/822 4669/4978/822 4670/4979/822 4658/4966/822
f 4658/4966/823 4670/4979/823 4659/4967/823 4647/4954/823
f 4659/4967/824 4671/4980/824 4672/4981/824 4660/4968/824
f 4660/4968/825 4672/4981/825 4673/4982/825 4661/4969/825
f 4661/4969/826 4673/4982/826 4674/4983/826 4662/4970/826
f 4662/4970/827 4674/4983/827 4675/4984/827 4663/4971/827
f 4663/4971/828 4675/4984/828 4676/4985/828 4664/4972/828
f 4664/4972/829 4676/4985/829 4677/4986/829 4665/4973/829
f 4665/4974/830 4677/4987/830 4678/4988/830 4666/4975/830
f 4666/4975/831 4678/4988/831 4679/4989/831 4667/4976/831
f 4667/4976/832 4679/4989/832 4680/4990/832 4668/4977/832
f 4668/4977/833 4680/4990/833 4681/4991/833 4669/4978/833
f 4669/4978/834 4681/4991/834 4682/4992/834 4670/4979/834
f 4670/4979/835 4682/4992/835 4671/4980/835 4659/4967/835
f 4671/4980/836 4683/4993/836 4684/4994/836 4672/4981/836
f 4672/4981/837 4684/4994/837 4685/4995/837 4673/4982/837
f 4673/4982/838 4685/4995/838 4686/4996/838 4674/4983/838
f 4674/4983/839 4686/4996/839 4687/4997/839 4675/4984/839
f 4675/4984/840 4687/4997/840 4688/4998/840 4676/4985/840
f 4676/4985/841 4688/4998/841 4689/4999/841 4677/4986/841
f 4677/4987/842 4689/5000/842 4690/5001/842 4678/4988/842
f 4678/4988/843 4690/5001/843 4691/5002/843 4679/4989/843
f 4679/4989/844 4691/5002/844 4692/5003/844 4680/4990/844
f 4680/4990/845 4692/5003/845 4693/5004/845 4681/4991/845
f 4681/4991/846 4693/5004/846 4694/5005/846 4682/4992/846
f 4682/4992/847 4694/5005/847 4683/4993/847 4671/4980/847
f 4683/4993/848 4695/5006/848 4696/5007/848 4684/4994/848
f 4684/4994/849 4696/5007/849 4697/5008/849 4685/4995/849
f 4685/4995/850 4697/5008/850 4698/5009/850 4686/4996/850
f 4686/4996/851 4698/5009/851 4699/5010/851 4687/4997/851
f 4687/4997/852 4699/5010/852 4700/5011/852 4688/4998/852
f 4688/4998/853 4700/5011/853 4701/5012/853 4689/4999/853
f 4689/5000/854 4701/5013/854 4702/5014/854 4690/5001/854
f 4690/5001/855 4702/5014/855 4703/5015/855 4691/5002/855
f 4691/5002/856 4703/5015/856 4704/5016/856 4692/5003/856
f 4692/5003/857 4704/5016/857 4705/5017/857 4693/5004/857
f 4693/5004/858 4705/5017/858 4706/5018/858 4694/5005/858
f 4694/5005/859 4706/5018/859 4695/5006/859 4683/4993/859
f 4695/5019/577 4707/5020/577 4708/5021/577 4696/5022/577
f 4696/5022/576 4708/5021/576 4709/5023/576 4697/5024/576
f 4697/5024/575 4709/5023/575 4710/5025/575 4698/5026/575
f 4698/5026/574 4710/5025/574 4711/5027/574 4699/5028/574
f 4699/5028/860 4711/5027/860 4712/5029/860 4700/5030/860
f 4700/5030/572 4712/5029/572 4713/5031/572 4701/5032/572
f 4701/5033/583 4713/5034/583 4714/5035/583 4702/5036/583
f 4702/5036/861 4714/5035/861 4715/5037/861 4703/5038/861
f 4703/5038/581 4715/5037/581 4716/5039/581 4704/5040/581
f 4704/5040/580 4716/5039/580 4717/5041/580 4705/5042/580
f 4705/5042/579 4717/5041/579 4718/5043/579 4706/5044/579
f 4706/5044/578 4718/5043/578 4707/5020/578 4695/5019/578
f 4707/5020/589 4719/5045/589 4720/5046/589 4708/5021/589
f 4708/5021/862 4720/5046/862 4721/5047/862 4709/5023/862
f 4709/5023/587 4721/5047/587 4722/5048/587 4710/5025/587
f 4710/5025/586 4722/5048/586 4723/5049/586 4711/5027/586
f 4711/5027/585 4723/5049/585 4724/5050/585 4712/5029/585
f 4712/5029/584 4724/5050/584 4725/5051/584 4713/5031/584
f 4713/5034/595 4725/5052/595 4726/5053/595 4714/5035/595
f 4714/5035/863 4726/5053/863 4727/5054/863 4715/5037/863
f 4715/5037/593 4727/5054/593 4728/5055/593 4716/5039/593
f 4716/5039/592 4728/5055/592 4729/5056/592 4717/5041/592
f 4717/5041/591 4729/5056/591 4730/5057/591 4718/5043/591
f 4718/5043/590 4730/5057/590 4719/5045/590 4707/5020/590
f 4719/5045/601 4731/5058/601 4732/5059/601 4720/5046/601
f 4720/5046/600 4732/5059/600 4733/5060/600 4721/5047/600
f 4721/5047/599 4733/5060/599 4734/5061/599 4722/5048/599
f 4722/5048/598 4734/5061/598 4735/5062/598 4723/5049/598
f 4723/5049/864 4735/5062/864 4736/5063/864 4724/5050/864
f 4724/5050/596 4736/5063/596 4737/5064/596 4725/5051/596
f 4725/5052/607 4737/5065/607 4738/5066/607 4726/5053/607
f 4726/5053/865 4738/5066/865 4739/5067/865 4727/5054/865
f 4727/5054/605 4739/5067/605 4740/5068/605 4728/5055/605
f 4728/5055/604 4740/5068/604 4741/5069/604 4729/5056/604
f 4729/5056/866 4741/5069/866 4742/5070/866 4730/5057/866
f 4730/5057/602 4742/5070/602 4731/5058/602 4719/5045/602
f 4731/5058/613 4743/5071/613 4744/5072/613 4732/5059/613
f 4732/5059/612 4744/5072/612 4745/5073/612 4733/5060/612
f 4733/5060/611 4745/5073/611 4746/5074/611 4734/5061/611
f 4734/5061/610 4746/5074/610 4747/5075/610 4735/5062/610
f 4735/5062/867 4747/5075/867 4748/5076/867 4736/5063/867
f 4736/5063/608 4748/5076/608 4749/5077/608 4737/5064/608
f 4737/5065/619 4749/5078/619 4750/5079/619 4738/5066/619
f 4738/5066/618 4750/5079/618 4751/5080/618 4739/5067/618
f 4739/5067/617 4751/5080/617 4752/5081/617 4740/5068/617
f 4740/5068/616 4752/5081/616 4753/5082/616 4741/5069/616
f 4741/5069/868 4753/5082/868 4754/5083/868 4742/5070/868
f 4742/5070/614 4754/5083/614 4743/5071/614 4731/5058/614
f 4743/5071/625 4755/5084/625 4756/5085/625 4744/5072/625
f 4744/5072/869 4756/5085/869 4757/5086/869 4745/5073/869
f 4745/5073/623 4757/5086/623 4758/5087/623 4746/5074/623
f 4746/5074/622 4758/5087/622 4759/5088/622 4747/5075/622
f 4747/5075/870 4759/5088/870 4760/5089/870 4748/5076/870
f 4748/5076/620 4760/5089/620 4761/5090/620 4749/5077/620
f 4749/5078/631 4761/5091/631 4762/5092/631 4750/5079/631
f 4750/5079/871 4762/5092/871 4763/5093/871 4751/5080/871
f 4751/5080/629 4763/5093/629 4764/5094/629 4752/5081/629
f 4752/5081/628 4764/5094/628 4765/5095/628 4753/5082/628
f 4753/5082/872 4765/5095/872 4766/5096/872 4754/5083/872
f 4754/5083/626 4766/5096/626 4755/5084/626 4743/5071/626
f 4755/5084/637 4767/5097/637 4768/5098/637 4756/5085/637
f 4756/5085/873 4768/5098/873 4769/5099/873 4757/5086/873
f 4757/5086/635 4769/5099/635 4770/5100/635 4758/5087/635
f 4758/5087/634 4770/5100/634 4771/5101/634 4759/5088/634
f 4759/5088/874 4771/5101/874 4772/5102/874 4760/5089/874
f 4760/5089/632 4772/5102/632 4773/5103/632 4761/5090/632
f 4761/5091/643 4773/5104/643 4774/5105/643 4762/5092/643
f 4762/5092/875 4774/5105/875 4775/5106/875 4763/5093/875
f 4763/5093/641 4775/5106/641 4776/5107/641 4764/5094/641
f 4764/5094/640 4776/5107/640 4777/5108/640 4765/5095/640
f 4765/5095/876 4777/5108/876 4778/5109/876 4766/5096/876
f 4766/5096/638 4778/5109/638 4767/5097/638 4755/5084/638
f 4767/5097/649 4779/5110/649 4780/5111/649 4768/5098/649
f 4768/5098/877 4780/5111/877 4781/5112/877 4769/5099/877
f 4769/5099/647 4781/5112/647 4782/5113/647 4770/5100/647
f 4770/5100/646 4782/5113/646 4783/5114/646 4771/5101/646
f 4771/5101/878 4783/5114/878 4784/5115/878 4772/5102/878
f 4772/5102/644 4784/5115/644 4785/5116/644 4773/5103/644
f 4773/5104/655 4785/5117/655 4786/5118/655 4774/5105/655
f 4774/5105/879 4786/5118/879 4787/5119/879 4775/5106/879
f 4775/5106/653 4787/5119/653 4788/5120/653 4776/5107/653
f 4776/5107/652 4788/5120/652 4789/5121/652 4777/5108/652
f 4777/5108/880 4789/5121/880 4790/5122/880 4778/5109/880
f 4778/5109/650 4790/5122/650 4779/5110/650 4767/5097/650
f 4779/5110/661 4791/5123/661 4792/5124/661 4780/5111/661
f 4780/5111/660 4792/5124/660 4793/5125/660 4781/5112/660
f 4781/5112/659 4793/5125/659 4794/5126/659 4782/5113/659
f 4782/5113/658 4794/5126/658 4795/5127/658 4783/5114/658
f 4783/5114/881 4795/5127/881 4796/5128/881 4784/5115/881
f 4784/5115/656 4796/5128/656 4797/5129/656 4785/5116/656
f 4785/5117/667 4797/5130/667 4798/5131/667 4786/5118/667
f 4786/5118/882 4798/5131/882 4799/5132/882 4787/5119/882
f 4787/5119/665 4799/5132/665 4800/5133/665 4788/5120/665
f 4788/5120/664 4800/5133/664 4801/5134/664 4789/5121/664
f 4789/5121/883 4801/5134/883 4802/5135/883 4790/5122/883
f 4790/5122/662 4802/5135/662 4791/5123/662 4779/5110/662
f 4791/5123/673 4803/5136/673 4804/5137/673 4792/5124/673
f 4792/5124/884 4804/5137/884 4805/5138/884 4793/5125/884
f 4793/5125/671 4805/5138/671 4806/5139/671 4794/5126/671
f 4794/5126/670 4806/5139/670 4807/5140/670 4795/5127/670
f 4795/5127/885 4807/5140/885 4808/5141/885 4796/5128/885
f 4796/5128/668 4808/5141/668 4809/5142/668 4797/5129/668
f 4797/5130/679 4809/5143/679 4810/5144/679 4798/5131/679
f 4798/5131/886 4810/5144/886 4811/5145/886 4799/5132/886
f 4799/5132/677 4811/5145/677 4812/5146/677 4800/5133/677
f 4800/5133/676 4812/5146/676 4813/5147/676 4801/5134/676
f 4801/5134/887 4813/5147/887 4814/5148/887 4802/5135/887
f 4802/5135/674 4814/5148/674 4803/5136/674 4791/5123/674
f 4803/5136/685 4815/5149/685 4816/5150/685 4804/5137/685
f 4804/5137/684 4816/5150/684 4817/5151/684 4805/5138/684
f 4805/5138/683 4817/5151/683 4818/5152/683 4806/5139/683
f 4806/5139/682 4818/5152/682 4819/5153/682 4807/5140/682
f 4807/5140/681 4819/5153/681 4820/5154/681 4808/5141/681
f 4808/5141/680 4820/5154/680 4821/5155/680 4809/5142/680
f 4809/5143/691 4821/5156/691 4822/5157/691 4810/5144/691
f 4810/5144/690 4822/5157/690 4823/5158/690 4811/5145/690
f 4811/5145/689 4823/5158/689 4824/5159/689 4812/5146/689
f 4812/5146/688 4824/5159/688 4825/5160/688 4813/5147/688
f 4813/5147/687 4825/5160/687 4826/5161/687 4814/5148/687
f 4814/5148/686 4826/5161/686 4815/5149/686 4803/5136/686
f 4815/5149/697 4827/5162/697 4828/5163/697 4816/5150/697
f 4816/5150/888 4828/5163/888 4829/5164/888 4817/5151/888
f 4817/5151/695 4829/5164/695 4830/5165/695 4818/5152/695
f 4818/5152/694 4830/5165/694 4831/5166/694 4819/5153/694
f 4819/5153/693 4831/5166/693 4832/5167/693 4820/5154/693
f 4820/5154/692 4832/5167/692 4833/5168/692 4821/5155/692
f 4821/5156/703 4833/5169/703 4834/5170/703 4822/5157/703
f 4822/5157/889 4834/5170/889 4835/5171/889 4823/5158/889
f 4823/5158/890 4835/5171/890 4836/5172/890 4824/5159/890
f 4824/5159/700 4836/5172/700 4837/5173/700 4825/5160/700
f 4825/5160/891 4837/5173/891 4838/5174/891 4826/5161/891
f 4826/5161/698 4838/5174/698 4827/5162/698 4815/5149/698
f 4827/5162/709 4839/5175/709 4840/5176/709 4828/5163/709
f 4828/5163/892 4840/5176/892 4841/5177/892 4829/5164/892
f 4829/5164/707 4841/5177/707 4842/5178/707 4830/5165/707
f 4830/5165/706 4842/5178/706 4843/5179/706 4831/5166/706
f 4831/5166/893 4843/5179/893 4844/5180/893 4832/5167/893
f 4832/5167/704 4844/5180/704 4845/5181/704 4833/5168/704
f 4833/5169/715 4845/5182/715 4846/5183/715 4834/5170/715
f 4834/5170/894 4846/5183/894 4847/5184/894 4835/5171/894
f 4835/5171/713 4847/5184/713 4848/5185/713 4836/5172/713
f 4836/5172/712 4848/5185/712 4849/5186/712 4837/5173/712
f 4837/5173/711 4849/5186/711 4850/5187/711 4838/5174/711
f 4838/5174/710 4850/5187/710 4839/5175/710 4827/5162/710
f 4839/5175/721 4851/5188/721 4852/5189/721 4840/5176/721
f 4840/5176/895 4852/5189/895 4853/5190/895 4841/5177/895
f 4841/5177/719 4853/5190/719 4854/5191/719 4842/5178/719
f 4842/5178/718 4854/5191/718 4855/5192/718 4843/5179/718
f 4843/5179/717 4855/5192/717 4856/5193/717 4844/5180/717
f 4844/5180/716 4856/5193/716 4857/5194/716 4845/5181/716
f 4845/5182/727 4857/5195/727 4858/5196/727 4846/5183/727
f 4846/5183/726 4858/5196/726 4859/5197/726 4847/5184/726
f 4847/5184/725 4859/5197/725 4860/5198/725 4848/5185/725
f 4848/5185/724 4860/5198/724 4861/5199/724 4849/5186/724
f 4849/5186/723 4861/5199/723 4862/5200/723 4850/5187/723
f 4850/5187/722 4862/5200/722 4851/5188/722 4839/5175/722
f 4851/5188/733 4863/5201/733 4864/5202/733 4852/5189/733
f 4852/5189/896 4864/5202/896 4865/5203/896 4853/5190/896
f 4853/5190/731 4865/5203/731 4866/5204/731 4854/5191/731
f 4854/5191/730 4866/5204/730 4867/5205/730 4855/5192/730
f 4855/5192/897 4867/5205/897 4868/5206/897 4856/5193/897
f 4856/5193/728 4868/5206/728 4869/5207/728 4857/5194/728
f 4857/5195/739 4869/5208/739 4870/5209/739 4858/5196/739
f 4858/5196/738 4870/5209/738 4871/5210/738 4859/5197/738
f 4859/5197/737 4871/5210/737 4872/5211/737 4860/5198/737
f 4860/5198/736 4872/5211/736 4873/5212/736 4861/5199/736
f 4861/5199/735 4873/5212/735 4874/5213/735 4862/5200/735
f 4862/5200/734 4874/5213/734 4863/5201/734 4851/5188/734
f 4863/5201/745 4875/5214/745 4876/5215/745 4864/5202/745
f 4864/5202/744 4876/5215/744 4877/5216/744 4865/5203/744
f 4865/5203/743 4877/5216/743 4878/5217/743 4866/5204/743
f 4866/5204/742 4878/5217/742 4879/5218/742 4867/5205/742
f 4867/5205/898 4879/5218/898 4880/5219/898 4868/5206/898
f 4868/5206/740 4880/5219/740 4881/5220/740 4869/5207/740
f 4869/5208/751 4881/5221/751 4882/5222/751 4870/5209/751
f 4870/5209/750 4882/5222/750 4883/5223/750 4871/5210/750
f 4871/5210/749 4883/5223/749 4884/5224/749 4872/5211/749
f 4872/5211/748 4884/5224/748 4885/5225/748 4873/5212/748
f 4873/5212/899 4885/5225/899 4886/5226/899 4874/5213/899
f 4874/5213/746 4886/5226/746 4875/5214/746 4863/5201/746
f 4875/5214/757 4887/5227/757 4888/5228/757 4876/5215/757
f 4876/5215/756 4888/5228/756 4889/5229/756 4877/5216/756
f 4877/5216/755 4889/5229/755 4890/5230/755 4878/5217/755
f 4878/5217/754 4890/5230/754 4891/5231/754 4879/5218/754
f 4879/5218/753 4891/5231/753 4892/5232/753 4880/5219/753
f 4880/5219/752 4892/5232/752 4893/5233/752 4881/5220/752
f 4881/5221/763 4893/5234/763 4894/5235/763 4882/5222/763
f 4882/5222/762 4894/5235/762 4895/5236/762 4883/5223/762
f 4883/5223/761 4895/5236/761 4896/5237/761 4884/5224/761
f 4884/5224/760 4896/5237/760 4897/5238/760 4885/5225/760
f 4885/5225/900 4897/5238/900 4898/5239/900 4886/5226/900
f 4886/5226/758 4898/5239/758 4887/5227/758 4875/5214/758
f 4887/5227/769 4899/5240/769 4900/5241/769 4888/5228/769
f 4888/5228/901 4900/5241/901 4901/5242/901 4889/5229/901
f 4889/5229/767 4901/5242/767 4902/5243/767 4890/5230/767
f 4890/5230/766 4902/5243/766 4903/5244/766 4891/5231/766
f 4891/5231/765 4903/5244/765 4904/5245/765 4892/5232/765
f 4892/5232/764 4904/5245/764 4905/5246/764 4893/5233/764
f 4893/5234/775 4905/5247/775 4906/5248/775 4894/5235/775
f 4894/5235/774 4906/5248/774 4907/5249/774 4895/5236/774
f 4895/5236/773 4907/5249/773 4908/5250/773 4896/5237/773
f 4896/5237/772 4908/5250/772 4909/5251/772 4897/5238/772
f 4897/5238/902 4909/5251/902 4910/5252/902 4898/5239/902
f 4898/5239/770 4910/5252/770 4899/5240/770 4887/5227/770
f 4899/5240/781 4911/5253/781 4912/5254/781 4900/5241/781
f 4900/5241/780 4912/5254/780 4913/5255/780 4901/5242/780
f 4901/5242/779 4913/5255/779 4914/5256/779 4902/5243/779
f 4902/5243/778 4914/5256/778 4915/5257/778 4903/5244/778
f 4903/5244/777 4915/5257/777 4916/5258/777 4904/5245/777
f 4904/5245/776 4916/5258/776 4917/5259/776 4905/5246/776
f 4905/5247/787 4917/5260/787 4918/5261/787 4906/5248/787
f 4906/5248/903 4918/5261/903 4919/5262/903 4907/5249/903
f 4907/5249/785 4919/5262/785 4920/5263/785 4908/5250/785
f 4908/5250/784 4920/5263/784 4921/5264/784 4909/5251/784
f 4909/5251/783 4921/5264/783 4922/5265/783 4910/5252/783
f 4910/5252/782 4922/5265/782 4911/5253/782 4899/5240/782
f 4911/5253/793 4923/5266/793 4924/5267/793 4912/5254/793
f 4912/5254/904 4924/5267/904 4925/5268/904 4913/5255/904
f 4913/5255/791 4925/5268/791 4926/5269/791 4914/5256/791
f 4914/5256/790 4926/5269/790 4927/5270/790 4915/5257/790
f 4915/5257/905 4927/5270/905 4928/5271/905 4916/5258/905
f 4916/5258/788 4928/5271/788 4929/5272/788 4917/5259/788
f 4917/5260/799 4929/5273/799 4930/5274/799 4918/5261/799
f 4918/5261/906 4930/5274/906 4931/5275/906 4919/5262/906
f 4919/5262/797 4931/5275/797 4932/5276/797 4920/5263/797
f 4920/5263/796 4932/5276/796 4933/5277/796 4921/5264/796
f 4921/5264/795 4933/5277/795 4934/5278/795 4922/5265/795
f 4922/5265/794 4934/5278/794 4923/5266/794 4911/5253/794
f 4923/5266/805 4935/5279/805 4936/5280/805 4924/5267/805
f 4924/5267/907 4936/5280/907 4937/5281/907 4925/5268/907
f 4925/5268/803 4937/5281/803 4938/5282/803 4926/5269/803
f 4926/5269/802 4938/5282/802 4939/5283/802 4927/5270/802
f 4927/5270/908 4939/5283/908 4940/5284/908 4928/5271/908
f 4928/5271/800 4940/5284/800 4941/5285/800 4929/5272/800
f 4929/5273/811 4941/5286/811 4942/5287/811 4930/5274/811
f 4930/5274/909 4942/5287/909 4943/5288/909 4931/5275/909
f 4931/5275/809 4943/5288/809 4944/5289/809 4932/5276/809
f 4932/5276/808 4944/5289/808 4945/5290/808 4933/5277/808
f 4933/5277/910 4945/5290/910 4946/5291/910 4934/5278/910
f 4934/5278/806 4946/5291/806 4935/5279/806 4923/5266/806
f 4935/5279/817 4947/5292/817 4948/5293/817 4936/5280/817
f 4936/5280/911 4948/5293/911 4949/5294/911 4937/5281/911
f 4937/5281/815 4949/5294/815 4950/5295/815 4938/5282/815
f 4938/5282/814 4950/5295/814 4951/5296/814 4939/5283/814
f 4939/5283/912 4951/5296/912 4952/5297/912 4940/5284/912
f 4940/5284/812 4952/5297/812 4953/5298/812 4941/5285/812
f 4941/5286/823 4953/5299/823 4954/5300/823 4942/5287/823
f 4942/5287/913 4954/5300/913 4955/5301/913 4943/5288/913
f 4943/5288/821 4955/5301/821 4956/5302/821 4944/5289/821
f 4944/5289/820 4956/5302/820 4957/5303/820 4945/5290/820
f 4945/5290/819 4957/5303/819 4958/5304/819 4946/5291/819
f 4946/5291/818 4958/5304/818 4947/5292/818 4935/5279/818
f 4947/5292/829 4959/5305/829 4960/5306/829 4948/5293/829
f 4948/5293/914 4960/5306/914 4961/5307/914 4949/5294/914
f 4949/5294/827 4961/5307/827 4962/5308/827 4950/5295/827
f 4950/5295/826 4962/5308/826 4963/5309/826 4951/5296/826
f 4951/5296/915 4963/5309/915 4964/5310/915 4952/5297/915
f 4952/5297/824 4964/5310/824 4965/5311/824 4953/5298/824
f 4953/5299/835 4965/5312/835 4966/5313/835 4954/5300/835
f 4954/5300/834 4966/5313/834 4967/5314/834 4955/5301/834
f 4955/5301/833 4967/5314/833 4968/5315/833 4956/5302/833
f 4956/5302/832 4968/5315/832 4969/5316/832 4957/5303/832
f 4957/5303/831 4969/5316/831 4970/5317/831 4958/5304/831
f 4958/5304/830 4970/5317/830 4959/5305/830 4947/5292/830
f 4959/5305/841 4971/5318/841 4972/5319/841 4960/5306/841
f 4960/5306/916 4972/5319/916 4973/5320/916 4961/5307/916
f 4961/5307/839 4973/5320/839 4974/5321/839 4962/5308/839
f 4962/5308/838 4974/5321/838 4975/5322/838 4963/5309/838
f 4963/5309/917 4975/5322/917 4976/5323/917 4964/5310/917
f 4964/5310/836 4976/5323/836 4977/5324/836 4965/5311/836
f 4965/5312/847 4977/5325/847 4978/5326/847 4966/5313/847
f 4966/5313/918 4978/5326/918 4979/5327/918 4967/5314/918
f 4967/5314/845 4979/5327/845 4980/5328/845 4968/5315/845
f 4968/5315/844 4980/5328/844 4981/5329/844 4969/5316/844
f 4969/5316/919 4981/5329/919 4982/5330/919 4970/5317/919
f 4970/5317/842 4982/5330/842 4971/5318/842 4959/5305/842
f 4971/5318/853 4407/4694/853 4408/4697/853 4972/5319/853
f 4972/5319/920 4408/4697/920 4409/4699/920 4973/5320/920
f 4973/5320/851 4409/4699/851 4410/4701/851 4974/5321/851
f 4974/5321/850 4410/4701/850 4411/4703/850 4975/5322/850
f 4975/5322/921 4411/4703/921 4412/4705/921 4976/5323/921
f 4976/5323/848 4412/4705/848 4413/4707/848 4977/5324/848
f 4977/5325/859 4413/4708/859 4414/4711/859 4978/5326/859
f 4978/5326/922 4414/4711/922 4415/4713/922 4979/5327/922
f 4979/5327/857 4415/4713/857 4416/4715/857 4980/5328/857
f 4980/5328/856 4416/4715/856 4417/4717/856 4981/5329/856
f 4981/5329/855 4417/4717/855 4418/4719/855 4982/5330/855
f 4982/5330/854 4418/4719/854 4407/4694/854 4971/5318/854
f 4983/5331/923 4996/5332/923 4995/5333/923
f 4984/5334/924 4996/5335/924 4998/5336/924
f 4983/5337/925 4995/5338/925 5000/5339/925
f 4983/5340/926 5000/5341/926 5002/5342/926
f 4983/5343/927 5002/5344/927 4999/5345/927
f 4984/5334/928 4998/5336/928 5005/5346/928
f 4985/5347/929 4997/5348/929 5007/5349/929
f 4986/5350/930 5001/5351/930 5009/5352/930
f 4987/5353/931 5003/5354/931 5011/5355/931
f 4988/5356/932 5004/5357/932 5013/5358/932
f 4984/5334/933 5005/5346/933 5008/5359/933
f 4985/5347/934 5007/5349/934 5010/5360/934
f 4986/5350/935 5009/5352/935 5012/5361/935
f 4987/5353/936 5011/5355/936 5014/5362/936
f 4988/5356/937 5013/5358/937 5006/5363/937
f 4989/5364/938 5015/5365/938 5020/5366/938
f 4990/5367/939 5016/5368/939 5022/5369/939
f 4991/5370/940 5017/5371/940 5023/5372/940
f 4992/5373/941 5018/5374/941 5024/5375/941
f 4993/5376/942 5019/5377/942 5021/5378/942
f 5021/5378/943 5024/5379/943 4994/5380/943
f 5021/5378/944 5019/5377/944 5024/5379/944
f 5019/5377/945 4992/5373/945 5024/5379/945
f 5024/5375/946 5023/5381/946 4994/5382/946
f 5024/5375/947 5018/5374/947 5023/5381/947
f 5018/5374/948 4991/5370/948 5023/5381/948
f 5023/5372/949 5022/5383/949 4994/5384/949
f 5023/5372/950 5017/5371/950 5022/5383/950
f 5017/5371/951 4990/5385/951 5022/5383/951
f 5022/5369/952 5020/5386/952 4994/5387/952
f 5022/5369/953 5016/5368/953 5020/5386/953
f 5016/5368/954 4989/5364/954 5020/5386/954
f 5020/5366/955 5021/5388/955 4994/5389/955
f 5020/5366/956 5015/5365/956 5021/5388/956
f 5015/5365/957 4993/5376/957 5021/5388/957
f 5006/5363/958 5019/5377/958 4993/5376/958
f 5006/5363/959 5013/5358/959 5019/5377/959
f 5013/5358/960 4992/5373/960 5019/5377/960
f 5014/5362/961 5018/5374/961 4992/5373/961
f 5014/5362/962 5011/5355/962 5018/5374/962
f 5011/5355/963 4991/5370/963 5018/5374/963
f 5012/5361/964 5017/5371/964 4991/5370/964
f 5012/5361/965 5009/5352/965 5017/5371/965
f 5009/5352/966 4990/5385/966 5017/5371/966
f 5010/5360/967 5016/5368/967 4990/5367/967
f 5010/5360/968 5007/5349/968 5016/5368/968
f 5007/5349/969 4989/5364/969 5016/5368/969
f 5008/5359/970 5015/5365/970 4989/5364/970
f 5008/5359/971 5005/5346/971 5015/5365/971
f 5005/5346/972 4993/5376/972 5015/5365/972
f 5013/5358/973 5014/5362/973 4992/5373/973
f 5013/5358/974 5004/5357/974 5014/5362/974
f 5004/5357/975 4987/5353/975 5014/5362/975
f 5011/5355/976 5012/5361/976 4991/5370/976
f 5011/5355/977 5003/5354/977 5012/5361/977
f 5003/5354/978 4986/5350/978 5012/5361/978
f 5009/5352/979 5010/5390/979 4990/5385/979
f 5009/5352/980 5001/5351/980 5010/5390/980
f 5001/5351/981 4985/5391/981 5010/5390/981
f 5007/5349/982 5008/5359/982 4989/5364/982
f 5007/5349/983 4997/5348/983 5008/5359/983
f 4997/5348/984 4984/5334/984 5008/5359/984
f 5005/5346/985 5006/5363/985 4993/5376/985
f 5005/5346/986 4998/5336/986 5006/5363/986
f 4998/5336/987 4988/5356/987 5006/5363/987
f 4999/5345/988 5004/5357/988 4988/5356/988
f 4999/5345/989 5002/5344/989 5004/5357/989
f 5002/5344/990 4987/5353/990 5004/5357/990
f 5002/5342/991 5003/5354/991 4987/5353/991
f 5002/5342/992 5000/5341/992 5003/5354/992
f 5000/5341/993 4986/5350/993 5003/5354/993
f 5000/5339/994 5001/5351/994 4986/5350/994
f 5000/5339/995 4995/5338/995 5001/5351/995
f 4995/5338/996 4985/5391/996 5001/5351/996
f 4998/5336/997 4999/5392/997 4988/5356/997
f 4998/5336/998 4996/5335/998 4999/5392/998
f 4996/5335/999 4983/5393/999 4999/5392/999
f 4995/5333/1000 4997/5348/1000 4985/5347/1000
f 4995/5333/1001 4996/5332/1001 4997/5348/1001
f 4996/5332/1002 4984/5334/1002 4997/5348/1002
f 5025/5394/1003 5026/5395/1003 5040/5396/1003 5037/5397/1003
f 5027/5398/1004 5028/5399/1004 5030/5400/1004 5029/5401/1004
f 5029/5401/1005 5030/5400/1005 5032/5402/1005 5031/5403/1005
f 5032/5404/1006 5034/5405/1006 5044/5406/1006 5041/5407/1006
f 5028/5408/131 5026/5409/131 5036/5410/131 5034/5405/131 5032/5404/131 5030/5411/131
f 5033/5412/1007 5034/5413/1007 5036/5414/1007 5035/5415/1007
f 5035/5415/1008 5036/5414/1008 5026/5395/1008 5025/5394/1008
f 5025/5416/130 5027/5417/130 5029/5418/130 5031/5419/130 5033/5420/130 5035/5421/130
f 5037/5397/1009 5040/5396/1009 5052/5422/1009 5049/5423/1009
f 5027/5417/1010 5025/5416/1010 5037/5424/1010 5038/5425/1010
f 5028/5399/1011 5027/5398/1011 5038/5426/1011 5039/5427/1011
f 5026/5409/1012 5028/5408/1012 5039/5428/1012 5040/5429/1012
f 5044/5430/1013 5043/5431/1013 5047/5432/1013 5048/5433/1013
f 5031/5403/1014 5032/5402/1014 5041/5434/1014 5042/5435/1014
f 5034/5413/1015 5033/5412/1015 5043/5431/1015 5044/5430/1015
f 5033/5420/1016 5031/5419/1016 5042/5436/1016 5043/5437/1016
f 5048/5433/1017 5047/5432/1017 5058/5438/1017 5059/5439/1017
f 5043/5437/1018 5042/5436/1018 5046/5440/1018 5047/5441/1018
f 5048/5442/1019 5045/5443/1019 5088/5444/1019
f 5042/5435/1020 5041/5434/1020 5045/5445/1020 5046/5446/1020
f 5049/5423/1021 5052/5422/1021 5056/5447/1021 5053/5448/1021
f 5038/5425/1022 5037/5424/1022 5049/5449/1022 5050/5450/1022
f 5039/5427/1023 5038/5426/1023 5050/5451/1023 5051/5452/1023
f 5039/5427/1024 5051/5452/1024 5089/5453/1024
f 5053/5448/1025 5056/5447/1025 5060/5454/1025
f 5050/5450/1026 5049/5449/1026 5053/5455/1026
f 5051/5452/1027 5050/5451/1027 5053/5456/1027 5055/5457/1027
f 5052/5458/1028 5051/5459/1028 5055/5460/1028 5056/5461/1028
f 5059/5439/1029 5058/5438/1029 5061/5462/1029
f 5047/5441/1030 5046/5440/1030 5058/5463/1030
f 5045/5443/1031 5048/5442/1031 5059/5464/1031 5057/5465/1031
f 5046/5446/1032 5045/5445/1032 5057/5466/1032 5058/5467/1032
f 5055/5457/1033 5053/5456/1033 5060/5468/1033
f 5056/5461/1034 5055/5460/1034 5060/5469/1034
f 5057/5465/1035 5059/5464/1035 5061/5470/1035
f 5058/5467/1036 5057/5466/1036 5061/5471/1036
f 5053/5456/1037 5060/5468/1037 5062/5472/1037
f 5060/5454/1038 5062/5473/1038 5065/5474/1038 5070/5475/1038
f 5054/5476/1039 5076/5477/1039 5080/5478/1039
f 5077/5479/1040 5061/5462/1040 5084/5480/1040
f 5065/5474/1041 5062/5473/1041 5087/5481/1041
f 5066/5482/1042 5067/5483/1042 5069/5484/1042
f 5053/5448/1043 5060/5454/1043 5073/5485/1043
f 5053/5456/1044 5062/5472/1044 5068/5486/1044 5072/5487/1044
f 5068/5486/1045 5062/5472/1045 5087/5488/1045
f 5067/5483/1046 5062/5489/1046 5060/5468/1046 5069/5484/1046
f 5065/5474/1047 5063/5490/1047 5070/5475/1047
f 5063/5490/1048 5060/5454/1048 5070/5475/1048
f 5060/5468/1049 5066/5482/1049 5069/5484/1049
f 5053/5448/1050 5063/5491/1050 5071/5492/1050
f 5068/5486/1051 5066/5493/1051 5072/5487/1051
f 5064/5494/1052 5062/5495/1052 5053/5448/1052 5071/5492/1052
f 5066/5493/1053 5053/5456/1053 5072/5487/1053
f 5063/5491/1054 5064/5494/1054 5071/5492/1054
f 5063/5491/1055 5053/5448/1055 5073/5485/1055
f 5060/5454/1056 5063/5490/1056 5073/5496/1056
f 5060/5468/1057 5053/5456/1057 5074/5497/1057
f 5053/5456/1058 5066/5493/1058 5074/5498/1058
f 5066/5482/1059 5060/5468/1059 5074/5497/1059
f 5068/5486/1060 5067/5483/1060 5066/5493/1060
f 5065/5474/1061 5064/5494/1061 5063/5490/1061
f 5086/5499/1062 5076/5477/1062 5090/5500/1062
f 5061/5471/1063 5086/5501/1063 5075/5502/1063 5082/5503/1063
f 5061/5462/1064 5077/5479/1064 5083/5504/1064
f 5058/5438/1065 5086/5505/1065 5079/5506/1065 5085/5507/1065
f 5086/5508/1066 5078/5509/1066 5090/5510/1066
f 5076/5477/1067 5086/5499/1067 5058/5467/1067 5080/5478/1067
f 5058/5467/1068 5054/5476/1068 5080/5478/1068
f 5054/5476/1069 5058/5467/1069 5081/5511/1069
f 5058/5467/1070 5061/5471/1070 5081/5511/1070
f 5061/5470/1071 5054/5512/1071 5081/5513/1071
f 5054/5512/1072 5061/5470/1072 5082/5514/1072
f 5075/5502/1073 5054/5515/1073 5082/5503/1073
f 5075/5502/1074 5076/5477/1074 5054/5515/1074
f 5079/5506/1075 5078/5509/1075 5077/5516/1075
f 5078/5509/1076 5086/5508/1076 5061/5462/1076 5083/5504/1076
f 5077/5517/1077 5078/5518/1077 5083/5519/1077
f 5061/5462/1078 5058/5438/1078 5084/5480/1078
f 5058/5463/1079 5077/5520/1079 5084/5521/1079
f 5077/5520/1080 5058/5463/1080 5085/5522/1080
f 5079/5523/1081 5077/5520/1081 5085/5522/1081
f 5061/5471/1082 5058/5467/1082 5086/5501/1082
f 5051/5459/1083 5052/5458/1083 5089/5524/1083
f 5062/5489/1084 5067/5483/1084 5087/5525/1084
f 5067/5483/1085 5068/5486/1085 5087/5525/1085
f 5045/5445/1086 5041/5434/1086 5088/5526/1086
f 5062/5495/1087 5064/5494/1087 5087/5527/1087
f 5064/5494/1088 5065/5474/1088 5087/5527/1088
f 5040/5429/1089 5039/5428/1089 5089/5528/1089
f 5052/5422/1090 5040/5396/1090 5089/5529/1090
f 5041/5407/1091 5044/5406/1091 5088/5530/1091
f 5044/5430/1092 5048/5433/1092 5088/5531/1092
f 5075/5502/1093 5086/5501/1093 5090/5532/1093
f 5076/5477/1094 5075/5502/1094 5090/5500/1094
f 5079/5506/1095 5086/5505/1095 5090/5533/1095
f 5078/5509/1096 5079/5506/1096 5090/5510/1096
f 4226/5534/131 4225/5535/131 5091/4613/131 5092/4490/131
f 4225/5535/131 4227/5536/131 5093/4560/131 5091/4613/131
f 4228/5537/131 4226/5534/131 5092/4490/131 5094/4489/131
f 4229/5538/131 4228/5537/131 5094/4489/131 5095/4494/131
f 4230/5539/131 4229/5538/131 5095/4494/131 5096/4497/131
f 4231/5540/131 4230/5539/131 5096/4497/131 5097/4500/131
f 4232/5541/131 4231/5540/131 5097/4500/131 5098/4503/131
f 4233/5542/131 4232/5541/131 5098/4503/131 5099/4506/131
f 4234/5543/131 4233/5542/131 5099/4506/131 5100/4509/131
f 4235/5544/131 4234/5543/131 5100/4509/131 5101/4512/131
f 4236/5545/131 4235/5544/131 5101/4512/131 5102/4515/131
f 4237/5546/131 4236/5545/131 5102/4515/131 5103/4518/131
f 4238/5547/131 4237/5546/131 5103/4518/131 5104/4521/131
f 4239/5548/131 4238/5547/131 5104/4521/131 5105/4524/131
f 4240/5549/131 4239/5548/131 5105/4524/131 5106/4527/131
f 4241/5550/131 4240/5549/131 5106/4527/131 5107/4530/131
f 4242/5551/131 4241/5550/131 5107/4530/131 5108/4533/131
f 4243/5552/131 4242/5551/131 5108/4533/131 5109/4536/131
f 4244/5553/131 4243/5552/131 5109/4536/131 5110/4539/131
f 4245/5554/131 4244/5553/131 5110/4539/131 5111/4542/131
f 4246/5555/131 4245/5554/131 5111/4542/131 5112/4545/131
f 4247/5556/131 4246/5555/131 5112/4545/131 5113/4548/131
f 4248/5557/131 4247/5556/131 5113/4548/131 5114/4551/131
f 4249/5558/131 4248/5557/131 5114/4551/131 5115/4554/131
f 4250/5559/131 4249/5558/131 5115/4554/131 5116/4556/131
f 4251/4485/131 4250/5559/131 5116/4556/131 5117/4559/131
f 4252/4486/131 4251/4485/131 5117/4559/131 5118/4562/131
f 4253/5560/131 4252/4486/131 5118/4562/131 5119/4564/131
f 4254/5561/131 4253/5560/131 5119/4564/131 5120/4566/131
f 4255/5562/131 4254/5561/131 5120/4566/131 5121/4568/131
f 4256/5563/131 4255/5562/131 5121/4568/131 5122/4570/131
f 4257/5564/131 4256/5563/131 5122/4570/131 5123/4572/131
f 4258/5565/131 4257/5564/131 5123/4572/131 5124/4574/131
f 4259/5566/131 4258/5565/131 5124/4574/131 5125/4576/131
f 4260/5567/131 4259/5566/131 5125/4576/131 5126/4578/131
f 4261/5568/131 4260/5567/131 5126/4578/131 5127/4580/131
f 4262/5569/131 4261/5568/131 5127/4580/131 5128/4582/131
f 4263/5570/131 4262/5569/131 5128/4582/131 5129/4584/131
f 4264/5571/131 4263/5570/131 5129/4584/131 5130/4586/131
f 4265/5572/131 4264/5571/131 5130/4586/131 5131/4588/131
f 4266/5573/131 4265/5572/131 5131/4588/131 5132/4590/131
f 4267/5574/131 4266/5573/131 5132/4590/131 5133/4592/131
f 4268/5575/131 4267/5574/131 5133/4592/131 5134/4594/131
f 4269/5576/131 4268/5575/131 5134/4594/131 5135/4596/131
f 4270/5577/131 4269/5576/131 5135/4596/131 5136/4598/131
f 4271/5578/131 4270/5577/131 5136/4598/131 5137/4600/131
f 4272/5579/131 4271/5578/131 5137/4600/131 5138/4602/131
f 4273/5580/131 4272/5579/131 5138/4602/131 5139/4604/131
f 4274/5581/131 4273/5580/131 5139/4604/131 5140/4606/131
f 4275/5582/131 4274/5581/131 5140/4606/131 5141/4608/131
f 4276/5583/131 4275/5582/131 5141/4608/131 5142/4610/131
f 4277/5584/131 4276/5583/131 5142/4610/131 5143/4612/131
f 4278/5585/131 4277/5584/131 5143/4612/131 5144/4359/131
f 4279/5586/131 4278/5585/131 5144/4359/131 5145/4358/131
f 4280/5587/131 4279/5586/131 5145/4358/131 5146/4493/131
f 4281/5588/131 4280/5587/131 5146/4493/131 5147/4496/131
f 4282/5589/131 4281/5588/131 5147/4496/131 5148/4499/131
f 4283/5590/131 4282/5589/131 5148/4499/131 5149/4502/131
f 4284/5591/131 4283/5590/131 5149/4502/131 5150/4505/131
f 4285/5592/131 4284/5591/131 5150/4505/131 5151/4508/131
f 4286/5593/131 4285/5592/131 5151/4508/131 5152/4511/131
f 4287/5594/131 4286/5593/131 5152/4511/131 5153/4514/131
f 4288/5595/131 4287/5594/131 5153/4514/131 5154/4517/131
f 4289/5596/131 4288/5595/131 5154/4517/131 5155/4520/131
f 4290/5597/131 4289/5596/131 5155/4520/131 5156/4523/131
f 4291/5598/131 4290/5597/131 5156/4523/131 5157/4526/131
f 4292/5599/131 4291/5598/131 5157/4526/131 5158/4529/131
f 4293/5600/131 4292/5599/131 5158/4529/131 5159/4532/131
f 4294/5601/131 4293/5600/131 5159/4532/131 5160/4535/131
f 4295/5602/131 4294/5601/131 5160/4535/131 5161/4538/131
f 4296/5603/131 4295/5602/131 5161/4538/131 5162/4541/131
f 4297/5604/131 4296/5603/131 5162/4541/131 5163/4544/131
f 4298/5605/131 4297/5604/131 5163/4544/131 5164/4547/131
f 4299/5606/131 4298/5605/131 5164/4547/131 5165/4550/131
f 4300/5607/131 4299/5606/131 5165/4550/131 5166/4553/131
f 4301/5608/131 4300/5607/131 5166/4553/131 5167/4555/131
f 4302/5609/131 4301/5608/131 5167/4555/131 5168/4558/131
f 4303/5610/131 4302/5609/131 5168/4558/131 5169/4561/131
f 4304/5611/131 4303/5610/131 5169/4561/131 5170/4563/131
f 4305/5612/131 4304/5611/131 5170/4563/131 5171/4565/131
f 4306/5613/131 4305/5612/131 5171/4565/131 5172/4567/131
f 4307/5614/131 4306/5613/131 5172/4567/131 5173/4569/131
f 4308/5615/131 4307/5614/131 5173/4569/131 5174/4571/131
f 4309/5616/131 4308/5615/131 5174/4571/131 5175/4573/131
f 4310/5617/131 4309/5616/131 5175/4573/131 5176/4575/131
f 4311/5618/131 4310/5617/131 5176/4575/131 5177/4577/131
f 4312/5619/131 4311/5618/131 5177/4577/131 5178/4579/131
f 4313/5620/131 4312/5619/131 5178/4579/131 5179/4581/131
f 4314/5621/131 4313/5620/131 5179/4581/131 5180/4583/131
f 4315/5622/131 4314/5621/131 5180/4583/131 5181/4585/131
f 4316/5623/131 4315/5622/131 5181/4585/131 5182/4587/131
f 4317/5624/131 4316/5623/131 5182/4587/131 5183/4589/131
f 4318/5625/131 4317/5624/131 5183/4589/131 5184/4591/131
f 4319/5626/131 4318/5625/131 5184/4591/131 5185/4593/131
f 4320/5627/131 4319/5626/131 5185/4593/131 5186/4595/131
f 4321/5628/131 4320/5627/131 5186/4595/131 5187/4597/131
f 4322/5629/131 4321/5628/131 5187/4597/131 5188/4599/131
f 4323/5630/131 4322/5629/131 5188/4599/131 5189/4601/131
f 4324/5631/131 4323/5630/131 5189/4601/131 5190/4603/131
f 4325/5632/131 4324/5631/131 5190/4603/131 5191/4605/131
f 4326/5633/131 4325/5632/131 5191/4605/131 5192/4607/131
f 4327/5634/131 4326/5633/131 5192/4607/131 5193/4609/131
f 4328/5635/131 4327/5634/131 5193/4609/131 5194/4611/131
f 4329/5636/131 4328/5635/131 5194/4611/131 5195/4614/131
f 4330/5637/131 4329/5636/131 5195/4614/131 5196/4492/131
f 4331/5638/131 4330/5637/131 5196/4492/131 5197/4491/131
f 4332/5639/131 4331/5638/131 5197/4491/131 5198/4495/131
f 4333/5640/131 4332/5639/131 5198/4495/131 5199/4498/131
f 4334/5641/131 4333/5640/131 5199/4498/131 5200/4501/131
f 4335/5642/131 4334/5641/131 5200/4501/131 5201/4504/131
f 4336/5643/131 4335/5642/131 5201/4504/131 5202/4507/131
f 4337/5644/131 4336/5643/131 5202/4507/131 5203/4510/131
f 4338/5645/131 4337/5644/131 5203/4510/131 5204/4513/131
f 4339/5646/131 4338/5645/131 5204/4513/131 5205/4516/131
f 4340/5647/131 4339/5646/131 5205/4516/131 5206/4519/131
f 4341/5648/131 4340/5647/131 5206/4519/131 5207/4522/131
f 4342/5649/131 4341/5648/131 5207/4522/131 5208/4525/131
f 4343/5650/131 4342/5649/131 5208/4525/131 5209/4528/131
f 4344/5651/131 4343/5650/131 5209/4528/131 5210/4531/131
f 4345/5652/131 4344/5651/131 5210/4531/131 5211/4534/131
f 4346/5653/131 4345/5652/131 5211/4534/131 5212/4537/131
f 4347/5654/131 4346/5653/131 5212/4537/131 5213/4540/131
f 4348/5655/131 4347/5654/131 5213/4540/131 5214/4543/131
f 4349/5656/131 4348/5655/131 5214/4543/131 5215/4546/131
f 4350/5657/131 4349/5656/131 5215/4546/131 5216/4549/131
f 4351/5658/131 4350/5657/131 5216/4549/131 5217/4552/131
f 4352/5659/131 4351/5658/131 5217/4552/131 5218/4557/131
f 4227/5536/131 4352/5659/131 5218/4557/131 5093/4560/131
f 5219/5660/131 5220/5661/131 5222/5662/131 5223/5663/131 5224/5664/131 5225/5665/131 5226/5666/131 5227/5667/131 5228/5668/131 5229/5669/131 5230/5670/131 5231/5671/131 5232/5672/131 5233/5673/131 5234/5674/131 5235/5675/131 5236/5676/131 5237/5677/131 5238/5678/131 5239/5679/131 5240/5680/131 5241/5681/131 5242/5682/131 5243/5683/131 5244/5684/131 5245/4488/131 5246/4487/131 5247/5685/131 5248/5686/131 5249/5687/131 5250/5688/131 5251/5689/131 5252/5690/131 5253/5691/131 5254/5692/131 5255/5693/131 5256/5694/131 5257/5695/131 5258/5696/131 5259/5697/131 5260/5698/131 5261/5699/131 5262/5700/131 5263/5701/131 5264/5702/131 5265/5703/131 5266/5704/131 5267/5705/131 5268/5706/131 5269/5707/131 5270/5708/131 5271/5709/131 5272/5710/131 5273/5711/131 5274/5712/131 5275/5713/131 5276/5714/131 5277/5715/131 5278/5716/131 5279/5717/131 5280/5718/131 5281/5719/131 5282/5720/131 5283/5721/131 5284/5722/131 5285/5723/131 5286/5724/131 5287/5725/131 5288/5726/131 5289/5727/131 5290/5728/131 5291/5729/131 5292/5730/131 5293/5731/131 5294/5732/131 5295/5733/131 5296/5734/131 5297/5735/131 5298/5736/131 5299/5737/131 5300/5738/131 5301/5739/131 5302/5740/131 5303/5741/131 5304/5742/131 5305/5743/131 5306/5744/131 5307/5745/131 5308/5746/131 5309/5747/131 5310/5748/131 5311/5749/131 5312/5750/131 5313/5751/131 5314/5752/131 5315/5753/131 5316/5754/131 5317/5755/131 5318/5756/131 5319/5757/131 5320/5758/131 5321/5759/131 5322/5760/131 5323/5761/131 5324/5762/131 5325/5763/131 5326/5764/131 5327/5765/131 5328/5766/131 5329/5767/131 5330/5768/131 5331/5769/131 5332/5770/131 5333/5771/131 5334/5772/131 5335/5773/131 5336/5774/131 5337/5775/131 5338/5776/131 5339/5777/131 5340/5778/131 5341/5779/131 5342/5780/131 5343/5781/131 5344/5782/131 5345/5783/131 5346/5784/131 5221/5785/131
f 4303/5610/52 4304/5611/52 5298/5736/52 5297/5735/52
f 4252/4486/103 4253/5560/103 5247/5685/103 5246/4487/103
f 4304/5611/51 4305/5612/51 5299/5737/51 5298/5736/51
f 4253/5560/102 4254/5561/102 5248/5686/102 5247/5685/102
f 4305/5612/50 4306/5613/50 5300/5738/50 5299/5737/50
f 4254/5561/101 4255/5562/101 5249/5687/101 5248/5686/101
f 4306/5613/49 4307/5614/49 5301/5739/49 5300/5738/49
f 4255/5562/100 4256/5563/100 5250/5688/100 5249/5687/100
f 4307/5614/48 4308/5615/48 5302/5740/48 5301/5739/48
f 4256/5563/99 4257/5564/99 5251/5689/99 5250/5688/99
f 4308/5615/47 4309/5616/47 5303/5741/47 5302/5740/47
f 4257/5564/98 4258/5565/98 5252/5690/98 5251/5689/98
f 4309/5616/46 4310/5617/46 5304/5742/46 5303/5741/46
f 4258/5565/97 4259/5566/97 5253/5691/97 5252/5690/97
f 4310/5617/45 4311/5618/45 5305/5743/45 5304/5742/45
f 4259/5566/96 4260/5567/96 5254/5692/96 5253/5691/96
f 4311/5618/44 4312/5619/44 5306/5744/44 5305/5743/44
f 4260/5567/95 4261/5568/95 5255/5693/95 5254/5692/95
f 4312/5619/43 4313/5620/43 5307/5745/43 5306/5744/43
f 4261/5568/94 4262/5569/94 5256/5694/94 5255/5693/94
f 4313/5620/42 4314/5621/42 5308/5746/42 5307/5745/42
f 4262/5569/93 4263/5570/93 5257/5695/93 5256/5694/93
f 4314/5621/41 4315/5622/41 5309/5747/41 5308/5746/41
f 4263/5570/92 4264/5571/92 5258/5696/92 5257/5695/92
f 4315/5622/40 4316/5623/40 5310/5748/40 5309/5747/40
f 4264/5571/91 4265/5572/91 5259/5697/91 5258/5696/91
f 4316/5623/39 4317/5624/39 5311/5749/39 5310/5748/39
f 4265/5572/90 4266/5573/90 5260/5698/90 5259/5697/90
f 4317/5624/38 4318/5625/38 5312/5750/38 5311/5749/38
f 4266/5573/89 4267/5574/89 5261/5699/89 5260/5698/89
f 4318/5625/37 4319/5626/37 5313/5751/37 5312/5750/37
f 4267/5574/88 4268/5575/88 5262/5700/88 5261/5699/88
f 4319/5626/36 4320/5627/36 5314/5752/36 5313/5751/36
f 4268/5575/87 4269/5576/87 5263/5701/87 5262/5700/87
f 4320/5627/35 4321/5628/35 5315/5753/35 5314/5752/35
f 4269/5576/86 4270/5577/86 5264/5702/86 5263/5701/86
f 4321/5628/34 4322/5629/34 5316/5754/34 5315/5753/34
f 4270/5577/85 4271/5578/85 5265/5703/85 5264/5702/85
f 4322/5629/33 4323/5630/33 5317/5755/33 5316/5754/33
f 4271/5578/84 4272/5579/84 5266/5704/84 5265/5703/84
f 4323/5630/32 4324/5631/32 5318/5756/32 5317/5755/32
f 4272/5579/83 4273/5580/83 5267/5705/83 5266/5704/83
f 4324/5631/31 4325/5632/31 5319/5757/31 5318/5756/31
f 4273/5580/82 4274/5581/82 5268/5706/82 5267/5705/82
f 4325/5632/30 4326/5633/30 5320/5758/30 5319/5757/30
f 4274/5581/81 4275/5582/81 5269/5707/81 5268/5706/81
f 4326/5633/29 4327/5634/29 5321/5759/29 5320/5758/29
f 4275/5582/80 4276/5583/80 5270/5708/80 5269/5707/80
f 4327/5634/28 4328/5635/28 5322/5760/28 5321/5759/28
f 4276/5583/79 4277/5584/79 5271/5709/79 5270/5708/79
f 4225/5535/1 4226/5534/1 5220/5661/1 5219/5660/1
f 4328/5635/27 4329/5636/27 5323/5761/27 5322/5760/27
f 4277/5584/78 4278/5585/78 5272/5710/78 5271/5709/78
f 4227/5536/2 4225/5535/2 5219/5660/2 5221/5785/2
f 4329/5636/26 4330/5637/26 5324/5762/26 5323/5761/26
f 4278/5585/77 4279/5586/77 5273/5711/77 5272/5710/77
f 4226/5534/129 4228/5537/129 5222/5662/129 5220/5661/129
f 4330/5637/25 4331/5638/25 5325/5763/25 5324/5762/25
f 4279/5586/76 4280/5587/76 5274/5712/76 5273/5711/76
f 4228/5537/128 4229/5538/128 5223/5663/128 5222/5662/128
f 4331/5638/24 4332/5639/24 5326/5764/24 5325/5763/24
f 4280/5587/75 4281/5588/75 5275/5713/75 5274/5712/75
f 4229/5538/126 4230/5539/126 5224/5664/126 5223/5663/126
f 4332/5639/23 4333/5640/23 5327/5765/23 5326/5764/23
f 4281/5588/74 4282/5589/74 5276/5714/74 5275/5713/74
f 4230/5539/125 4231/5540/125 5225/5665/125 5224/5664/125
f 4333/5640/22 4334/5641/22 5328/5766/22 5327/5765/22
f 4282/5589/73 4283/5590/73 5277/5715/73 5276/5714/73
f 4231/5540/124 4232/5541/124 5226/5666/124 5225/5665/124
f 4334/5641/21 4335/5642/21 5329/5767/21 5328/5766/21
f 4283/5590/72 4284/5591/72 5278/5716/72 5277/5715/72
f 4232/5541/123 4233/5542/123 5227/5667/123 5226/5666/123
f 4335/5642/20 4336/5643/20 5330/5768/20 5329/5767/20
f 4284/5591/71 4285/5592/71 5279/5717/71 5278/5716/71
f 4233/5542/122 4234/5543/122 5228/5668/122 5227/5667/122
f 4336/5643/19 4337/5644/19 5331/5769/19 5330/5768/19
f 4285/5592/70 4286/5593/70 5280/5718/70 5279/5717/70
f 4234/5543/121 4235/5544/121 5229/5669/121 5228/5668/121
f 4337/5644/18 4338/5645/18 5332/5770/18 5331/5769/18
f 4286/5593/69 4287/5594/69 5281/5719/69 5280/5718/69
f 4235/5544/120 4236/5545/120 5230/5670/120 5229/5669/120
f 4338/5645/17 4339/5646/17 5333/5771/17 5332/5770/17
f 4287/5594/68 4288/5595/68 5282/5720/68 5281/5719/68
f 4236/5545/119 4237/5546/119 5231/5671/119 5230/5670/119
f 4339/5646/16 4340/5647/16 5334/5772/16 5333/5771/16
f 4288/5595/67 4289/5596/67 5283/5721/67 5282/5720/67
f 4237/5546/118 4238/5547/118 5232/5672/118 5231/5671/118
f 4340/5647/15 4341/5648/15 5335/5773/15 5334/5772/15
f 4289/5596/66 4290/5597/66 5284/5722/66 5283/5721/66
f 4238/5547/117 4239/5548/117 5233/5673/117 5232/5672/117
f 4341/5648/14 4342/5649/14 5336/5774/14 5335/5773/14
f 4290/5597/65 4291/5598/65 5285/5723/65 5284/5722/65
f 4239/5548/116 4240/5549/116 5234/5674/116 5233/5673/116
f 4342/5649/13 4343/5650/13 5337/5775/13 5336/5774/13
f 4291/5598/64 4292/5599/64 5286/5724/64 5285/5723/64
f 4240/5549/115 4241/5550/115 5235/5675/115 5234/5674/115
f 4343/5650/12 4344/5651/12 5338/5776/12 5337/5775/12
f 4292/5599/63 4293/5600/63 5287/5725/63 5286/5724/63
f 4241/5550/114 4242/5551/114 5236/5676/114 5235/5675/114
f 4344/5651/11 4345/5652/11 5339/5777/11 5338/5776/11
f 4293/5600/62 4294/5601/62 5288/5726/62 5287/5725/62
f 4242/5551/113 4243/5552/113 5237/5677/113 5236/5676/113
f 4345/5652/10 4346/5653/10 5340/5778/10 5339/5777/10
f 4294/5601/61 4295/5602/61 5289/5727/61 5288/5726/61
f 4243/5552/112 4244/5553/112 5238/5678/112 5237/5677/112
f 4346/5653/9 4347/5654/9 5341/5779/9 5340/5778/9
f 4295/5602/60 4296/5603/60 5290/5728/60 5289/5727/60
f 4244/5553/111 4245/5554/111 5239/5679/111 5238/5678/111
f 4347/5654/8 4348/5655/8 5342/5780/8 5341/5779/8
f 4296/5603/59 4297/5604/59 5291/5729/59 5290/5728/59
f 4245/5554/110 4246/5555/110 5240/5680/110 5239/5679/110
f 4348/5655/7 4349/5656/7 5343/5781/7 5342/5780/7
f 4297/5604/58 4298/5605/58 5292/5730/58 5291/5729/58
f 4246/5555/109 4247/5556/109 5241/5681/109 5240/5680/109
f 4349/5656/6 4350/5657/6 5344/5782/6 5343/5781/6
f 4298/5605/57 4299/5606/57 5293/5731/57 5292/5730/57
f 4247/5556/108 4248/5557/108 5242/5682/108 5241/5681/108
f 4350/5657/5 4351/5658/5 5345/5783/5 5344/5782/5
f 4299/5606/56 4300/5607/56 5294/5732/56 5293/5731/56
f 4248/5557/107 4249/5558/107 5243/5683/107 5242/5682/107
f 4351/5658/4 4352/5659/4 5346/5784/4 5345/5783/4
f 4300/5607/55 4301/5608/55 5295/5733/55 5294/5732/55
f 4249/5558/106 4250/5559/106 5244/5684/106 5243/5683/106
f 4352/5659/3 4227/5536/3 5221/5785/3 5346/5784/3
f 4301/5608/54 4302/5609/54 5296/5734/54 5295/5733/54
f 4250/5559/105 4251/4485/105 5245/4488/105 5244/5684/105
f 4302/5609/53 4303/5610/53 5297/5735/53 5296/5734/53
f 5352/5786/1097 5366/5787/1097 5362/5788/1097
f 5352/5789/1098 5355/5790/1098 5364/5791/1098 5366/5792/1098
f 5348/5793/1099 5357/5794/1099 5363/5795/1099
f 5355/5796/1100 5348/5797/1100 5363/5798/1100 5364/5799/1100
f 5348/5800/1101 5351/5801/1101 5359/5802/1101 5357/5803/1101
f 5351/5804/1102 5352/5805/1102 5362/5806/1102 5359/5807/1102
f 4397/4690/1103 4391/4689/1103 5354/5808/1103 5356/5809/1103
f 5358/5810/1104 4365/4670/1104 4367/4676/1104
f 4391/4689/1105 4385/4687/1105 5347/5811/1105 5354/5812/1105
f 4373/4680/1106 4381/4693/1106 5350/5813/1106 5349/5814/1106
f 4381/4684/1107 4403/4691/1107 5353/5815/1107 5350/5816/1107
f 4385/4687/1108 4373/4680/1108 5349/5817/1108 5348/5818/1108 5347/5819/1108
f 5355/5790/1109 5352/5789/1109 5356/5809/1109 5354/5808/1109
f 5348/5797/1110 5355/5796/1110 5354/5812/1110 5347/5811/1110
f 5351/5801/1111 5348/5800/1111 5349/5814/1111 5350/5813/1111
f 5352/5805/1112 5351/5804/1112 5350/5816/1112 5353/5815/1112
f 5361/5820/1113 5362/5788/1113 5366/5787/1113
f 5365/4672/1114 5361/4671/1114 5366/5792/1114 5364/5791/1114
f 5358/4675/1115 5365/4674/1115 5364/5799/1115 5363/5798/1115
f 5358/5821/1116 5363/5795/1116 5357/5794/1116
f 5360/4668/1117 5358/4667/1117 5357/5803/1117 5359/5802/1117
f 5361/4666/1118 5360/4665/1118 5359/5807/1118 5362/5806/1118
f 5352/5822/1119 5353/5823/1119 4403/4691/1119 4397/4690/1119 5356/5824/1119
f 5367/5825/923 5380/5826/923 5379/5827/923
f 5368/5828/924 5380/5829/924 5382/5830/924
f 5367/5831/925 5379/5832/925 5384/5833/925
f 5367/5834/926 5384/5835/926 5386/5836/926
f 5367/5837/927 5386/5838/927 5383/5839/927
f 5368/5828/928 5382/5830/928 5389/5840/928
f 5369/5841/929 5381/5842/929 5391/5843/929
f 5370/5844/930 5385/5845/930 5393/5846/930
f 5371/5847/931 5387/5848/931 5395/5849/931
f 5372/5850/932 5388/5851/932 5397/5852/932
f 5368/5828/933 5389/5840/933 5392/5853/933
f 5369/5841/934 5391/5843/934 5394/5854/934
f 5370/5844/935 5393/5846/935 5396/5855/935
f 5371/5847/936 5395/5849/936 5398/5856/936
f 5372/5850/937 5397/5852/937 5390/5857/937
f 5373/5858/938 5399/5859/938 5404/5860/938
f 5374/5861/939 5400/5862/939 5406/5863/939
f 5375/5864/940 5401/5865/940 5407/5866/940
f 5376/5867/941 5402/5868/941 5408/5869/941
f 5377/5870/942 5403/5871/942 5405/5872/942
f 5405/5872/943 5408/5873/943 5378/5874/943
f 5405/5872/944 5403/5871/944 5408/5873/944
f 5403/5871/945 5376/5867/945 5408/5873/945
f 5408/5869/946 5407/5875/946 5378/5876/946
f 5408/5869/947 5402/5868/947 5407/5875/947
f 5402/5868/948 5375/5864/948 5407/5875/948
f 5407/5866/949 5406/5877/949 5378/5878/949
f 5407/5866/950 5401/5865/950 5406/5877/950
f 5401/5865/951 5374/5879/951 5406/5877/951
f 5406/5863/952 5404/5880/952 5378/5881/952
f 5406/5863/953 5400/5862/953 5404/5880/953
f 5400/5862/954 5373/5858/954 5404/5880/954
f 5404/5860/955 5405/5882/955 5378/5883/955
f 5404/5860/956 5399/5859/956 5405/5882/956
f 5399/5859/957 5377/5870/957 5405/5882/957
f 5390/5857/958 5403/5871/958 5377/5870/958
f 5390/5857/959 5397/5852/959 5403/5871/959
f 5397/5852/960 5376/5867/960 5403/5871/960
f 5398/5856/961 5402/5868/961 5376/5867/961
f 5398/5856/962 5395/5849/962 5402/5868/962
f 5395/5849/963 5375/5864/963 5402/5868/963
f 5396/5855/964 5401/5865/964 5375/5864/964
f 5396/5855/965 5393/5846/965 5401/5865/965
f 5393/5846/966 5374/5879/966 5401/5865/966
f 5394/5854/967 5400/5862/967 5374/5861/967
f 5394/5854/968 5391/5843/968 5400/5862/968
f 5391/5843/969 5373/5858/969 5400/5862/969
f 5392/5853/970 5399/5859/970 5373/5858/970
f 5392/5853/971 5389/5840/971 5399/5859/971
f 5389/5840/972 5377/5870/972 5399/5859/972
f 5397/5852/973 5398/5856/973 5376/5867/973
f 5397/5852/974 5388/5851/974 5398/5856/974
f 5388/5851/975 5371/5847/975 5398/5856/975
f 5395/5849/976 5396/5855/976 5375/5864/976
f 5395/5849/977 5387/5848/977 5396/5855/977
f 5387/5848/978 5370/5844/978 5396/5855/978
f 5393/5846/979 5394/5884/979 5374/5879/979
f 5393/5846/1120 5385/5845/1120 5394/5884/1120
f 5385/5845/981 5369/5885/981 5394/5884/981
f 5391/5843/982 5392/5853/982 5373/5858/982
f 5391/5843/983 5381/5842/983 5392/5853/983
f 5381/5842/984 5368/5828/984 5392/5853/984
f 5389/5840/985 5390/5857/985 5377/5870/985
f 5389/5840/986 5382/5830/986 5390/5857/986
f 5382/5830/987 5372/5850/987 5390/5857/987
f 5383/5839/988 5388/5851/988 5372/5850/988
f 5383/5839/1121 5386/5838/1121 5388/5851/1121
f 5386/5838/990 5371/5847/990 5388/5851/990
f 5386/5836/991 5387/5848/991 5371/5847/991
f 5386/5836/992 5384/5835/992 5387/5848/992
f 5384/5835/993 5370/5844/993 5387/5848/993
f 5384/5833/994 5385/5845/994 5370/5844/994
f 5384/5833/995 5379/5832/995 5385/5845/995
f 5379/5832/996 5369/5885/996 5385/5845/996
f 5382/5830/997 5383/5886/997 5372/5850/997
f 5382/5830/998 5380/5829/998 5383/5886/998
f 5380/5829/999 5367/5887/999 5383/5886/999
f 5379/5827/1000 5381/5842/1000 5369/5841/1000
f 5379/5827/1001 5380/5826/1001 5381/5842/1001
f 5380/5826/1002 5368/5828/1002 5381/5842/1002
f 4369/4660/1122 4368/4673/1122 5409/5888/1122
f 4367/4676/1123 4365/4670/1123 5409/5889/1123
f 4370/4649/1124 4369/4660/1124 5409/5890/1124
f 4368/4673/1125 4367/4676/1125 5409/5891/1125
f 4365/4670/1126 4366/4669/1126 5409/5892/1126
